Covariants	Count	Max_count	Freq	Coverage_start	Coverage_end
(21608,'TCATGCCGCTGT')(S:INS17SCRC) C21618T(S:T19I) C21622T(S:T20T) G21624C(S:R21T) C21627A(S:T22N) (21632,9)(S:DEL25/27) T21653C(S:S31P)	6507	9108	0.7144268774703557	21592	21672
(24541,1)(S:DEL994)	2123	2173	0.9769903359410953	24538	24571
C21618T(S:T19I) C21622T(S:T20T) G21624C(S:R21T) C21627A(S:T22N) (21632,9)(S:DEL25/27) T21653C(S:S31P)	1894	9108	0.20794905577514272	21573	21672
(21608,'TCATGCCGCTGT')(S:INS17SCRC) C21618T(S:T19I) C21622T(S:T20T) G21624C(S:R21T) (21632,9)(S:DEL25/27) T21653C(S:S31P)	145	9108	0.015920070267896356	21568	21672
T21610C(S:V16V)	79	9190	0.008596300326441784	21509	21610
C21618T(S:T19I) C21622T(S:T20T) G21624C(S:R21T) (21632,9)(S:DEL25/27) T21653C(S:S31P)	70	9108	0.007685551163812033	21583	21673
C21618T(S:T19I) C21622T(S:T20T) G21624C(S:R21T) C21627A(S:T22N) (21632,9)(S:DEL25/27)	58	9108	0.006368028107158542	21570	21674
(21608,'TCATGCCGCTGT')(S:INS17SCRC) C21622T(S:T20T) G21624C(S:R21T) C21627A(S:T22N) (21632,9)(S:DEL25/27) T21653C(S:S31P)	55	9108	0.006038647342995169	21569	21674
C21622T(S:T20T) G21624C(S:R21T) C21627A(S:T22N) (21632,9)(S:DEL25/27) T21653C(S:S31P)	55	9108	0.006038647342995169	21570	21674
C21618T(S:T19I) C21622T(S:T20T) C21627A(S:T22N) (21632,9)(S:DEL25/27) T21653C(S:S31P)	49	9108	0.005379885814668423	21569	21672
(21608,'TCATGCCGCTGT')(S:INS17SCRC) C21618T(S:T19I) C21622T(S:T20T) G21624C(S:R21T) C21627A(S:T22N) (21632,9)(S:DEL25/27)	43	9108	0.004721124286341678	21569	21674
C21618T(S:T19I) G21624C(S:R21T) C21627A(S:T22N) (21632,9)(S:DEL25/27) T21653C(S:S31P)	18	9108	0.001976284584980237	21570	21674
G24542T(S:D994Y)	14	2179	0.006424965580541533	24541	24691
(21608,'TCATGCCGCTGT')(S:INS17SCRC) C21618T(S:T19I) C21622T(S:T20T) C21627A(S:T22N) (21632,9)(S:DEL25/27) T21653C(S:S31P)	11	9108	0.0012077294685990338	21566	21674
A21603G(S:Q14R) (21608,'TCATGCCGCTGT')(S:INS17SCRC) C21618T(S:T19I) C21622T(S:T20T) G21624C(S:R21T) C21627A(S:T22N) (21632,9)(S:DEL25/27) T21653C(S:S31P)	11	9108	0.0012077294685990338	21571	21674
