Covariants	Count	Max_count	Freq	Coverage_start	Coverage_end
G23222A(S:E554K)	4940	10103	0.48896367415619124	23221	23222
G23222A(S:E554K) C23271T(S:A570V)	4851	5782	0.8389830508474576	23221	23271
A23403G(S:D614G) C23423T(S:P621S)	3201	3405	0.9400881057268723	23349	23423
C23271T(S:A570V)	974	8455	0.11519810762862212	23270	23271
A23403G(S:D614G)	894	5007	0.17855002995805871	23348	23403
C23271T(S:A570V) A23403G(S:D614G)	725	1337	0.5422587883320867	23270	23403
A22556G(S:I332V) G22577C(S:G339H) G22578A(S:G339H) G22599C(S:R346T) A22629C(S:K356T)	116	193	0.6010362694300518	22555	22629
G22770A(S:R403K) G22775A(S:D405N) A22786C(S:R408S) G22813T(S:K417N)	74	132	0.5606060606060606	22736	22814
C23423T(S:P621S)	61	3405	0.017914831130690163	23348	23423
A22629C(S:K356T) C22674T(S:S371F) T22679C(S:S373P) C22686T(S:S375F) A22688G(S:T376A)	55	179	0.30726256983240224	22625	22740
A22556G(S:I332V) G22577C(S:G339H) G22578A(S:G339H) G22599C(S:R346T)	55	254	0.21653543307086615	22512	22604
C22674T(S:S371F) T22679C(S:S373P) C22686T(S:S375F) A22688G(S:T376A) G22770A(S:R403K) G22775A(S:D405N) A22786C(S:R408S)	44	75	0.5866666666666667	22660	22786
G22599C(S:R346T) A22629C(S:K356T) C22674T(S:S371F) T22679C(S:S373P) C22686T(S:S375F) A22688G(S:T376A)	40	111	0.36036036036036034	22598	22706
G22577C(S:G339H) G22578A(S:G339H) G22599C(S:R346T) A22629C(S:K356T) C22674T(S:S371F) T22679C(S:S373P) C22686T(S:S375F) A22688G(S:T376A)	35	65	0.5384615384615384	22570	22704
C22674T(S:S371F) T22679C(S:S373P) C22686T(S:S375F) A22688G(S:T376A) G22770A(S:R403K) G22775A(S:D405N) A22786C(S:R408S) G22813T(S:K417N)	24	28	0.8571428571428571	22669	22813
C22674T(S:S371F) T22679C(S:S373P) C22686T(S:S375F) A22688G(S:T376A) G22770A(S:R403K) G22775A(S:D405N)	22	107	0.205607476635514	22665	22779
A22556G(S:I332V) G22577C(S:G339H) G22578A(S:G339H) G22599C(S:R346T) A22629C(S:K356T) C22674T(S:S371F) T22679C(S:S373P) C22686T(S:S375F) A22688G(S:T376A)	22	37	0.5945945945945946	22555	22694
A22556G(S:I332V) G22577C(S:G339H) G22578A(S:G339H) G22599C(S:R346T) A22629C(S:K356T) C22674T(S:S371F)	14	66	0.21212121212121213	22555	22674
A22556G(S:I332V) G22577C(S:G339H) G22578A(S:G339H) G22599C(S:R346T) A22629C(S:K356T) C22674T(S:S371F) T22679C(S:S373P)	12	51	0.23529411764705882	22553	22682
G22770A(S:R403K) G22775A(S:D405N) A22786C(S:R408S)	10	186	0.053763440860215055	22703	22797
