Covariants	Count	Max_count	Freq	Coverage_start	Coverage_end
G23222A(S:E554K)	222	404	0.5495049504950495	23221	23222
G23222A(S:E554K) C23271T(S:A570V)	168	212	0.7924528301886793	23220	23271
A23403G(S:D614G) C23423T(S:P621S)	105	118	0.8898305084745762	23348	23425
A23403G(S:D614G)	35	186	0.1881720430107527	23343	23403
A22556G(S:I332V) G22577C(S:G339H) G22578A(S:G339H) G22599C(S:R346T) A22629C(S:K356T)	34	63	0.5396825396825397	22522	22632
C23271T(S:A570V) A23403G(S:D614G)	34	56	0.6071428571428571	23270	23403
G22770A(S:R403K) G22775A(S:D405N) A22786C(S:R408S) G22813T(S:K417N)	31	49	0.6326530612244898	22736	22834
C23271T(S:A570V)	30	310	0.0967741935483871	23267	23357
A22556G(S:I332V) G22577C(S:G339H) G22578A(S:G339H) G22599C(S:R346T)	25	91	0.27472527472527475	22519	22607
G22599C(S:R346T) A22629C(S:K356T) C22674T(S:S371F) T22679C(S:S373P) C22686T(S:S375F) A22688G(S:T376A)	21	53	0.39622641509433965	22598	22708
A22629C(S:K356T) C22674T(S:S371F) T22679C(S:S373P) C22686T(S:S375F) A22688G(S:T376A)	18	77	0.23376623376623376	22625	22706
C22674T(S:S371F) T22679C(S:S373P) C22686T(S:S375F) A22688G(S:T376A) G22770A(S:R403K) G22775A(S:D405N) A22786C(S:R408S)	17	25	0.68	22664	22788
G22577C(S:G339H) G22578A(S:G339H) G22599C(S:R346T) A22629C(S:K356T) C22674T(S:S371F) T22679C(S:S373P) C22686T(S:S375F) A22688G(S:T376A)	15	27	0.5555555555555556	22566	22706
