,Other,Recombinants,Delta,BA.1.X,BA.2.X,BA.2.12.X,BA.4.X,BA.5.X,XBB.X,XBB.1.5.X,BA.2.86.X,JN.1.X,KP.1.X,KP.3.X,LB.1.3.X,LB.1.3.4.X,XEC.X,LP.8.1.X,XFG.X,NB.1.8.1.X,BA.3.2.X
2021-12-06,0.002577199230769263,0.002859972307692309,0.0769123476923077,0.9176407284615385,1.815384615384616e-07,0.0,0.0,5.47076923076923e-06,3.10923076923077e-06,2.7230769230769237e-07,0.0,4.153846153846154e-07,0.0,2.761538461538462e-07,0.0,0.0,2.6923076923076925e-08,0.0,0.0,0.0,0.0
2021-12-07,0.0024042571428571848,0.0026556885714285722,0.07141860857142858,0.9235123900000001,1.6857142857142862e-07,0.0,0.0,5.08e-06,2.887142857142858e-06,2.528571428571429e-07,0.0,3.857142857142857e-07,0.0,2.5642857142857144e-07,0.0,0.0,2.5000000000000002e-08,0.0,0.0,0.0,0.0
2021-12-08,0.002002341176470604,0.002203457647058824,0.058815324705882355,0.9369695411764706,1.3882352941176472e-07,0.0,0.0,4.183529411764705e-06,2.3776470588235296e-06,2.0858823529411766e-06,0.0,3.176470588235294e-07,0.0,2.111764705882353e-07,0.0,0.0,2.0588235294117647e-08,0.0,0.0,0.0,0.0
2021-12-09,0.002002341176470604,0.002203457647058824,0.058815324705882355,0.9369695411764706,1.3882352941176472e-07,0.0,0.0,4.183529411764705e-06,2.3776470588235296e-06,2.085882352941176e-06,0.0,3.176470588235294e-07,0.0,2.111764705882353e-07,0.0,0.0,2.0588235294117647e-08,0.0,0.0,0.0,0.0
2021-12-10,0.002002341176470604,0.002203457647058824,0.058815324705882355,0.9369695411764706,1.3882352941176472e-07,0.0,0.0,4.183529411764705e-06,2.3776470588235296e-06,2.085882352941176e-06,0.0,3.176470588235294e-07,0.0,2.111764705882353e-07,0.0,0.0,2.0588235294117647e-08,0.0,0.0,0.0,0.0
2021-12-11,0.002002341176470604,0.002203457647058824,0.058815324705882355,0.9369695411764706,1.3882352941176472e-07,0.0,0.0,4.183529411764705e-06,2.3776470588235296e-06,2.085882352941176e-06,0.0,3.176470588235294e-07,0.0,2.111764705882353e-07,0.0,0.0,2.0588235294117647e-08,0.0,0.0,0.0,0.0
2021-12-12,0.002002341176470604,0.002203457647058824,0.058815324705882355,0.9369695411764706,1.3882352941176472e-07,0.0,0.0,4.183529411764705e-06,2.3776470588235296e-06,2.085882352941176e-06,0.0,3.176470588235294e-07,0.0,2.111764705882353e-07,0.0,0.0,2.0588235294117647e-08,0.0,0.0,0.0,0.0
2021-12-13,0.002002341176470604,0.002203457647058824,0.058815324705882355,0.9369695411764706,1.3882352941176472e-07,0.0,0.0,4.183529411764705e-06,2.3776470588235296e-06,2.085882352941176e-06,0.0,3.176470588235294e-07,0.0,2.111764705882353e-07,0.0,0.0,2.0588235294117647e-08,0.0,0.0,0.0,0.0
2021-12-14,0.002002341176470604,0.002203457647058824,0.058815324705882355,0.9369695411764706,1.3882352941176472e-07,0.0,0.0,4.183529411764705e-06,2.3776470588235296e-06,2.085882352941176e-06,0.0,3.176470588235294e-07,0.0,2.111764705882353e-07,0.0,0.0,2.0588235294117647e-08,0.0,0.0,0.0,0.0
2021-12-15,0.002002341176470604,0.002203457647058824,0.058815324705882355,0.9369695411764706,1.3882352941176472e-07,0.0,0.0,4.183529411764705e-06,2.3776470588235296e-06,2.085882352941176e-06,0.0,3.176470588235294e-07,0.0,2.111764705882353e-07,0.0,0.0,2.0588235294117647e-08,0.0,0.0,0.0,0.0
2021-12-16,0.002002341176470604,0.002203457647058824,0.058815324705882355,0.9369695411764706,1.3882352941176472e-07,0.0,0.0,4.183529411764705e-06,2.3776470588235296e-06,2.085882352941176e-06,0.0,3.176470588235294e-07,0.0,2.111764705882353e-07,0.0,0.0,2.0588235294117647e-08,0.0,0.0,0.0,0.0
2021-12-17,0.002002341176470604,0.002203457647058824,0.058815324705882355,0.9369695411764706,1.3882352941176472e-07,0.0,0.0,4.183529411764705e-06,2.3776470588235296e-06,2.085882352941176e-06,0.0,3.176470588235294e-07,0.0,2.111764705882353e-07,0.0,0.0,2.0588235294117647e-08,0.0,0.0,0.0,0.0
2021-12-18,0.002002341176470604,0.002203457647058824,0.058815324705882355,0.9369695411764706,1.3882352941176472e-07,0.0,0.0,4.183529411764705e-06,2.3776470588235296e-06,2.085882352941176e-06,0.0,3.176470588235294e-07,0.0,2.111764705882353e-07,0.0,0.0,2.0588235294117647e-08,0.0,0.0,0.0,0.0
2021-12-19,0.002002341176470604,0.002203457647058824,0.058815324705882355,0.9369695411764706,1.3882352941176472e-07,0.0,0.0,4.183529411764705e-06,2.3776470588235296e-06,2.085882352941176e-06,0.0,3.176470588235294e-07,0.0,2.111764705882353e-07,0.0,0.0,2.0588235294117647e-08,0.0,0.0,0.0,0.0
2021-12-20,0.002002341176470604,0.002203457647058824,0.058815324705882355,0.9369695411764706,1.3882352941176472e-07,0.0,0.0,4.183529411764705e-06,2.3776470588235296e-06,2.085882352941176e-06,0.0,3.176470588235294e-07,0.0,2.111764705882353e-07,0.0,0.0,2.0588235294117647e-08,0.0,0.0,0.0,0.0
2021-12-21,0.0022536006666666777,0.0024972520000000006,0.06665736800000001,0.9285811993333334,1.5733333333333337e-07,0.0,0.0,4.741333333333332e-06,2.6946666666666672e-06,2.364e-06,0.0,3.6e-07,0.0,2.3933333333333333e-07,0.0,0.0,2.3333333333333334e-08,0.0,0.0,0.0,0.0
2021-12-22,0.030625410000000002,0.008619151666666668,9.083333333333333e-08,0.9606312141666665,7.734583333333331e-05,2.873333333333333e-06,8.6075e-06,2.2847499999999998e-05,7.298333333333332e-06,4.462499999999999e-06,0.0,4.499999999999999e-07,0.0,2.4833333333333327e-07,0.0,0.0,0.0,0.0,0.0,0.0,0.0
2021-12-23,0.030625410000000002,0.008619151666666668,9.083333333333333e-08,0.9606312141666665,7.734583333333331e-05,2.873333333333333e-06,8.6075e-06,2.2847499999999998e-05,7.298333333333332e-06,4.462499999999999e-06,0.0,4.499999999999999e-07,0.0,2.4833333333333327e-07,0.0,0.0,0.0,0.0,0.0,0.0,0.0
2021-12-24,0.030625410000000002,0.008619151666666668,9.083333333333333e-08,0.9606312141666665,7.734583333333331e-05,2.873333333333333e-06,8.6075e-06,2.2847499999999998e-05,7.298333333333332e-06,4.462499999999999e-06,0.0,4.499999999999999e-07,0.0,2.4833333333333327e-07,0.0,0.0,0.0,0.0,0.0,0.0,0.0
2021-12-25,0.030625410000000002,0.008619151666666668,9.083333333333333e-08,0.9606312141666665,7.734583333333331e-05,2.873333333333333e-06,8.6075e-06,2.2847499999999998e-05,7.298333333333332e-06,4.462499999999999e-06,0.0,4.499999999999999e-07,0.0,2.4833333333333327e-07,0.0,0.0,0.0,0.0,0.0,0.0,0.0
2021-12-26,0.030625410000000002,0.008619151666666668,9.083333333333333e-08,0.9606312141666665,7.734583333333331e-05,2.873333333333333e-06,8.6075e-06,2.2847499999999998e-05,7.298333333333332e-06,4.462499999999999e-06,0.0,4.499999999999999e-07,0.0,2.4833333333333327e-07,0.0,0.0,0.0,0.0,0.0,0.0,0.0
2021-12-27,0.030625410000000002,0.008619151666666668,9.083333333333333e-08,0.9606312141666665,7.734583333333331e-05,2.873333333333333e-06,8.6075e-06,2.2847499999999998e-05,7.298333333333332e-06,4.462499999999999e-06,0.0,4.499999999999999e-07,0.0,2.4833333333333327e-07,0.0,0.0,0.0,0.0,0.0,0.0,0.0
2021-12-28,0.10760990153846149,0.047073589230769236,1.0492307692307696e-05,0.8434903792307692,0.0017050115384615384,2.6523076923076923e-06,7.945384615384616e-06,8.391e-05,6.76923076923077e-06,9.142307692307693e-06,0.0,0.0,0.0,2.0692307692307694e-07,0.0,0.0,0.0,0.0,0.0,0.0,0.0
2021-12-29,0.1518487255555555,0.06389858666666667,1.5071111111111114e-05,0.7816198333333334,0.0024627166666666665,3.831111111111111e-06,1.1476666666666668e-05,0.00012108666666666665,5.561111111111111e-06,1.3111111111111113e-05,0.0,0.0,0.0,0.0,0.0,0.0,0.0,0.0,0.0,0.0,0.0
2021-12-30,0.13722970499999992,0.067645627,1.3564e-05,0.754969864,0.039977659,9.024999999999997e-06,1.3826e-05,0.00012068699999999996,8.242999999999999e-06,1.1799999999999999e-05,0.0,0.0,0.0,0.0,0.0,0.0,0.0,0.0,0.0,0.0,0.0
2021-12-31,0.13722970499999992,0.067645627,1.3564e-05,0.754969864,0.039977659,9.024999999999997e-06,1.3826e-05,0.00012068699999999996,8.242999999999999e-06,1.1799999999999999e-05,0.0,0.0,0.0,0.0,0.0,0.0,0.0,0.0,0.0,0.0,0.0
2022-01-01,0.13722970499999992,0.067645627,1.3564e-05,0.754969864,0.039977659,9.024999999999997e-06,1.3826e-05,0.00012068699999999996,8.242999999999999e-06,1.1799999999999999e-05,0.0,0.0,0.0,0.0,0.0,0.0,0.0,0.0,0.0,0.0,0.0
2022-01-02,0.13722970499999992,0.067645627,1.3564e-05,0.754969864,0.039977659,9.024999999999997e-06,1.3826e-05,0.00012068699999999996,8.242999999999999e-06,1.1799999999999999e-05,0.0,0.0,0.0,0.0,0.0,0.0,0.0,0.0,0.0,0.0,0.0
2022-01-03,0.13722970499999992,0.067645627,1.3564e-05,0.754969864,0.039977659,9.024999999999997e-06,1.3826e-05,0.00012068699999999996,8.242999999999999e-06,1.1799999999999999e-05,0.0,0.0,0.0,0.0,0.0,0.0,0.0,0.0,0.0,0.0,0.0
2022-01-04,0.13545081416666657,0.10110677666666666,0.014663759166666667,0.5801703041666667,0.1684196916666667,1.1869166666666666e-05,1.480166666666667e-05,0.0001366175,9.67e-06,1.3530833333333334e-05,2.165e-06,0.0,0.0,0.0,0.0,0.0,0.0,0.0,0.0,0.0,0.0
2022-01-05,0.11614142214285711,0.12631621642857144,0.01257473785714286,0.5399137207142858,0.20483910214285722,1.4284285714285715e-05,1.735857142857143e-05,0.0001615264285714286,8.489285714285716e-06,9.389285714285716e-06,1.8557142857142859e-06,1.6664285714285716e-06,0.0,2.3071428571428574e-07,0.0,0.0,0.0,0.0,0.0,0.0,0.0
2022-01-06,0.11614142214285711,0.12631621642857144,0.01257473785714286,0.5399137207142858,0.20483910214285722,1.4284285714285715e-05,1.735857142857143e-05,0.0001615264285714286,8.489285714285716e-06,9.389285714285716e-06,1.8557142857142859e-06,1.6664285714285716e-06,0.0,2.3071428571428574e-07,0.0,0.0,0.0,0.0,0.0,0.0,0.0
2022-01-07,0.11614142214285711,0.12631621642857144,0.01257473785714286,0.5399137207142858,0.20483910214285722,1.4284285714285715e-05,1.735857142857143e-05,0.0001615264285714286,8.489285714285716e-06,9.389285714285716e-06,1.8557142857142859e-06,1.6664285714285716e-06,0.0,2.3071428571428574e-07,0.0,0.0,0.0,0.0,0.0,0.0,0.0
2022-01-08,0.11614142214285711,0.12631621642857144,0.01257473785714286,0.5399137207142858,0.20483910214285722,1.4284285714285715e-05,1.735857142857143e-05,0.0001615264285714286,8.489285714285716e-06,9.389285714285716e-06,1.8557142857142859e-06,1.6664285714285716e-06,0.0,2.3071428571428574e-07,0.0,0.0,0.0,0.0,0.0,0.0,0.0
2022-01-09,0.11614142214285711,0.12631621642857144,0.01257473785714286,0.5399137207142858,0.20483910214285722,1.4284285714285715e-05,1.735857142857143e-05,0.0001615264285714286,8.489285714285716e-06,9.389285714285716e-06,1.8557142857142859e-06,1.6664285714285716e-06,0.0,2.3071428571428574e-07,0.0,0.0,0.0,0.0,0.0,0.0,0.0
2022-01-10,0.11614142214285711,0.12631621642857144,0.01257473785714286,0.5399137207142858,0.20483910214285722,1.4284285714285715e-05,1.735857142857143e-05,0.0001615264285714286,8.489285714285716e-06,9.389285714285716e-06,1.8557142857142859e-06,1.6664285714285716e-06,0.0,2.3071428571428574e-07,0.0,0.0,0.0,0.0,0.0,0.0,0.0
2022-01-11,0.10840860933333328,0.11900513066666665,0.011736422,0.5039194726666667,0.2567246453333334,1.3331999999999999e-05,1.6993333333333336e-05,0.00015520533333333335,7.923333333333334e-06,8.763333333333333e-06,1.7319999999999999e-06,1.5553333333333332e-06,0.0,2.1533333333333333e-07,0.0,0.0,0.0,0.0,0.0,0.0,0.0
2022-01-12,0.09036542444444436,0.09919038666666664,0.009780351666666664,0.42026960499999994,0.3801899105555555,1.4776666666666665e-05,1.8311666666666666e-05,0.00014592277777777775,1.2656666666666664e-05,8.498888888888887e-06,1.443333333333333e-06,2.2911111111111105e-06,0.0,4.205555555555555e-07,0.0,0.0,0.0,0.0,0.0,0.0,0.0
2022-01-13,0.09036542444444436,0.09919038666666664,0.009780351666666664,0.42026960499999994,0.3801899105555555,1.4776666666666665e-05,1.8311666666666666e-05,0.00014592277777777775,1.2656666666666664e-05,8.498888888888887e-06,1.443333333333333e-06,2.2911111111111105e-06,0.0,4.2055555555555543e-07,0.0,0.0,0.0,0.0,0.0,0.0,0.0
2022-01-14,0.09036542444444436,0.09919038666666664,0.009780351666666664,0.42026960499999994,0.3801899105555555,1.4776666666666665e-05,1.8311666666666666e-05,0.00014592277777777775,1.2656666666666664e-05,8.498888888888887e-06,1.443333333333333e-06,2.2911111111111105e-06,0.0,4.2055555555555543e-07,0.0,0.0,0.0,0.0,0.0,0.0,0.0
2022-01-15,0.09036542444444436,0.09919038666666664,0.009780351666666664,0.42026960499999994,0.3801899105555555,1.4776666666666665e-05,1.8311666666666666e-05,0.00014592277777777775,1.2656666666666664e-05,8.498888888888887e-06,1.443333333333333e-06,2.2911111111111105e-06,0.0,4.2055555555555543e-07,0.0,0.0,0.0,0.0,0.0,0.0,0.0
2022-01-16,0.09036542444444436,0.09919038666666664,0.009780351666666664,0.42026960499999994,0.3801899105555555,1.4776666666666665e-05,1.8311666666666666e-05,0.00014592277777777775,1.2656666666666664e-05,8.498888888888887e-06,1.443333333333333e-06,2.2911111111111105e-06,0.0,4.2055555555555543e-07,0.0,0.0,0.0,0.0,0.0,0.0,0.0
2022-01-17,0.09036542444444436,0.09919038666666664,0.009780351666666664,0.42026960499999994,0.3801899105555555,1.4776666666666665e-05,1.8311666666666666e-05,0.00014592277777777775,1.2656666666666664e-05,8.498888888888887e-06,1.443333333333333e-06,2.2911111111111105e-06,0.0,4.2055555555555543e-07,0.0,0.0,0.0,0.0,0.0,0.0,0.0
2022-01-18,0.08564628157894733,0.0939941647368421,0.009266969473684212,0.39815497368421054,0.41269343473684217,1.3998947368421054e-05,3.725052631578947e-05,0.00015807157894736842,1.5234736842105264e-05,1.2363157894736843e-05,1.3673684210526316e-06,2.5826315789473683e-06,5.642105263157895e-07,2.742631578947368e-06,0.0,0.0,0.0,0.0,0.0,0.0,0.0
2022-01-19,0.06471993949999995,0.15806271849999998,0.0088049855,0.326040046,0.4420645039999999,3.1749e-05,4.553149999999999e-05,0.00017886499999999998,2.1158499999999994e-05,1.4220499999999999e-05,1.9304999999999996e-06,5.336999999999999e-06,1.9029999999999996e-06,7.111499999999999e-06,0.0,0.0,0.0,0.0,0.0,0.0,0.0
2022-01-20,0.06471993949999995,0.15806271849999998,0.0088049855,0.326040046,0.4420645039999999,3.1749e-05,4.553149999999999e-05,0.00017886499999999998,2.1158499999999994e-05,1.4220499999999999e-05,1.9304999999999996e-06,5.336999999999999e-06,1.9029999999999996e-06,7.111499999999999e-06,0.0,0.0,0.0,0.0,0.0,0.0,0.0
2022-01-21,0.06471993949999995,0.15806271849999998,0.0088049855,0.326040046,0.4420645039999999,3.1749e-05,4.553149999999999e-05,0.00017886499999999998,2.1158499999999994e-05,1.4220499999999999e-05,1.9304999999999996e-06,5.336999999999999e-06,1.9029999999999996e-06,7.111499999999999e-06,0.0,0.0,0.0,0.0,0.0,0.0,0.0
2022-01-22,0.06471993949999995,0.15806271849999998,0.0088049855,0.326040046,0.4420645039999999,3.1749e-05,4.553149999999999e-05,0.00017886499999999998,2.1158499999999994e-05,1.4220499999999999e-05,1.9304999999999996e-06,5.336999999999999e-06,1.9029999999999996e-06,7.111499999999999e-06,0.0,0.0,0.0,0.0,0.0,0.0,0.0
2022-01-23,0.06471993949999995,0.15806271849999998,0.0088049855,0.326040046,0.4420645039999999,3.1749e-05,4.553149999999999e-05,0.00017886499999999998,2.1158499999999994e-05,1.4220499999999999e-05,1.9304999999999996e-06,5.336999999999999e-06,1.9029999999999996e-06,7.111499999999999e-06,0.0,0.0,0.0,0.0,0.0,0.0,0.0
2022-01-24,0.06471993949999995,0.15806271849999998,0.0088049855,0.326040046,0.4420645039999999,3.1749e-05,4.553149999999999e-05,0.00017886499999999998,2.1158499999999994e-05,1.4220499999999999e-05,1.9304999999999996e-06,5.336999999999999e-06,1.9029999999999996e-06,7.111499999999999e-06,0.0,0.0,0.0,0.0,0.0,0.0,0.0
2022-01-25,0.06973086055555551,0.14774499277777772,0.009778191666666665,0.28243058611111105,0.49000735222222214,3.527666666666666e-05,5.059055555555554e-05,0.00016534111111111106,2.6666111111111104e-05,1.205111111111111e-05,2.1449999999999994e-06,5.929999999999999e-06,2.114444444444444e-06,7.901666666666666e-06,0.0,0.0,0.0,0.0,0.0,0.0,0.0
2022-01-26,0.0997132958333333,0.14705627708333327,0.007333670416666664,0.24392347041666654,0.5017069299999999,3.148874999999999e-05,5.464624999999999e-05,0.0001335108333333333,2.4035416666666657e-05,9.072916666666662e-06,1.6087499999999994e-06,4.469166666666665e-06,1.5858333333333327e-06,5.938333333333332e-06,0.0,0.0,0.0,0.0,0.0,0.0,0.0
2022-01-27,0.10380263391304347,0.14904268086956518,0.007652525652173912,0.23213231086956518,0.5071023556521739,3.0433043478260866e-05,5.550173913043478e-05,0.00013422478260869563,2.367260869565217e-05,9.467391304347826e-06,1.6786956521739126e-06,4.663478260869565e-06,1.6547826086956519e-06,6.196521739130435e-06,0.0,0.0,0.0,0.0,0.0,0.0,0.0
2022-01-28,0.10380263391304347,0.14904268086956518,0.007652525652173912,0.23213231086956518,0.5071023556521739,3.0433043478260866e-05,5.550173913043478e-05,0.00013422478260869563,2.367260869565217e-05,9.467391304347826e-06,1.6786956521739126e-06,4.663478260869565e-06,1.6547826086956519e-06,6.196521739130435e-06,0.0,0.0,0.0,0.0,0.0,0.0,0.0
2022-01-29,0.10380263391304347,0.14904268086956518,0.007652525652173912,0.23213231086956518,0.5071023556521739,3.0433043478260866e-05,5.550173913043478e-05,0.00013422478260869563,2.367260869565217e-05,9.467391304347826e-06,1.6786956521739126e-06,4.663478260869565e-06,1.6547826086956519e-06,6.196521739130435e-06,0.0,0.0,0.0,0.0,0.0,0.0,0.0
2022-01-30,0.10380263391304347,0.14904268086956518,0.007652525652173912,0.23213231086956518,0.5071023556521739,3.0433043478260866e-05,5.550173913043478e-05,0.00013422478260869563,2.367260869565217e-05,9.467391304347826e-06,1.6786956521739126e-06,4.663478260869565e-06,1.6547826086956519e-06,6.196521739130435e-06,0.0,0.0,0.0,0.0,0.0,0.0,0.0
2022-01-31,0.10380263391304347,0.14904268086956518,0.007652525652173912,0.23213231086956518,0.5071023556521739,3.0433043478260866e-05,5.550173913043478e-05,0.00013422478260869563,2.367260869565217e-05,9.467391304347826e-06,1.6786956521739126e-06,4.663478260869565e-06,1.6547826086956519e-06,6.196521739130435e-06,0.0,0.0,0.0,0.0,0.0,0.0,0.0
2022-02-01,0.11440765636363635,0.13143353636363633,1.8029999999999995e-05,0.22394791590909088,0.5299192877272726,2.944454545454545e-05,6.1885e-05,0.00013560636363636362,2.322090909090909e-05,9.759090909090908e-06,5.74090909090909e-07,4.875454545454545e-06,1.7299999999999995e-06,6.478181818181817e-06,0.0,0.0,0.0,0.0,0.0,0.0,0.0
2022-02-02,0.11983853904761903,0.15108639428571424,2.004571428571428e-05,0.06731928857142855,0.6614439257142857,3.355952380952381e-05,6.768523809523808e-05,0.00014195380952380948,2.5388571428571424e-05,1.0176190476190475e-05,6.014285714285713e-07,3.996666666666666e-06,1.812380952380952e-06,6.632857142857142e-06,0.0,0.0,0.0,0.0,0.0,0.0,0.0
2022-02-03,0.11983853904761903,0.15108639428571424,2.004571428571428e-05,0.06731928857142855,0.6614439257142857,3.355952380952381e-05,6.768523809523808e-05,0.0001419538095238095,2.5388571428571424e-05,1.0176190476190475e-05,6.014285714285713e-07,3.996666666666666e-06,1.812380952380952e-06,6.632857142857142e-06,0.0,0.0,0.0,0.0,0.0,0.0,0.0
2022-02-04,0.11983853904761903,0.15108639428571424,2.004571428571428e-05,0.06731928857142855,0.6614439257142857,3.355952380952381e-05,6.768523809523808e-05,0.0001419538095238095,2.5388571428571424e-05,1.0176190476190475e-05,6.014285714285713e-07,3.996666666666666e-06,1.812380952380952e-06,6.632857142857142e-06,0.0,0.0,0.0,0.0,0.0,0.0,0.0
2022-02-05,0.11983853904761903,0.15108639428571424,2.004571428571428e-05,0.06731928857142855,0.6614439257142857,3.355952380952381e-05,6.768523809523808e-05,0.0001419538095238095,2.5388571428571424e-05,1.0176190476190475e-05,6.014285714285713e-07,3.996666666666666e-06,1.812380952380952e-06,6.632857142857142e-06,0.0,0.0,0.0,0.0,0.0,0.0,0.0
2022-02-06,0.11983853904761903,0.15108639428571424,2.004571428571428e-05,0.06731928857142855,0.6614439257142857,3.355952380952381e-05,6.768523809523808e-05,0.0001419538095238095,2.5388571428571424e-05,1.0176190476190475e-05,6.014285714285713e-07,3.996666666666666e-06,1.812380952380952e-06,6.632857142857142e-06,0.0,0.0,0.0,0.0,0.0,0.0,0.0
2022-02-07,0.11983853904761903,0.15108639428571424,2.004571428571428e-05,0.06731928857142855,0.6614439257142857,3.355952380952381e-05,6.768523809523808e-05,0.0001419538095238095,2.5388571428571424e-05,1.0176190476190475e-05,6.014285714285713e-07,3.996666666666666e-06,1.812380952380952e-06,6.632857142857142e-06,0.0,0.0,0.0,0.0,0.0,0.0,0.0
2022-02-08,0.1258230045,0.15780821750000001,2.1048e-05,0.07068525299999999,0.6453600095,3.52375e-05,7.04755e-05,0.000145716,2.6657999999999998e-05,1.0685e-05,6.315e-07,4.1965e-06,1.9029999999999998e-06,6.9645e-06,0.0,0.0,0.0,0.0,0.0,0.0,0.0
2022-02-09,0.12590192900000008,0.15809013150000004,2.34e-05,0.0703822335,0.641701426,0.0035744210000000004,0.00011610050000000004,0.00015888800000000001,2.927900000000001e-05,9.608500000000003e-06,6.315000000000001e-07,3.3010000000000002e-06,1.9030000000000002e-06,6.747500000000001e-06,0.0,0.0,0.0,0.0,0.0,0.0,0.0
2022-02-10,0.12590192900000005,0.1580901315,2.3399999999999996e-05,0.07038223349999999,0.641701426,0.003574421,0.00011610050000000001,0.000158888,2.9279000000000002e-05,9.608500000000001e-06,6.315e-07,3.301e-06,1.9029999999999998e-06,6.7475e-06,0.0,0.0,0.0,0.0,0.0,0.0,0.0
2022-02-11,0.12590192900000005,0.1580901315,2.3399999999999996e-05,0.07038223349999999,0.641701426,0.003574421,0.00011610050000000001,0.000158888,2.9279000000000002e-05,9.608500000000001e-06,6.315e-07,3.301e-06,1.9029999999999998e-06,6.7475e-06,0.0,0.0,0.0,0.0,0.0,0.0,0.0
2022-02-12,0.12590192900000005,0.1580901315,2.3399999999999996e-05,0.07038223349999999,0.641701426,0.003574421,0.00011610050000000001,0.000158888,2.9279000000000002e-05,9.608500000000001e-06,6.315e-07,3.301e-06,1.9029999999999998e-06,6.7475e-06,0.0,0.0,0.0,0.0,0.0,0.0,0.0
2022-02-13,0.12590192900000005,0.1580901315,2.3399999999999996e-05,0.07038223349999999,0.641701426,0.003574421,0.00011610050000000001,0.000158888,2.9279000000000002e-05,9.608500000000001e-06,6.315e-07,3.301e-06,1.9029999999999998e-06,6.7475e-06,0.0,0.0,0.0,0.0,0.0,0.0,0.0
2022-02-14,0.12590192900000005,0.1580901315,2.3399999999999996e-05,0.07038223349999999,0.641701426,0.003574421,0.00011610050000000001,0.000158888,2.9279000000000002e-05,9.608500000000001e-06,6.315e-07,3.301e-06,1.9029999999999998e-06,6.7475e-06,0.0,0.0,0.0,0.0,0.0,0.0,0.0
2022-02-15,0.11996868904761908,0.19795779619047615,0.0001474033333333333,0.06702633619047617,0.6110978314285713,0.003434515714285714,0.00010607571428571428,0.0001993052380952381,4.2790952380952376e-05,7.2409523809523795e-06,6.014285714285713e-07,2.770952380952381e-06,1.3019047619047616e-06,7.3409523809523794e-06,0.0,0.0,0.0,0.0,0.0,0.0,0.0
2022-02-16,0.13988551388888892,0.15087062555555553,0.00017045444444444444,0.04741433888888888,0.6573341027777777,0.0039845194444444445,0.00010674611111111113,0.000185585,3.986277777777778e-05,4.664444444444445e-06,0.0,2.8888888888888887e-08,0.0,3.5577777777777772e-06,0.0,0.0,0.0,0.0,0.0,0.0,0.0
2022-02-17,0.13988551388888892,0.15087062555555553,0.00017045444444444444,0.04741433888888888,0.6573341027777777,0.0039845194444444445,0.00010674611111111113,0.00018558500000000002,3.986277777777778e-05,4.664444444444445e-06,0.0,2.8888888888888887e-08,0.0,3.5577777777777772e-06,0.0,0.0,0.0,0.0,0.0,0.0,0.0
2022-02-18,0.13988551388888892,0.15087062555555553,0.00017045444444444444,0.04741433888888888,0.6573341027777777,0.0039845194444444445,0.00010674611111111113,0.00018558500000000002,3.986277777777778e-05,4.664444444444445e-06,0.0,2.8888888888888887e-08,0.0,3.5577777777777772e-06,0.0,0.0,0.0,0.0,0.0,0.0,0.0
2022-02-19,0.13988551388888892,0.15087062555555553,0.00017045444444444444,0.04741433888888888,0.6573341027777777,0.0039845194444444445,0.00010674611111111113,0.00018558500000000002,3.986277777777778e-05,4.664444444444445e-06,0.0,2.8888888888888887e-08,0.0,3.5577777777777772e-06,0.0,0.0,0.0,0.0,0.0,0.0,0.0
2022-02-20,0.13988551388888892,0.15087062555555553,0.00017045444444444444,0.04741433888888888,0.6573341027777777,0.0039845194444444445,0.00010674611111111113,0.00018558500000000002,3.986277777777778e-05,4.664444444444445e-06,0.0,2.8888888888888887e-08,0.0,3.5577777777777772e-06,0.0,0.0,0.0,0.0,0.0,0.0,0.0
2022-02-21,0.13988551388888892,0.15087062555555553,0.00017045444444444444,0.04741433888888888,0.6573341027777777,0.0039845194444444445,0.00010674611111111113,0.00018558500000000002,3.986277777777778e-05,4.664444444444445e-06,0.0,2.8888888888888887e-08,0.0,3.5577777777777772e-06,0.0,0.0,0.0,0.0,0.0,0.0,0.0
2022-02-22,0.08474544555555559,0.15049689666666663,0.0001680444444444444,0.04740673555555554,0.703837817222222,0.003984519444444444,0.009137022777777776,0.00017691055555555554,3.655722222222222e-05,6.463888888888887e-06,0.0,2.8888888888888884e-08,0.0,3.5577777777777764e-06,0.0,0.0,0.0,0.0,0.0,0.0,0.0
2022-02-23,0.024286151875000068,0.114966626875,0.00019626187499999998,0.005181781250000001,0.8062925575,0.0044809475,0.04434134875,0.00020269062500000002,4.0429375e-05,7.2199999999999995e-06,0.0,0.0,0.0,3.9843749999999994e-06,0.0,0.0,0.0,0.0,0.0,0.0,0.0
2022-02-24,0.024286151875000068,0.114966626875,0.00019626187499999998,0.005181781250000001,0.8062925575,0.0044809475,0.04434134875,0.00020269062500000002,4.0429375e-05,7.2199999999999995e-06,0.0,0.0,0.0,3.9843749999999994e-06,0.0,0.0,0.0,0.0,0.0,0.0,0.0
2022-02-25,0.024286151875000068,0.114966626875,0.00019626187499999998,0.005181781250000001,0.8062925575,0.0044809475,0.04434134875,0.00020269062500000002,4.0429375e-05,7.2199999999999995e-06,0.0,0.0,0.0,3.9843749999999994e-06,0.0,0.0,0.0,0.0,0.0,0.0,0.0
2022-02-26,0.024286151875000068,0.114966626875,0.00019626187499999998,0.005181781250000001,0.8062925575,0.0044809475,0.04434134875,0.00020269062500000002,4.0429375e-05,7.2199999999999995e-06,0.0,0.0,0.0,3.9843749999999994e-06,0.0,0.0,0.0,0.0,0.0,0.0,0.0
2022-02-27,0.024286151875000068,0.114966626875,0.00019626187499999998,0.005181781250000001,0.8062925575,0.0044809475,0.04434134875,0.00020269062500000002,4.0429375e-05,7.2199999999999995e-06,0.0,0.0,0.0,3.9843749999999994e-06,0.0,0.0,0.0,0.0,0.0,0.0,0.0
2022-02-28,0.024286151875000068,0.114966626875,0.00019626187499999998,0.005181781250000001,0.8062925575,0.0044809475,0.04434134875,0.00020269062500000002,4.0429375e-05,7.2199999999999995e-06,0.0,0.0,0.0,3.9843749999999994e-06,0.0,0.0,0.0,0.0,0.0,0.0,0.0
2022-03-01,0.014780479411764786,0.11601650294117649,0.05898329882352943,0.014074739411764703,0.7423335882352939,0.004219736470588235,0.04174379117647059,0.0077976694117647075,4.0488235294117655e-05,5.955882352941176e-06,0.0,0.0,0.0,3.7499999999999997e-06,0.0,0.0,0.0,0.0,0.0,0.0,0.0
2022-03-02,0.016717997333333397,0.09673519799999998,0.06685151000000002,0.010424165333333329,0.74832918,0.004782819333333333,0.04730127533333333,0.008802596000000001,4.421266666666668e-05,6.796e-06,0.0,0.0,0.0,4.249999999999999e-06,0.0,0.0,0.0,0.0,0.0,0.0,0.0
2022-03-03,0.0167179973333334,0.096735198,0.06685151000000003,0.010424165333333329,0.7483291799999999,0.004782819333333334,0.04730127533333334,0.008802596000000003,4.421266666666668e-05,6.796000000000001e-06,0.0,0.0,0.0,4.25e-06,0.0,0.0,0.0,0.0,0.0,0.0,0.0
2022-03-04,0.0167179973333334,0.096735198,0.06685151000000003,0.010424165333333329,0.7483291799999999,0.004782819333333334,0.04730127533333334,0.008802596000000003,4.421266666666668e-05,6.796000000000001e-06,0.0,0.0,0.0,4.25e-06,0.0,0.0,0.0,0.0,0.0,0.0,0.0
2022-03-05,0.0167179973333334,0.096735198,0.06685151000000003,0.010424165333333329,0.7483291799999999,0.004782819333333334,0.04730127533333334,0.008802596000000003,4.421266666666668e-05,6.796000000000001e-06,0.0,0.0,0.0,4.25e-06,0.0,0.0,0.0,0.0,0.0,0.0,0.0
2022-03-06,0.0167179973333334,0.096735198,0.06685151000000003,0.010424165333333329,0.7483291799999999,0.004782819333333334,0.04730127533333334,0.008802596000000003,4.421266666666668e-05,6.796000000000001e-06,0.0,0.0,0.0,4.25e-06,0.0,0.0,0.0,0.0,0.0,0.0,0.0
2022-03-07,0.0167179973333334,0.096735198,0.06685151000000003,0.010424165333333329,0.7483291799999999,0.004782819333333334,0.04730127533333334,0.008802596000000003,4.421266666666668e-05,6.796000000000001e-06,0.0,0.0,0.0,4.25e-06,0.0,0.0,0.0,0.0,0.0,0.0,0.0
2022-03-08,0.0167179973333334,0.096735198,0.06685151000000003,0.010424165333333329,0.7483291799999999,0.004782819333333334,0.04730127533333334,0.008802596000000003,4.421266666666668e-05,6.796000000000001e-06,0.0,0.0,0.0,4.25e-06,0.0,0.0,0.0,0.0,0.0,0.0,0.0
2022-03-09,0.01587482812499996,0.09949171437499996,0.06268395187499999,0.009772629374999994,0.6676274931249999,6.497749999999999e-05,0.12188703937499998,0.022549171874999996,3.246562499999999e-05,6.3712499999999985e-06,1.2468749999999998e-06,1.8637499999999995e-06,0.0,6.246874999999998e-06,0.0,0.0,0.0,0.0,0.0,0.0,0.0
2022-03-10,0.01587482812499996,0.09949171437499996,0.06268395187499999,0.009772629374999994,0.6676274931249999,6.497749999999999e-05,0.12188703937499998,0.022549171874999996,3.246562499999999e-05,6.3712499999999985e-06,1.2468749999999998e-06,1.8637499999999995e-06,0.0,6.246874999999998e-06,0.0,0.0,0.0,0.0,0.0,0.0,0.0
2022-03-11,0.01587482812499996,0.09949171437499996,0.06268395187499999,0.009772629374999994,0.6676274931249999,6.497749999999999e-05,0.12188703937499998,0.022549171874999996,3.246562499999999e-05,6.3712499999999985e-06,1.2468749999999998e-06,1.8637499999999995e-06,0.0,6.246874999999998e-06,0.0,0.0,0.0,0.0,0.0,0.0,0.0
2022-03-12,0.01587482812499996,0.09949171437499996,0.06268395187499999,0.009772629374999994,0.6676274931249999,6.497749999999999e-05,0.12188703937499998,0.022549171874999996,3.246562499999999e-05,6.3712499999999985e-06,1.2468749999999998e-06,1.8637499999999995e-06,0.0,6.246874999999998e-06,0.0,0.0,0.0,0.0,0.0,0.0,0.0
2022-03-13,0.01587482812499996,0.09949171437499996,0.06268395187499999,0.009772629374999994,0.6676274931249999,6.497749999999999e-05,0.12188703937499998,0.022549171874999996,3.246562499999999e-05,6.3712499999999985e-06,1.2468749999999998e-06,1.8637499999999995e-06,0.0,6.246874999999998e-06,0.0,0.0,0.0,0.0,0.0,0.0,0.0
2022-03-14,0.01587482812499996,0.09949171437499996,0.06268395187499999,0.009772629374999994,0.6676274931249999,6.497749999999999e-05,0.12188703937499998,0.022549171874999996,3.246562499999999e-05,6.3712499999999985e-06,1.2468749999999998e-06,1.8637499999999995e-06,0.0,6.246874999999998e-06,0.0,0.0,0.0,0.0,0.0,0.0,0.0
2022-03-15,0.01485135117647054,0.03511469705882354,0.058844274117647075,0.00919776882352941,0.5904425605882355,2.5402352941176473e-05,0.19645732529411766,0.09504731941176474,8.516470588235297e-06,5.727647058823531e-06,1.1735294117647061e-06,1.754117647058824e-06,0.0,2.129411764705882e-06,0.0,0.0,0.0,0.0,0.0,0.0,0.0
2022-03-16,0.012046132380952338,0.03667430476190476,0.04764331380952382,0.0074458128571428545,0.5838398204761905,2.8988095238095233e-05,0.2257117242857143,0.0865910842857143,7.4304761904761906e-06,7.294761904761905e-06,9.5e-07,1.42e-06,0.0,1.7238095238095232e-06,0.0,0.0,0.0,0.0,0.0,0.0,0.0
2022-03-17,0.012046132380952338,0.03667430476190476,0.04764331380952382,0.0074458128571428545,0.5838398204761905,2.8988095238095233e-05,0.2257117242857143,0.0865910842857143,7.4304761904761906e-06,7.294761904761905e-06,9.5e-07,1.42e-06,0.0,1.7238095238095232e-06,0.0,0.0,0.0,0.0,0.0,0.0,0.0
2022-03-18,0.012046132380952338,0.03667430476190476,0.04764331380952382,0.0074458128571428545,0.5838398204761905,2.8988095238095233e-05,0.2257117242857143,0.0865910842857143,7.4304761904761906e-06,7.294761904761905e-06,9.5e-07,1.42e-06,0.0,1.7238095238095232e-06,0.0,0.0,0.0,0.0,0.0,0.0,0.0
2022-03-19,0.012046132380952338,0.03667430476190476,0.04764331380952382,0.0074458128571428545,0.5838398204761905,2.8988095238095233e-05,0.2257117242857143,0.0865910842857143,7.4304761904761906e-06,7.294761904761905e-06,9.5e-07,1.42e-06,0.0,1.7238095238095232e-06,0.0,0.0,0.0,0.0,0.0,0.0,0.0
2022-03-20,0.012046132380952338,0.03667430476190476,0.04764331380952382,0.0074458128571428545,0.5838398204761905,2.8988095238095233e-05,0.2257117242857143,0.0865910842857143,7.4304761904761906e-06,7.294761904761905e-06,9.5e-07,1.42e-06,0.0,1.7238095238095232e-06,0.0,0.0,0.0,0.0,0.0,0.0,0.0
2022-03-21,0.012046132380952338,0.03667430476190476,0.04764331380952382,0.0074458128571428545,0.5838398204761905,2.8988095238095233e-05,0.2257117242857143,0.0865910842857143,7.4304761904761906e-06,7.294761904761905e-06,9.5e-07,1.42e-06,0.0,1.7238095238095232e-06,0.0,0.0,0.0,0.0,0.0,0.0,0.0
2022-03-22,0.011499092727272701,0.03502662227272727,0.04547770863636365,0.007111203636363634,0.5284588836363636,2.767045454545454e-05,0.26637422590909093,0.10600810136363638,7.092727272727273e-06,5.490909090909092e-06,9.068181818181819e-07,1.3554545454545454e-06,0.0,1.6454545454545447e-06,0.0,0.0,0.0,0.0,0.0,0.0,0.0
2022-03-23,0.011462445909090846,0.04929045545454545,0.04547243454545455,0.025255508636363628,0.4784660745454545,2.3372272727272717e-05,0.2615350377272727,0.12848204409090908,3.197272727272727e-06,5.506363636363636e-06,9.068181818181817e-07,1.3554545454545451e-06,1.545454545454545e-08,1.6454545454545445e-06,0.0,0.0,0.0,0.0,0.0,0.0,0.0
2022-03-24,0.010973426521739075,0.04726191826086956,0.043495372173913055,0.024157443043478256,0.45767296,2.53395652173913e-05,0.28794355043478265,0.12845791217391306,3.0582608695652177e-06,5.26695652173913e-06,8.673913043478261e-07,1.2965217391304348e-06,1.4782608695652173e-08,1.5739130434782603e-06,0.0,0.0,0.0,0.0,0.0,0.0,0.0
2022-03-25,0.010973426521739075,0.04726191826086956,0.043495372173913055,0.024157443043478256,0.45767296,2.5339565217391305e-05,0.28794355043478265,0.12845791217391306,3.0582608695652177e-06,5.26695652173913e-06,8.673913043478261e-07,1.2965217391304348e-06,1.4782608695652173e-08,1.5739130434782603e-06,0.0,0.0,0.0,0.0,0.0,0.0,0.0
2022-03-26,0.010973426521739075,0.04726191826086956,0.043495372173913055,0.024157443043478256,0.45767296,2.5339565217391305e-05,0.28794355043478265,0.12845791217391306,3.0582608695652177e-06,5.26695652173913e-06,8.673913043478261e-07,1.2965217391304348e-06,1.4782608695652173e-08,1.5739130434782603e-06,0.0,0.0,0.0,0.0,0.0,0.0,0.0
2022-03-27,0.010973426521739075,0.04726191826086956,0.043495372173913055,0.024157443043478256,0.45767296,2.5339565217391305e-05,0.28794355043478265,0.12845791217391306,3.0582608695652177e-06,5.26695652173913e-06,8.673913043478261e-07,1.2965217391304348e-06,1.4782608695652173e-08,1.5739130434782603e-06,0.0,0.0,0.0,0.0,0.0,0.0,0.0
2022-03-28,0.010973426521739075,0.04726191826086956,0.043495372173913055,0.024157443043478256,0.45767296,2.5339565217391305e-05,0.28794355043478265,0.12845791217391306,3.0582608695652177e-06,5.26695652173913e-06,8.673913043478261e-07,1.2965217391304348e-06,1.4782608695652173e-08,1.5739130434782603e-06,0.0,0.0,0.0,0.0,0.0,0.0,0.0
2022-03-29,0.001723410416666578,0.050050563750000006,0.00962620666666667,0.016635796666666668,0.42114131250000014,3.0116666666666673e-05,0.34135258125000006,0.15942062916666672,7.456250000000001e-06,3.920416666666667e-06,8.312500000000001e-07,3.9087500000000005e-06,1.4166666666666668e-08,3.252083333333333e-06,0.0,0.0,0.0,0.0,0.0,0.0,0.0
2022-03-30,0.009351438399999952,0.04365898720000001,0.010933839200000003,0.03949235040000001,0.3407533108000001,2.40604e-05,0.3780191504,0.17774424040000003,7.8788e-06,4.8228000000000015e-06,7.980000000000001e-07,4.7272e-06,1.2740000000000002e-06,3.122e-06,0.0,0.0,0.0,0.0,0.0,0.0,0.0
2022-03-31,0.009351438399999952,0.04365898720000001,0.010933839200000003,0.03949235040000001,0.3407533108000001,2.40604e-05,0.3780191504,0.17774424040000003,7.8788e-06,4.8228000000000015e-06,7.980000000000001e-07,4.7272e-06,1.2740000000000002e-06,3.122e-06,0.0,0.0,0.0,0.0,0.0,0.0,0.0
2022-04-01,0.009351438399999952,0.04365898720000001,0.010933839200000003,0.03949235040000001,0.3407533108000001,2.40604e-05,0.3780191504,0.17774424040000003,7.8788e-06,4.8228000000000015e-06,7.980000000000001e-07,4.7272e-06,1.2740000000000002e-06,3.122e-06,0.0,0.0,0.0,0.0,0.0,0.0,0.0
2022-04-02,0.009351438399999952,0.04365898720000001,0.010933839200000003,0.03949235040000001,0.3407533108000001,2.40604e-05,0.3780191504,0.17774424040000003,7.8788e-06,4.8228000000000015e-06,7.980000000000001e-07,4.7272e-06,1.2740000000000002e-06,3.122e-06,0.0,0.0,0.0,0.0,0.0,0.0,0.0
2022-04-03,0.009351438399999952,0.04365898720000001,0.010933839200000003,0.03949235040000001,0.3407533108000001,2.40604e-05,0.3780191504,0.17774424040000003,7.8788e-06,4.8228000000000015e-06,7.980000000000001e-07,4.7272e-06,1.2740000000000002e-06,3.122e-06,0.0,0.0,0.0,0.0,0.0,0.0,0.0
2022-04-04,0.009351438399999952,0.04365898720000001,0.010933839200000003,0.03949235040000001,0.3407533108000001,2.40604e-05,0.3780191504,0.17774424040000003,7.8788e-06,4.8228000000000015e-06,7.980000000000001e-07,4.7272e-06,1.2740000000000002e-06,3.122e-06,0.0,0.0,0.0,0.0,0.0,0.0,0.0
2022-04-05,0.009351438399999952,0.04365898720000001,0.010933839200000003,0.03949235040000001,0.3407533108000001,2.40604e-05,0.3780191504,0.17774424040000003,7.8788e-06,4.8228000000000015e-06,7.980000000000001e-07,4.7272e-06,1.2740000000000002e-06,3.122e-06,0.0,0.0,0.0,0.0,0.0,0.0,0.0
2022-04-06,0.009517814666666671,0.032197392000000005,0.01824693866666667,0.09195916166666666,0.20830264533333334,1.5149666666666668e-05,0.46283446100000003,0.1769110386666667,5.977333333333334e-06,4.019000000000001e-06,0.0,2.945333333333334e-06,1.061666666666667e-06,1.3949999999999998e-06,0.0,0.0,0.0,0.0,0.0,0.0,0.0
2022-04-07,0.009213700000000005,0.03251134483870968,0.017658327741935487,0.08899273709677419,0.20183342870967744,1.4660967741935485e-05,0.46848754225806455,0.18127335677419357,5.784516129032258e-06,3.889354838709678e-06,0.0,2.8503225806451615e-06,1.0274193548387098e-06,1.3499999999999998e-06,0.0,0.0,0.0,0.0,0.0,0.0,0.0
2022-04-08,0.009213700000000005,0.03251134483870968,0.017658327741935487,0.08899273709677419,0.20183342870967746,1.4660967741935485e-05,0.46848754225806455,0.18127335677419357,5.784516129032258e-06,3.889354838709678e-06,0.0,2.8503225806451615e-06,1.0274193548387098e-06,1.3499999999999998e-06,0.0,0.0,0.0,0.0,0.0,0.0,0.0
2022-04-09,0.009213700000000005,0.03251134483870968,0.017658327741935487,0.08899273709677419,0.20183342870967746,1.4660967741935485e-05,0.46848754225806455,0.18127335677419357,5.784516129032258e-06,3.889354838709678e-06,0.0,2.8503225806451615e-06,1.0274193548387098e-06,1.3499999999999998e-06,0.0,0.0,0.0,0.0,0.0,0.0,0.0
2022-04-10,0.009213700000000005,0.03251134483870968,0.017658327741935487,0.08899273709677419,0.20183342870967746,1.4660967741935485e-05,0.46848754225806455,0.18127335677419357,5.784516129032258e-06,3.889354838709678e-06,0.0,2.8503225806451615e-06,1.0274193548387098e-06,1.3499999999999998e-06,0.0,0.0,0.0,0.0,0.0,0.0,0.0
2022-04-11,0.009213700000000005,0.03251134483870968,0.017658327741935487,0.08899273709677419,0.20183342870967746,1.4660967741935485e-05,0.46848754225806455,0.18127335677419357,5.784516129032258e-06,3.889354838709678e-06,0.0,2.8503225806451615e-06,1.0274193548387098e-06,1.3499999999999998e-06,0.0,0.0,0.0,0.0,0.0,0.0,0.0
2022-04-12,0.012447770937500005,0.03150979000000001,0.023789008125000007,0.0862141615625,0.18459163062500006,1.3308750000000002e-05,0.49185229875,0.16956875906250005,5.60375e-06,2.6040625000000005e-06,0.0,2.7612500000000005e-06,9.953125000000003e-07,1.3078124999999998e-06,0.0,0.0,0.0,0.0,0.0,0.0,0.0
2022-04-13,0.013948156060606069,0.04588763818181818,0.032803106666666665,0.0836016112121212,0.1172109803030303,1.901e-05,0.5475869648484848,0.15893169545454547,5.092727272727272e-06,8.336363636363636e-07,0.0,2.6775757575757576e-06,9.651515151515152e-07,1.2681818181818178e-06,0.0,0.0,0.0,0.0,0.0,0.0,0.0
2022-04-14,0.013948156060606069,0.04588763818181818,0.032803106666666665,0.0836016112121212,0.1172109803030303,1.901e-05,0.5475869648484848,0.15893169545454547,5.092727272727272e-06,8.336363636363636e-07,0.0,2.6775757575757576e-06,9.651515151515152e-07,1.2681818181818178e-06,0.0,0.0,0.0,0.0,0.0,0.0,0.0
2022-04-15,0.013948156060606069,0.04588763818181818,0.032803106666666665,0.0836016112121212,0.1172109803030303,1.901e-05,0.5475869648484848,0.15893169545454547,5.092727272727272e-06,8.336363636363636e-07,0.0,2.6775757575757576e-06,9.651515151515152e-07,1.2681818181818178e-06,0.0,0.0,0.0,0.0,0.0,0.0,0.0
2022-04-16,0.013948156060606069,0.04588763818181818,0.032803106666666665,0.0836016112121212,0.1172109803030303,1.901e-05,0.5475869648484848,0.15893169545454547,5.092727272727272e-06,8.336363636363636e-07,0.0,2.6775757575757576e-06,9.651515151515152e-07,1.2681818181818178e-06,0.0,0.0,0.0,0.0,0.0,0.0,0.0
2022-04-17,0.013948156060606069,0.04588763818181818,0.032803106666666665,0.0836016112121212,0.1172109803030303,1.901e-05,0.5475869648484848,0.15893169545454547,5.092727272727272e-06,8.336363636363636e-07,0.0,2.6775757575757576e-06,9.651515151515152e-07,1.2681818181818178e-06,0.0,0.0,0.0,0.0,0.0,0.0,0.0
2022-04-18,0.013948156060606069,0.04588763818181818,0.032803106666666665,0.0836016112121212,0.1172109803030303,1.901e-05,0.5475869648484848,0.15893169545454547,5.092727272727272e-06,8.336363636363636e-07,0.0,2.6775757575757576e-06,9.651515151515152e-07,1.2681818181818178e-06,0.0,0.0,0.0,0.0,0.0,0.0,0.0
2022-04-19,0.01484593161290323,0.048829273225806456,0.03491943612903226,0.0889925406451613,0.11823726967741938,2.0236451612903226e-05,0.5415334870967742,0.15261028870967744,5.421290322580646e-06,8.874193548387098e-07,0.0,2.8503225806451615e-06,1.0274193548387098e-06,1.3499999999999998e-06,0.0,0.0,0.0,0.0,0.0,0.0,0.0
2022-04-20,0.01307652052631579,0.03208657394736843,0.037996837368421056,0.062095531315789466,0.03563114447368423,1.8006842105263163e-05,0.6439783168421054,0.1751012078947369,8.353157894736844e-06,2.4760526315789476e-06,0.0,3.032631578947369e-06,8.768421052631581e-07,1.1094736842105262e-06,0.0,0.0,1.2631578947368422e-08,0.0,0.0,0.0,0.0
2022-04-21,0.013070862631578946,0.03201801842105264,0.037996837368421056,0.062095531315789466,0.03562523815789475,1.6201052631578948e-05,0.6211117160526317,0.19804973421052638,8.353157894736844e-06,2.4760526315789476e-06,0.0,3.032631578947369e-06,8.768421052631581e-07,1.1094736842105262e-06,0.0,0.0,1.2631578947368422e-08,0.0,0.0,0.0,0.0
2022-04-22,0.013070862631578946,0.03201801842105264,0.037996837368421056,0.062095531315789466,0.03562523815789475,1.6201052631578948e-05,0.6211117160526317,0.19804973421052638,8.353157894736844e-06,2.4760526315789476e-06,0.0,3.032631578947369e-06,8.768421052631581e-07,1.1094736842105262e-06,0.0,0.0,1.2631578947368422e-08,0.0,0.0,0.0,0.0
2022-04-23,0.013070862631578946,0.03201801842105264,0.037996837368421056,0.062095531315789466,0.03562523815789475,1.6201052631578948e-05,0.6211117160526317,0.19804973421052638,8.353157894736844e-06,2.4760526315789476e-06,0.0,3.032631578947369e-06,8.768421052631581e-07,1.1094736842105262e-06,0.0,0.0,1.2631578947368422e-08,0.0,0.0,0.0,0.0
2022-04-24,0.013070862631578946,0.03201801842105264,0.037996837368421056,0.062095531315789466,0.03562523815789475,1.6201052631578948e-05,0.6211117160526317,0.19804973421052638,8.353157894736844e-06,2.4760526315789476e-06,0.0,3.032631578947369e-06,8.768421052631581e-07,1.1094736842105262e-06,0.0,0.0,1.2631578947368422e-08,0.0,0.0,0.0,0.0
2022-04-25,0.013070862631578946,0.03201801842105264,0.037996837368421056,0.062095531315789466,0.03562523815789475,1.6201052631578948e-05,0.6211117160526317,0.19804973421052638,8.353157894736844e-06,2.4760526315789476e-06,0.0,3.032631578947369e-06,8.768421052631581e-07,1.1094736842105262e-06,0.0,0.0,1.2631578947368422e-08,0.0,0.0,0.0,0.0
2022-04-26,0.013407855789473708,0.02683561763157895,0.03865894657894737,0.06209727605263158,0.0136222452631579,1.1455000000000001e-05,0.6413575771052633,0.20399822710526322,6.077105263157895e-06,2.4760526315789476e-06,0.0,1.348684210526316e-06,8.768421052631581e-07,8.15789473684175e-09,0.0,0.0,1.2631578947368422e-08,0.0,0.0,0.0,0.0
2022-04-27,0.008696664545454553,0.018960499772727273,0.03309607795454545,0.04026470113636363,0.010086001818181818,1.1501590909090909e-05,0.6729917690909091,0.21588575431818183,4.8388636363636365e-06,1.5209090909090907e-06,0.0,6.109090909090909e-07,4.1136363636363636e-08,7.045454545454238e-09,0.0,0.0,1.0909090909090908e-08,0.0,0.0,0.0,0.0
2022-04-28,0.008696664545454553,0.018960499772727273,0.03309607795454545,0.04026470113636362,0.010086001818181818,1.1501590909090909e-05,0.6729917690909091,0.21588575431818183,4.8388636363636365e-06,1.5209090909090907e-06,0.0,6.109090909090909e-07,4.1136363636363636e-08,7.045454545454238e-09,0.0,0.0,1.0909090909090908e-08,0.0,0.0,0.0,0.0
2022-04-29,0.008696664545454553,0.018960499772727273,0.03309607795454545,0.04026470113636362,0.010086001818181818,1.1501590909090909e-05,0.6729917690909091,0.21588575431818183,4.8388636363636365e-06,1.5209090909090907e-06,0.0,6.109090909090909e-07,4.1136363636363636e-08,7.045454545454238e-09,0.0,0.0,1.0909090909090908e-08,0.0,0.0,0.0,0.0
2022-04-30,0.008696664545454553,0.018960499772727273,0.03309607795454545,0.04026470113636362,0.010086001818181818,1.1501590909090909e-05,0.6729917690909091,0.21588575431818183,4.8388636363636365e-06,1.5209090909090907e-06,0.0,6.109090909090909e-07,4.1136363636363636e-08,7.045454545454238e-09,0.0,0.0,1.0909090909090908e-08,0.0,0.0,0.0,0.0
2022-05-01,0.008696664545454553,0.018960499772727273,0.03309607795454545,0.04026470113636362,0.010086001818181818,1.1501590909090909e-05,0.6729917690909091,0.21588575431818183,4.8388636363636365e-06,1.5209090909090907e-06,0.0,6.109090909090909e-07,4.1136363636363636e-08,7.045454545454238e-09,0.0,0.0,1.0909090909090908e-08,0.0,0.0,0.0,0.0
2022-05-02,0.008696664545454553,0.018960499772727273,0.03309607795454545,0.04026470113636362,0.010086001818181818,1.1501590909090909e-05,0.6729917690909091,0.21588575431818183,4.8388636363636365e-06,1.5209090909090907e-06,0.0,6.109090909090909e-07,4.1136363636363636e-08,7.045454545454238e-09,0.0,0.0,1.0909090909090908e-08,0.0,0.0,0.0,0.0
2022-05-03,0.008151939574468095,0.01776950446808511,0.030984004255319157,0.03769477063829787,0.009495969574468088,1.3800425531914896e-05,0.6666375387234044,0.22924221106382986,6.215957446808512e-06,2.1838297872340427e-06,0.0,5.719148936170215e-07,1.1063829787234046e-07,5.034042553191488e-07,0.0,0.0,6.755319148936174e-07,0.0,0.0,0.0,0.0
2022-05-04,0.007325403111111105,0.018123901333333334,0.026411163333333328,5.363999999995067e-06,0.007620712444444446,1.9540222222222224e-05,0.6825588162222223,0.2579184475555556,8.956222222222224e-06,4.552222222222223e-06,0.0,1.7244444444444446e-06,1.1555555555555558e-07,5.313333333333331e-07,0.0,0.0,7.720000000000003e-07,0.0,0.0,0.0,0.0
2022-05-05,0.0074898381818181755,0.01758285522727273,0.027011417045454542,5.485909090904045e-06,0.007617616590909092,1.9984318181818184e-05,0.6835696988636364,0.25668607363636364,9.159772727272727e-06,4.655681818181819e-06,0.0,1.7636363636363636e-06,1.1818181818181821e-07,5.434090909090906e-07,0.0,0.0,7.895454545454549e-07,0.0,0.0,0.0,0.0
2022-05-06,0.0074898381818181755,0.01758285522727273,0.027011417045454542,5.485909090904045e-06,0.007617616590909092,1.9984318181818184e-05,0.6835696988636364,0.25668607363636364,9.159772727272727e-06,4.655681818181819e-06,0.0,1.7636363636363636e-06,1.1818181818181821e-07,5.434090909090906e-07,0.0,0.0,7.895454545454549e-07,0.0,0.0,0.0,0.0
2022-05-07,0.0074898381818181755,0.01758285522727273,0.027011417045454542,5.485909090904045e-06,0.007617616590909092,1.9984318181818184e-05,0.6835696988636364,0.25668607363636364,9.159772727272727e-06,4.655681818181819e-06,0.0,1.7636363636363636e-06,1.1818181818181821e-07,5.434090909090906e-07,0.0,0.0,7.895454545454549e-07,0.0,0.0,0.0,0.0
2022-05-08,0.0074898381818181755,0.01758285522727273,0.027011417045454542,5.485909090904045e-06,0.007617616590909092,1.9984318181818184e-05,0.6835696988636364,0.25668607363636364,9.159772727272727e-06,4.655681818181819e-06,0.0,1.7636363636363636e-06,1.1818181818181821e-07,5.434090909090906e-07,0.0,0.0,7.895454545454549e-07,0.0,0.0,0.0,0.0
2022-05-09,0.0074898381818181755,0.01758285522727273,0.027011417045454542,5.485909090904045e-06,0.007617616590909092,1.9984318181818184e-05,0.6835696988636364,0.25668607363636364,9.159772727272727e-06,4.655681818181819e-06,0.0,1.7636363636363636e-06,1.1818181818181821e-07,5.434090909090906e-07,0.0,0.0,7.895454545454549e-07,0.0,0.0,0.0,0.0
2022-05-10,0.005409189750000001,0.019308209000000003,0.024364981499999997,4.076499999994449e-06,0.008320319750000003,2.1982750000000006e-05,0.6867760342500001,0.25577647325,1.0075750000000001e-05,5.12125e-06,0.0,1.94e-06,1.3000000000000003e-07,5.977499999999997e-07,0.0,0.0,8.685000000000003e-07,0.0,0.0,0.0,0.0
2022-05-11,0.0041659191891891805,0.0025259813513513526,0.01765436027027027,4.407027027021028e-06,0.00419949864864865,1.4160810810810817e-05,0.68307495972973,0.2883362905405406,1.3633243243243247e-05,6.492432432432434e-06,0.0,2.0972972972972976e-06,1.405405405405406e-07,1.1199999999999999e-06,0.0,0.0,9.389189189189195e-07,0.0,0.0,0.0,0.0
2022-05-12,0.0041659191891891805,0.0025259813513513526,0.01765436027027027,4.407027027021028e-06,0.00419949864864865,1.4160810810810817e-05,0.68307495972973,0.2883362905405406,1.3633243243243247e-05,6.492432432432434e-06,0.0,2.0972972972972976e-06,1.405405405405406e-07,1.1199999999999999e-06,0.0,0.0,9.389189189189195e-07,0.0,0.0,0.0,0.0
2022-05-13,0.0041659191891891805,0.0025259813513513526,0.01765436027027027,4.407027027021028e-06,0.00419949864864865,1.4160810810810817e-05,0.68307495972973,0.2883362905405406,1.3633243243243247e-05,6.492432432432434e-06,0.0,2.0972972972972976e-06,1.405405405405406e-07,1.1199999999999999e-06,0.0,0.0,9.389189189189195e-07,0.0,0.0,0.0,0.0
2022-05-14,0.0041659191891891805,0.0025259813513513526,0.01765436027027027,4.407027027021028e-06,0.00419949864864865,1.4160810810810817e-05,0.68307495972973,0.2883362905405406,1.3633243243243247e-05,6.492432432432434e-06,0.0,2.0972972972972976e-06,1.405405405405406e-07,1.1199999999999999e-06,0.0,0.0,9.389189189189195e-07,0.0,0.0,0.0,0.0
2022-05-15,0.0041659191891891805,0.0025259813513513526,0.01765436027027027,4.407027027021028e-06,0.00419949864864865,1.4160810810810817e-05,0.68307495972973,0.2883362905405406,1.3633243243243247e-05,6.492432432432434e-06,0.0,2.0972972972972976e-06,1.405405405405406e-07,1.1199999999999999e-06,0.0,0.0,9.389189189189195e-07,0.0,0.0,0.0,0.0
2022-05-16,0.0041659191891891805,0.0025259813513513526,0.01765436027027027,4.407027027021028e-06,0.00419949864864865,1.4160810810810817e-05,0.68307495972973,0.2883362905405406,1.3633243243243247e-05,6.492432432432434e-06,0.0,2.0972972972972976e-06,1.405405405405406e-07,1.1199999999999999e-06,0.0,0.0,9.389189189189195e-07,0.0,0.0,0.0,0.0
2022-05-17,0.0041659191891891805,0.0025259813513513526,0.01765436027027027,4.407027027021028e-06,0.00419949864864865,1.4160810810810817e-05,0.68307495972973,0.2883362905405406,1.3633243243243247e-05,6.492432432432434e-06,0.0,2.0972972972972976e-06,1.405405405405406e-07,1.1199999999999999e-06,0.0,0.0,9.389189189189195e-07,0.0,0.0,0.0,0.0
2022-05-18,0.00405736896551724,0.0025555617241379315,0.010065179310344832,4.376551724130275e-06,0.004249647241379311,1.6104137931034487e-05,0.6603710993103449,0.31865712413793107,1.3097241379310349e-05,5.975862068965518e-06,0.0,1.7489655172413797e-06,1.1689655172413796e-07,1.4182758620689651e-06,0.0,0.0,1.181379310344828e-06,0.0,0.0,0.0,0.0
2022-05-19,0.004202274999999999,0.0026457964285714294,0.010424650000000004,4.532857142849213e-06,0.004401420357142858,1.667928571428572e-05,0.6839557814285715,0.29432448535714284,1.3565000000000003e-05,6.189285714285715e-06,0.0,1.8114285714285717e-06,1.210714285714286e-07,1.4689285714285712e-06,0.0,0.0,1.223571428571429e-06,0.0,0.0,0.0,0.0
2022-05-20,0.004202274999999999,0.0026457964285714294,0.010424650000000004,4.532857142849213e-06,0.004401420357142858,1.667928571428572e-05,0.6839557814285715,0.29432448535714284,1.3565000000000003e-05,6.189285714285715e-06,0.0,1.8114285714285717e-06,1.210714285714286e-07,1.4689285714285712e-06,0.0,0.0,1.223571428571429e-06,0.0,0.0,0.0,0.0
2022-05-21,0.004202274999999999,0.0026457964285714294,0.010424650000000004,4.532857142849213e-06,0.004401420357142858,1.667928571428572e-05,0.6839557814285715,0.29432448535714284,1.3565000000000003e-05,6.189285714285715e-06,0.0,1.8114285714285717e-06,1.210714285714286e-07,1.4689285714285712e-06,0.0,0.0,1.223571428571429e-06,0.0,0.0,0.0,0.0
2022-05-22,0.004202274999999999,0.0026457964285714294,0.010424650000000004,4.532857142849213e-06,0.004401420357142858,1.667928571428572e-05,0.6839557814285715,0.29432448535714284,1.3565000000000003e-05,6.189285714285715e-06,0.0,1.8114285714285717e-06,1.210714285714286e-07,1.4689285714285712e-06,0.0,0.0,1.223571428571429e-06,0.0,0.0,0.0,0.0
2022-05-23,0.004202274999999999,0.0026457964285714294,0.010424650000000004,4.532857142849213e-06,0.004401420357142858,1.667928571428572e-05,0.6839557814285715,0.29432448535714284,1.3565000000000003e-05,6.189285714285715e-06,0.0,1.8114285714285717e-06,1.210714285714286e-07,1.4689285714285712e-06,0.0,0.0,1.223571428571429e-06,0.0,0.0,0.0,0.0
2022-05-24,0.002934108749999989,0.0009845170833333338,0.0015125300000000004,2.5258333333240817e-06,0.0018050058333333341,1.945916666666667e-05,0.7004729879166668,0.2922430708333334,1.3177916666666671e-05,7.220833333333335e-06,0.0,2.1133333333333336e-06,1.4125000000000005e-07,1.7137499999999997e-06,0.0,0.0,1.4275000000000005e-06,0.0,0.0,0.0,0.0
2022-05-25,0.00028128789473682404,0.0003246547368421053,0.0003511,0.017257182105263155,0.001238792105263158,2.6553157894736848e-05,0.6725574142105264,0.3079240136842105,2.006842105263158e-05,1.0120526315789475e-05,0.0,2.6694736842105265e-06,1.7842105263157898e-07,2.657368421052631e-06,0.0,0.0,3.3078947368421063e-06,0.0,0.0,0.0,0.0
2022-05-26,0.00028128789473682404,0.0003246547368421053,0.0003511,0.017257182105263155,0.001238792105263158,2.6553157894736848e-05,0.6725574142105264,0.3079240136842105,2.006842105263158e-05,1.0120526315789475e-05,0.0,2.6694736842105265e-06,1.7842105263157898e-07,2.657368421052631e-06,0.0,0.0,3.3078947368421063e-06,0.0,0.0,0.0,0.0
2022-05-27,0.00028128789473682404,0.0003246547368421053,0.0003511,0.017257182105263155,0.001238792105263158,2.6553157894736848e-05,0.6725574142105264,0.3079240136842105,2.006842105263158e-05,1.0120526315789475e-05,0.0,2.6694736842105265e-06,1.7842105263157898e-07,2.657368421052631e-06,0.0,0.0,3.3078947368421063e-06,0.0,0.0,0.0,0.0
2022-05-28,0.00028128789473682404,0.0003246547368421053,0.0003511,0.017257182105263155,0.001238792105263158,2.6553157894736848e-05,0.6725574142105264,0.3079240136842105,2.006842105263158e-05,1.0120526315789475e-05,0.0,2.6694736842105265e-06,1.7842105263157898e-07,2.657368421052631e-06,0.0,0.0,3.3078947368421063e-06,0.0,0.0,0.0,0.0
2022-05-29,0.00028128789473682404,0.0003246547368421053,0.0003511,0.017257182105263155,0.001238792105263158,2.6553157894736848e-05,0.6725574142105264,0.3079240136842105,2.006842105263158e-05,1.0120526315789475e-05,0.0,2.6694736842105265e-06,1.7842105263157898e-07,2.657368421052631e-06,0.0,0.0,3.3078947368421063e-06,0.0,0.0,0.0,0.0
2022-05-30,0.00028128789473682404,0.0003246547368421053,0.0003511,0.017257182105263155,0.001238792105263158,2.6553157894736848e-05,0.6725574142105264,0.3079240136842105,2.006842105263158e-05,1.0120526315789475e-05,0.0,2.6694736842105265e-06,1.7842105263157898e-07,2.657368421052631e-06,0.0,0.0,3.3078947368421063e-06,0.0,0.0,0.0,0.0
2022-05-31,0.00030353437499998213,0.0003289825,0.0004156331250000001,0.020492443124999996,0.0013131600000000003,2.2622500000000002e-05,0.691141524375,0.28594659562499997,1.8878750000000003e-05,9.785625000000002e-06,0.0,3.1700000000000006e-06,0.0,1.6962499999999996e-06,0.0,0.0,1.973750000000001e-06,0.0,0.0,0.0,0.0
2022-06-01,0.00014077272727273458,0.0003324927272727274,1.535272727272728e-05,0.029802349090909088,0.0017339190909090912,1.1933636363636363e-05,0.6064671963636366,0.3614686181818182,1.7380000000000006e-05,4.941818181818183e-06,0.0,0.0,0.0,2.4445454545454545e-06,0.0,0.0,2.59909090909091e-06,0.0,0.0,0.0,0.0
2022-06-02,0.00014077272727273458,0.0003324927272727274,1.535272727272728e-05,0.029802349090909088,0.0017339190909090912,1.1933636363636363e-05,0.6064671963636366,0.3614686181818182,1.7380000000000006e-05,4.941818181818183e-06,0.0,0.0,0.0,2.4445454545454545e-06,0.0,0.0,2.59909090909091e-06,0.0,0.0,0.0,0.0
2022-06-03,0.00014077272727273458,0.0003324927272727274,1.535272727272728e-05,0.029802349090909088,0.0017339190909090912,1.1933636363636363e-05,0.6064671963636366,0.3614686181818182,1.7380000000000006e-05,4.941818181818183e-06,0.0,0.0,0.0,2.4445454545454545e-06,0.0,0.0,2.59909090909091e-06,0.0,0.0,0.0,0.0
2022-06-04,0.00014077272727273458,0.0003324927272727274,1.535272727272728e-05,0.029802349090909088,0.0017339190909090912,1.1933636363636363e-05,0.6064671963636366,0.3614686181818182,1.7380000000000006e-05,4.941818181818183e-06,0.0,0.0,0.0,2.4445454545454545e-06,0.0,0.0,2.59909090909091e-06,0.0,0.0,0.0,0.0
2022-06-05,0.00014077272727273458,0.0003324927272727274,1.535272727272728e-05,0.029802349090909088,0.0017339190909090912,1.1933636363636363e-05,0.6064671963636366,0.3614686181818182,1.7380000000000006e-05,4.941818181818183e-06,0.0,0.0,0.0,2.4445454545454545e-06,0.0,0.0,2.59909090909091e-06,0.0,0.0,0.0,0.0
2022-06-06,0.00014077272727273458,0.0003324927272727274,1.535272727272728e-05,0.029802349090909088,0.0017339190909090912,1.1933636363636363e-05,0.6064671963636366,0.3614686181818182,1.7380000000000006e-05,4.941818181818183e-06,0.0,0.0,0.0,2.4445454545454545e-06,0.0,0.0,2.59909090909091e-06,0.0,0.0,0.0,0.0
2022-06-07,0.00014077272727273458,0.0003324927272727274,1.535272727272728e-05,0.029802349090909088,0.0017339190909090912,1.1933636363636363e-05,0.6064671963636366,0.3614686181818182,1.7380000000000006e-05,4.941818181818183e-06,0.0,0.0,0.0,2.4445454545454545e-06,0.0,0.0,2.59909090909091e-06,0.0,0.0,0.0,0.0
2022-06-08,0.00014867545454547184,0.00033143,1.323818181818182e-05,0.029802349090909085,0.00114898,9.84272727272727e-06,0.6400854154545456,0.3284467309090909,8.161818181818181e-06,1.7263636363636367e-06,0.0,0.0,0.0,8.509090909090898e-07,0.0,0.0,2.5990909090909097e-06,0.0,0.0,0.0,0.0
2022-06-09,0.00014867545454547184,0.00033143,1.323818181818182e-05,0.029802349090909085,0.00114898,9.84272727272727e-06,0.6400854154545456,0.3284467309090909,8.161818181818181e-06,1.7263636363636367e-06,0.0,0.0,0.0,8.509090909090898e-07,0.0,0.0,2.5990909090909097e-06,0.0,0.0,0.0,0.0
2022-06-10,0.00014867545454547184,0.00033143,1.323818181818182e-05,0.029802349090909085,0.00114898,9.84272727272727e-06,0.6400854154545456,0.3284467309090909,8.161818181818181e-06,1.7263636363636367e-06,0.0,0.0,0.0,8.509090909090898e-07,0.0,0.0,2.5990909090909097e-06,0.0,0.0,0.0,0.0
2022-06-11,0.00014867545454547184,0.00033143,1.323818181818182e-05,0.029802349090909085,0.00114898,9.84272727272727e-06,0.6400854154545456,0.3284467309090909,8.161818181818181e-06,1.7263636363636367e-06,0.0,0.0,0.0,8.509090909090898e-07,0.0,0.0,2.5990909090909097e-06,0.0,0.0,0.0,0.0
2022-06-12,0.00014867545454547184,0.00033143,1.323818181818182e-05,0.029802349090909085,0.00114898,9.84272727272727e-06,0.6400854154545456,0.3284467309090909,8.161818181818181e-06,1.7263636363636367e-06,0.0,0.0,0.0,8.509090909090898e-07,0.0,0.0,2.5990909090909097e-06,0.0,0.0,0.0,0.0
2022-06-13,0.00014867545454547184,0.00033143,1.323818181818182e-05,0.029802349090909085,0.00114898,9.84272727272727e-06,0.6400854154545456,0.3284467309090909,8.161818181818181e-06,1.7263636363636367e-06,0.0,0.0,0.0,8.509090909090898e-07,0.0,0.0,2.5990909090909097e-06,0.0,0.0,0.0,0.0
2022-06-14,0.00014867545454547184,0.00033143,1.323818181818182e-05,0.029802349090909085,0.00114898,9.84272727272727e-06,0.6400854154545456,0.3284467309090909,8.161818181818181e-06,1.7263636363636367e-06,0.0,0.0,0.0,8.509090909090898e-07,0.0,0.0,2.5990909090909097e-06,0.0,0.0,0.0,0.0
2022-06-15,0.0001556949999999865,0.000469826,1.0715000000000002e-05,0.03278258399999999,0.0003601350000000002,1.0826999999999998e-05,0.504137935,0.46205797000000004,6.503e-06,4.0150000000000005e-06,0.0,0.0,0.0,9.359999999999989e-07,0.0,0.0,2.859000000000001e-06,0.0,0.0,0.0,0.0
2022-06-16,0.0001556949999999865,0.000469826,1.0715000000000002e-05,0.03278258399999999,0.0003601350000000002,1.0826999999999998e-05,0.504137935,0.46205797000000004,6.503e-06,4.0150000000000005e-06,0.0,0.0,0.0,9.359999999999989e-07,0.0,0.0,2.859000000000001e-06,0.0,0.0,0.0,0.0
2022-06-17,0.0001556949999999865,0.000469826,1.0715000000000002e-05,0.03278258399999999,0.0003601350000000002,1.0826999999999998e-05,0.504137935,0.46205797000000004,6.503e-06,4.0150000000000005e-06,0.0,0.0,0.0,9.359999999999989e-07,0.0,0.0,2.859000000000001e-06,0.0,0.0,0.0,0.0
2022-06-18,0.0001556949999999865,0.000469826,1.0715000000000002e-05,0.03278258399999999,0.0003601350000000002,1.0826999999999998e-05,0.504137935,0.46205797000000004,6.503e-06,4.0150000000000005e-06,0.0,0.0,0.0,9.359999999999989e-07,0.0,0.0,2.859000000000001e-06,0.0,0.0,0.0,0.0
2022-06-19,0.0001556949999999865,0.000469826,1.0715000000000002e-05,0.03278258399999999,0.0003601350000000002,1.0826999999999998e-05,0.504137935,0.46205797000000004,6.503e-06,4.0150000000000005e-06,0.0,0.0,0.0,9.359999999999989e-07,0.0,0.0,2.859000000000001e-06,0.0,0.0,0.0,0.0
2022-06-20,0.0001556949999999865,0.000469826,1.0715000000000002e-05,0.03278258399999999,0.0003601350000000002,1.0826999999999998e-05,0.504137935,0.46205797000000004,6.503e-06,4.0150000000000005e-06,0.0,0.0,0.0,9.359999999999989e-07,0.0,0.0,2.859000000000001e-06,0.0,0.0,0.0,0.0
2022-06-21,0.00016746363636361113,0.00042711454545454544,0.09089290909090912,0.029802349090909085,0.00032739545454545473,9.84272727272727e-06,0.4583072136363637,0.4200527,5.911818181818182e-06,3.6500000000000006e-06,0.0,0.0,0.0,8.509090909090898e-07,0.0,0.0,2.5990909090909097e-06,0.0,0.0,0.0,0.0
2022-06-22,0.03635479599999999,0.010242427000000002,0.09999332500000002,0.09997119399999999,0.111193443,0.0,0.28851042400000004,0.353732222,5.300000000000001e-08,2.1160000000000006e-06,0.0,0.0,0.0,0.0,0.0,0.0,0.0,0.0,0.0,0.0,0.0
2022-06-23,0.03635479599999999,0.010242427000000002,0.09999332500000002,0.09997119399999999,0.111193443,0.0,0.28851042400000004,0.353732222,5.300000000000001e-08,2.1160000000000006e-06,0.0,0.0,0.0,0.0,0.0,0.0,0.0,0.0,0.0,0.0,0.0
2022-06-24,0.03635479599999999,0.010242427000000002,0.09999332500000002,0.09997119399999999,0.111193443,0.0,0.28851042400000004,0.353732222,5.300000000000001e-08,2.1160000000000006e-06,0.0,0.0,0.0,0.0,0.0,0.0,0.0,0.0,0.0,0.0,0.0
2022-06-25,0.03635479599999999,0.010242427000000002,0.09999332500000002,0.09997119399999999,0.111193443,0.0,0.28851042400000004,0.353732222,5.300000000000001e-08,2.1160000000000006e-06,0.0,0.0,0.0,0.0,0.0,0.0,0.0,0.0,0.0,0.0,0.0
2022-06-26,0.03635479599999999,0.010242427000000002,0.09999332500000002,0.09997119399999999,0.111193443,0.0,0.28851042400000004,0.353732222,5.300000000000001e-08,2.1160000000000006e-06,0.0,0.0,0.0,0.0,0.0,0.0,0.0,0.0,0.0,0.0,0.0
2022-06-27,0.03635479599999999,0.010242427000000002,0.09999332500000002,0.09997119399999999,0.111193443,0.0,0.28851042400000004,0.353732222,5.300000000000001e-08,2.1160000000000006e-06,0.0,0.0,0.0,0.0,0.0,0.0,0.0,0.0,0.0,0.0,0.0
2022-06-28,0.030335500000000005,0.008535355833333334,0.08332777083333336,0.08330932833333332,0.09293150666666666,0.0,0.3388085558333334,0.3627368991666666,4.416666666666667e-08,6.239166666666667e-06,0.0,8.8e-06,0.0,0.0,0.0,0.0,0.0,0.0,0.0,0.0,0.0
2022-06-29,0.02801780615384614,0.016077411538461543,0.07691388846153847,0.07690091846153845,0.08568262538461537,0.0,0.3650663923076924,0.35132703461538456,4.0769230769230774e-08,5.75923076923077e-06,0.0,8.123076923076924e-06,0.0,0.0,0.0,0.0,0.0,0.0,0.0,0.0,0.0
2022-06-30,0.02801780615384614,0.016077411538461543,0.07691388846153847,0.07690091846153845,0.08568262538461537,0.0,0.3650663923076924,0.35132703461538456,4.0769230769230774e-08,5.75923076923077e-06,0.0,8.123076923076924e-06,0.0,0.0,0.0,0.0,0.0,0.0,0.0,0.0,0.0
2022-07-01,0.02801780615384614,0.016077411538461543,0.07691388846153847,0.07690091846153845,0.08568262538461537,0.0,0.3650663923076924,0.35132703461538456,4.0769230769230774e-08,5.75923076923077e-06,0.0,8.123076923076924e-06,0.0,0.0,0.0,0.0,0.0,0.0,0.0,0.0,0.0
2022-07-02,0.02801780615384614,0.016077411538461543,0.07691388846153847,0.07690091846153845,0.08568262538461537,0.0,0.3650663923076924,0.35132703461538456,4.0769230769230774e-08,5.75923076923077e-06,0.0,8.123076923076924e-06,0.0,0.0,0.0,0.0,0.0,0.0,0.0,0.0,0.0
2022-07-03,0.02801780615384614,0.016077411538461543,0.07691388846153847,0.07690091846153845,0.08568262538461537,0.0,0.3650663923076924,0.35132703461538456,4.0769230769230774e-08,5.75923076923077e-06,0.0,8.123076923076924e-06,0.0,0.0,0.0,0.0,0.0,0.0,0.0,0.0,0.0
2022-07-04,0.02801780615384614,0.016077411538461543,0.07691388846153847,0.07690091846153845,0.08568262538461537,0.0,0.3650663923076924,0.35132703461538456,4.0769230769230774e-08,5.75923076923077e-06,0.0,8.123076923076924e-06,0.0,0.0,0.0,0.0,0.0,0.0,0.0,0.0,0.0
2022-07-05,0.02801780615384614,0.016077411538461543,0.07691388846153847,0.07690091846153845,0.08568262538461537,0.0,0.3650663923076924,0.35132703461538456,4.0769230769230774e-08,5.75923076923077e-06,0.0,8.123076923076924e-06,0.0,0.0,0.0,0.0,0.0,0.0,0.0,0.0,0.0
2022-07-06,0.03308334909090909,0.01897234181818182,0.09089823181818184,0.09088290363636362,0.10123608454545453,0.0,0.2583693263636364,0.4065413081818181,4.818181818181819e-08,6.806363636363637e-06,0.0,9.600000000000001e-06,0.0,0.0,0.0,0.0,0.0,0.0,0.0,0.0,0.0
2022-07-07,0.03396381692307692,0.01609174307692308,0.14786184692307697,0.07690091846153846,0.0857018176923077,0.0,0.22239275000000006,0.4170731838461538,4.076923076923078e-08,5.75923076923077e-06,0.0,8.123076923076925e-06,0.0,0.0,0.0,0.0,0.0,0.0,0.0,0.0,0.0
2022-07-08,0.03396381692307692,0.01609174307692308,0.14786184692307697,0.07690091846153846,0.0857018176923077,0.0,0.22239275000000006,0.4170731838461538,4.076923076923078e-08,5.75923076923077e-06,0.0,8.123076923076925e-06,0.0,0.0,0.0,0.0,0.0,0.0,0.0,0.0,0.0
2022-07-09,0.03396381692307692,0.01609174307692308,0.14786184692307697,0.07690091846153846,0.0857018176923077,0.0,0.22239275000000006,0.4170731838461538,4.076923076923078e-08,5.75923076923077e-06,0.0,8.123076923076925e-06,0.0,0.0,0.0,0.0,0.0,0.0,0.0,0.0,0.0
2022-07-10,0.03396381692307692,0.01609174307692308,0.14786184692307697,0.07690091846153846,0.0857018176923077,0.0,0.22239275000000006,0.4170731838461538,4.076923076923078e-08,5.75923076923077e-06,0.0,8.123076923076925e-06,0.0,0.0,0.0,0.0,0.0,0.0,0.0,0.0,0.0
2022-07-11,0.03396381692307692,0.01609174307692308,0.14786184692307697,0.07690091846153846,0.0857018176923077,0.0,0.22239275000000006,0.4170731838461538,4.076923076923078e-08,5.75923076923077e-06,0.0,8.123076923076925e-06,0.0,0.0,0.0,0.0,0.0,0.0,0.0,0.0,0.0
2022-07-12,0.03396381692307692,0.01609174307692308,0.14786184692307697,0.07690091846153846,0.0857018176923077,0.0,0.22239275000000006,0.4170731838461538,4.076923076923078e-08,5.75923076923077e-06,0.0,8.123076923076925e-06,0.0,0.0,0.0,0.0,0.0,0.0,0.0,0.0,0.0
2022-07-13,0.033941756153846196,0.015984070769230776,0.14786048538461544,0.07690091846153846,0.08596428307692308,0.0,0.3399414730769232,0.2993947176923077,4.076923076923078e-08,4.131538461538463e-06,0.0,8.123076923076925e-06,0.0,0.0,0.0,0.0,0.0,0.0,0.0,0.0,0.0
2022-07-14,0.029440759333333334,0.013882748,0.12814575400000003,0.06664746266666666,0.07463737200000001,0.0,0.312542244,0.37469300400000005,3.533333333333334e-08,3.580666666666667e-06,0.0,7.04e-06,0.0,0.0,0.0,0.0,0.0,0.0,0.0,0.0,0.0
2022-07-15,0.029440759333333334,0.013882748000000002,0.12814575400000003,0.06664746266666666,0.07463737200000001,0.0,0.312542244,0.37469300400000005,3.533333333333334e-08,3.580666666666667e-06,0.0,7.04e-06,0.0,0.0,0.0,0.0,0.0,0.0,0.0,0.0,0.0
2022-07-16,0.029440759333333334,0.013882748000000002,0.12814575400000003,0.06664746266666666,0.07463737200000001,0.0,0.312542244,0.37469300400000005,3.533333333333334e-08,3.580666666666667e-06,0.0,7.04e-06,0.0,0.0,0.0,0.0,0.0,0.0,0.0,0.0,0.0
2022-07-17,0.029440759333333334,0.013882748000000002,0.12814575400000003,0.06664746266666666,0.07463737200000001,0.0,0.312542244,0.37469300400000005,3.533333333333334e-08,3.580666666666667e-06,0.0,7.04e-06,0.0,0.0,0.0,0.0,0.0,0.0,0.0,0.0,0.0
2022-07-18,0.029440759333333334,0.013882748000000002,0.12814575400000003,0.06664746266666666,0.07463737200000001,0.0,0.312542244,0.37469300400000005,3.533333333333334e-08,3.580666666666667e-06,0.0,7.04e-06,0.0,0.0,0.0,0.0,0.0,0.0,0.0,0.0,0.0
2022-07-19,0.09606893933333335,0.013887445333333337,0.06151012600000002,0.06664746266666666,0.07463737200000001,0.0,0.312542244,0.37469575466666666,3.533333333333334e-08,3.580666666666667e-06,0.0,7.04e-06,0.0,0.0,0.0,0.0,0.0,0.0,0.0,0.0,0.0
2022-07-20,0.07192476933333332,0.007198946000000001,0.06150028733333335,0.0,0.0006924046666666668,0.0,0.35430914466666674,0.5043637706666667,5.666666666666667e-08,3.580666666666667e-06,0.0,7.04e-06,0.0,0.0,0.0,0.0,0.0,0.0,0.0,0.0,0.0
2022-07-21,0.06346274882352941,0.006372739411764706,0.054264959411764714,0.0,0.0006112376470588236,0.0,0.31262571588235294,0.5626529764705882,1.2e-07,3.204705882352941e-06,0.0,6.263529411764706e-06,1.588235294117647e-08,1.823529411764626e-08,0.0,0.0,0.0,0.0,0.0,0.0,0.0
2022-07-22,0.06346274882352941,0.006372739411764706,0.054264959411764714,0.0,0.0006112376470588236,0.0,0.31262571588235294,0.5626529764705882,1.2e-07,3.204705882352941e-06,0.0,6.263529411764706e-06,1.588235294117647e-08,1.823529411764626e-08,0.0,0.0,0.0,0.0,0.0,0.0,0.0
2022-07-23,0.06346274882352941,0.006372739411764706,0.054264959411764714,0.0,0.0006112376470588236,0.0,0.31262571588235294,0.5626529764705882,1.2e-07,3.204705882352941e-06,0.0,6.263529411764706e-06,1.588235294117647e-08,1.823529411764626e-08,0.0,0.0,0.0,0.0,0.0,0.0,0.0
2022-07-24,0.06346274882352941,0.006372739411764706,0.054264959411764714,0.0,0.0006112376470588236,0.0,0.31262571588235294,0.5626529764705882,1.2e-07,3.204705882352941e-06,0.0,6.263529411764706e-06,1.588235294117647e-08,1.823529411764626e-08,0.0,0.0,0.0,0.0,0.0,0.0,0.0
2022-07-25,0.06346274882352941,0.006372739411764706,0.054264959411764714,0.0,0.0006112376470588236,0.0,0.31262571588235294,0.5626529764705882,1.2e-07,3.204705882352941e-06,0.0,6.263529411764706e-06,1.588235294117647e-08,1.823529411764626e-08,0.0,0.0,0.0,0.0,0.0,0.0,0.0
2022-07-26,0.07189257933333332,0.007222438000000001,0.06150028733333335,0.0,0.00047649266666666677,0.0,0.27560258266666665,0.5833053353333333,1.36e-07,5.133333333333334e-08,0.0,5.8666666666666676e-08,1.8000000000000002e-08,2.0666666666665766e-08,0.0,0.0,0.0,0.0,0.0,0.0,0.0
2022-07-27,0.08983221,0.00013976,0.07687535916666668,0.0,0.0005867900000000001,0.0,0.23180044583333334,0.6007650791666667,1.7000000000000001e-07,6.416666666666668e-08,0.0,7.333333333333334e-08,2.2500000000000003e-08,2.5833333333332208e-08,0.0,0.0,0.0,0.0,0.0,0.0,0.0
2022-07-28,0.061461789444444435,0.0010507361111111112,0.051255522777777784,0.0,0.0004102677777777778,1.6683333333333302e-06,0.23637562833333328,0.6494440488888888,1.1333333333333333e-07,1.4388888888888888e-07,0.0,4.8888888888888894e-08,1.5000000000000002e-08,1.7222222222221468e-08,0.0,0.0,0.0,0.0,0.0,0.0,0.0
2022-07-29,0.058226815789473675,0.001002895263157895,0.04855788631578948,0.0,0.0003886989473684211,1.5805263157894707e-06,0.2765575852631579,0.6152641521052631,1.5e-07,1.363157894736842e-07,0.0,6.894736842105264e-08,1.4210526315789474e-08,1.6315789473683496e-08,0.0,0.0,0.0,0.0,0.0,0.0,0.0
2022-07-30,0.058226815789473675,0.001002895263157895,0.04855788631578948,0.0,0.0003886989473684211,1.5805263157894707e-06,0.2765575852631579,0.6152641521052631,1.5e-07,1.363157894736842e-07,0.0,6.894736842105264e-08,1.4210526315789474e-08,1.6315789473683496e-08,0.0,0.0,0.0,0.0,0.0,0.0,0.0
2022-07-31,0.058226815789473675,0.001002895263157895,0.04855788631578948,0.0,0.0003886989473684211,1.5805263157894707e-06,0.2765575852631579,0.6152641521052631,1.5e-07,1.363157894736842e-07,0.0,6.894736842105264e-08,1.4210526315789474e-08,1.6315789473683496e-08,0.0,0.0,0.0,0.0,0.0,0.0,0.0
2022-08-01,0.058226815789473675,0.001002895263157895,0.04855788631578948,0.0,0.0003886989473684211,1.5805263157894707e-06,0.2765575852631579,0.6152641521052631,1.5e-07,1.363157894736842e-07,0.0,6.894736842105264e-08,1.4210526315789474e-08,1.6315789473683496e-08,0.0,0.0,0.0,0.0,0.0,0.0,0.0
2022-08-02,0.058226815789473675,0.001002895263157895,0.04855788631578948,0.0,0.0003886989473684211,1.5805263157894707e-06,0.2765575852631579,0.6152641521052631,1.5e-07,1.363157894736842e-07,0.0,6.894736842105264e-08,1.4210526315789474e-08,1.6315789473683496e-08,0.0,0.0,0.0,0.0,0.0,0.0,0.0
2022-08-03,0.052684717142857135,0.0022686904761904762,0.043933325714285716,0.0,0.00035168000000000005,1.4299999999999973e-06,0.255689359047619,0.6450704485714285,1.357142857142857e-07,1.2333333333333333e-07,0.0,6.238095238095239e-08,1.2857142857142857e-08,1.4761904761904117e-08,0.0,0.0,0.0,0.0,0.0,0.0,0.0
2022-08-04,0.04898863952380951,0.007571677142857143,1.3204761904761903e-05,1.5238095227521686e-08,0.0003320561904761905,1.4299999999999973e-06,0.26424954380952376,0.6788412623809523,1.8880952380952381e-06,1.3857142857142856e-07,0.0,1.0523809523809524e-07,1.2857142857142857e-08,2.6190476190475546e-08,0.0,0.0,0.0,0.0,0.0,0.0,0.0
2022-08-05,0.04898863952380952,0.007571677142857143,1.3204761904761903e-05,1.5238095227521686e-08,0.0003320561904761905,1.4299999999999973e-06,0.26424954380952376,0.6788412623809523,1.8880952380952381e-06,1.3857142857142856e-07,0.0,1.0523809523809524e-07,1.2857142857142857e-08,2.6190476190475546e-08,0.0,0.0,0.0,0.0,0.0,0.0,0.0
2022-08-06,0.04898863952380952,0.007571677142857143,1.3204761904761903e-05,1.5238095227521686e-08,0.0003320561904761905,1.4299999999999973e-06,0.26424954380952376,0.6788412623809523,1.8880952380952381e-06,1.3857142857142856e-07,0.0,1.0523809523809524e-07,1.2857142857142857e-08,2.6190476190475546e-08,0.0,0.0,0.0,0.0,0.0,0.0,0.0
2022-08-07,0.04898863952380952,0.007571677142857143,1.3204761904761903e-05,1.5238095227521686e-08,0.0003320561904761905,1.4299999999999973e-06,0.26424954380952376,0.6788412623809523,1.8880952380952381e-06,1.3857142857142856e-07,0.0,1.0523809523809524e-07,1.2857142857142857e-08,2.6190476190475546e-08,0.0,0.0,0.0,0.0,0.0,0.0,0.0
2022-08-08,0.04898863952380952,0.007571677142857143,1.3204761904761903e-05,1.5238095227521686e-08,0.0003320561904761905,1.4299999999999973e-06,0.26424954380952376,0.6788412623809523,1.8880952380952381e-06,1.3857142857142856e-07,0.0,1.0523809523809524e-07,1.2857142857142857e-08,2.6190476190475546e-08,0.0,0.0,0.0,0.0,0.0,0.0,0.0
2022-08-09,0.0467619077272727,0.007227509999999999,1.2604545454545451e-05,1.4545454535361607e-08,0.00031696272727272724,1.3649999999999973e-06,0.2522382009090908,0.6934393622727272,1.802272727272727e-06,1.3227272727272724e-07,0.0,1.0045454545454543e-07,1.227272727272727e-08,2.499999999999938e-08,0.0,0.0,0.0,0.0,0.0,0.0,0.0
2022-08-10,0.04115702879999993,0.006409221199999999,1.1781999999999998e-05,1.2799999991118216e-08,0.0002611272,1.2011999999999977e-06,0.22506387879999998,0.7270939244,1.5860000000000001e-06,1.1640000000000001e-07,0.0,8.84e-08,1.08e-08,2.199999999999946e-08,0.0,0.0,0.0,0.0,0.0,0.0,0.0
2022-08-11,0.04471987652173909,0.006947053478260869,1.2806521739130434e-05,1.3913043468606756e-08,0.00019579478260869565,1.305652173913041e-06,0.23294358521739128,0.7151775817391304,1.723913043478261e-06,1.265217391304348e-07,0.0,9.608695652173913e-08,1.173913043478261e-08,2.391304347826028e-08,0.0,0.0,0.0,0.0,0.0,0.0,0.0
2022-08-12,0.041147815199999944,0.009215902000000002,1.1782e-05,1.2799999991118218e-08,0.0019291936,1.201199999999998e-06,0.25367356480000003,0.6940186832,1.5860000000000004e-06,1.256e-07,0.0,1.0080000000000002e-07,1.0800000000000002e-08,2.1999999999999462e-08,0.0,0.0,0.0,0.0,0.0,0.0,0.0
2022-08-13,0.041147815199999944,0.009215902000000002,1.1782e-05,1.2799999991118218e-08,0.0019291936,1.201199999999998e-06,0.25367356480000003,0.6940186832,1.5860000000000004e-06,1.256e-07,0.0,1.0080000000000002e-07,1.0800000000000002e-08,2.1999999999999462e-08,0.0,0.0,0.0,0.0,0.0,0.0,0.0
2022-08-14,0.041147815199999944,0.009215902000000002,1.1782e-05,1.2799999991118218e-08,0.0019291936,1.201199999999998e-06,0.25367356480000003,0.6940186832,1.5860000000000004e-06,1.256e-07,0.0,1.0080000000000002e-07,1.0800000000000002e-08,2.1999999999999462e-08,0.0,0.0,0.0,0.0,0.0,0.0,0.0
2022-08-15,0.041147815199999944,0.009215902000000002,1.1782e-05,1.2799999991118218e-08,0.0019291936,1.201199999999998e-06,0.25367356480000003,0.6940186832,1.5860000000000004e-06,1.256e-07,0.0,1.0080000000000002e-07,1.0800000000000002e-08,2.1999999999999462e-08,0.0,0.0,0.0,0.0,0.0,0.0,0.0
2022-08-16,0.001350705599999938,0.009221389600000003,4.564800000000001e-06,8.056959999999112e-05,0.0019311096,1.201199999999998e-06,0.25367356480000003,0.7337350496,1.5860000000000004e-06,1.256e-07,0.0,1.0080000000000002e-07,1.0800000000000002e-08,2.1999999999999462e-08,0.0,0.0,0.0,0.0,0.0,0.0,0.0
2022-08-17,0.0012279914285713792,0.00825236142857143,4.080714285714286e-06,7.193714285713492e-05,0.0016953085714285713,1.0724999999999982e-06,0.21092899464285716,0.7778158675000002,1.4085714285714288e-06,8.185714285714288e-07,0.0,1.2964285714285716e-07,9.642857142857144e-09,1.9642857142856663e-08,0.0,0.0,0.0,0.0,0.0,0.0,0.0
2022-08-18,0.0012422735714285181,0.016592286785714287,4.080714285714286e-06,7.193714285713492e-05,0.0017019546428571428,1.0724999999999982e-06,0.2215719192857143,0.7588122114285716,1.3660714285714288e-06,7.910714285714287e-07,0.0,9.821428571428573e-08,0.0,8.571428571428089e-09,0.0,0.0,0.0,0.0,0.0,0.0,0.0
2022-08-19,0.0012422735714285181,0.016592286785714287,4.080714285714286e-06,7.193714285713492e-05,0.0017019546428571428,1.0724999999999982e-06,0.2215719192857143,0.7588122114285716,1.3660714285714288e-06,7.910714285714287e-07,0.0,9.821428571428573e-08,0.0,8.571428571428089e-09,0.0,0.0,0.0,0.0,0.0,0.0,0.0
2022-08-20,0.0012422735714285181,0.016592286785714287,4.080714285714286e-06,7.193714285713492e-05,0.0017019546428571428,1.0724999999999982e-06,0.2215719192857143,0.7588122114285716,1.3660714285714288e-06,7.910714285714287e-07,0.0,9.821428571428573e-08,0.0,8.571428571428089e-09,0.0,0.0,0.0,0.0,0.0,0.0,0.0
2022-08-21,0.0012422735714285181,0.016592286785714287,4.080714285714286e-06,7.193714285713492e-05,0.0017019546428571428,1.0724999999999982e-06,0.2215719192857143,0.7588122114285716,1.3660714285714288e-06,7.910714285714287e-07,0.0,9.821428571428573e-08,0.0,8.571428571428089e-09,0.0,0.0,0.0,0.0,0.0,0.0,0.0
2022-08-22,0.0012422735714285181,0.016592286785714287,4.080714285714286e-06,7.193714285713492e-05,0.0017019546428571428,1.0724999999999982e-06,0.2215719192857143,0.7588122114285716,1.3660714285714288e-06,7.910714285714287e-07,0.0,9.821428571428573e-08,0.0,8.571428571428089e-09,0.0,0.0,0.0,0.0,0.0,0.0,0.0
2022-08-23,0.0012422735714285181,0.016592286785714287,4.080714285714286e-06,7.193714285713492e-05,0.0017019546428571428,1.0724999999999982e-06,0.2215719192857143,0.7588122114285716,1.3660714285714288e-06,7.910714285714287e-07,0.0,9.821428571428573e-08,0.0,8.571428571428089e-09,0.0,0.0,0.0,0.0,0.0,0.0,0.0
2022-08-24,0.0011726359999999266,0.03934521633333334,4.286333333333333e-06,0.009141633333333328,0.0015889860000000001,1.0009999999999983e-06,0.20680045800000002,0.7419436700000002,1.2750000000000003e-06,7.383333333333334e-07,0.0,9.166666666666668e-08,0.0,7.999999999999549e-09,0.0,0.0,0.0,0.0,0.0,0.0,0.0
2022-08-25,0.00027791399999991606,0.04652604480000001,1.5820000000000003e-06,0.010969959999999994,0.0018930496000000002,0.0,0.18923532520000005,0.7510936616,1.5300000000000002e-06,8.132000000000001e-07,0.0,1.1000000000000002e-07,0.0,9.599999999999459e-09,0.0,0.0,0.0,0.0,0.0,0.0,0.0
2022-08-26,0.00028960666666657734,0.04845872333333335,1.63e-06,0.01142704166666666,0.0019719075000000003,0.0,0.15546043000000004,0.7823881470833334,1.5600000000000003e-06,8.470833333333335e-07,0.0,9.666666666666667e-08,0.0,9.999999999999436e-09,0.0,0.0,0.0,0.0,0.0,0.0,0.0
2022-08-27,0.00028960666666657734,0.04845872333333335,1.63e-06,0.01142704166666666,0.0019719075000000003,0.0,0.15546043000000004,0.7823881470833334,1.5600000000000003e-06,8.470833333333335e-07,0.0,9.666666666666667e-08,0.0,9.999999999999436e-09,0.0,0.0,0.0,0.0,0.0,0.0,0.0
2022-08-28,0.00028960666666657734,0.04845872333333335,1.63e-06,0.01142704166666666,0.0019719075000000003,0.0,0.15546043000000004,0.7823881470833334,1.5600000000000003e-06,8.470833333333335e-07,0.0,9.666666666666667e-08,0.0,9.999999999999436e-09,0.0,0.0,0.0,0.0,0.0,0.0,0.0
2022-08-29,0.00028960666666657734,0.04845872333333335,1.63e-06,0.01142704166666666,0.0019719075000000003,0.0,0.15546043000000004,0.7823881470833334,1.5600000000000003e-06,8.470833333333335e-07,0.0,9.666666666666667e-08,0.0,9.999999999999436e-09,0.0,0.0,0.0,0.0,0.0,0.0,0.0
2022-08-30,0.00028960666666657734,0.04845872333333335,1.63e-06,0.01142704166666666,0.0019719075000000003,0.0,0.15546043000000004,0.7823881470833334,1.5600000000000003e-06,8.470833333333335e-07,0.0,9.666666666666667e-08,0.0,9.999999999999436e-09,0.0,0.0,0.0,0.0,0.0,0.0,0.0
2022-08-31,0.00028488999999997045,0.046764222692307705,2.856538461538462e-06,0.012802913076923071,0.008610450384615385,9.242307692307672e-07,0.13909121961538465,0.7924402030769232,1.4400000000000002e-06,7.819230769230771e-07,0.0,8.923076923076924e-08,0.0,9.23076923076871e-09,0.0,0.0,0.0,0.0,0.0,0.0,0.0
2022-09-01,0.00029657961538457836,0.04247131384615385,2.8211538461538464e-06,0.012802900769230763,0.008625205384615385,9.242307692307672e-07,0.15048593884615385,0.7853128846153847,2.4615384615384616e-08,1.3523076923076927e-06,0.0,5.461538461538462e-08,0.0,0.0,0.0,0.0,0.0,0.0,0.0,0.0,0.0
2022-09-02,0.00029657961538457836,0.04247131384615385,2.8211538461538464e-06,0.012802900769230763,0.008625205384615385,9.242307692307672e-07,0.15048593884615385,0.7853128846153847,2.4615384615384616e-08,1.3523076923076927e-06,0.0,5.461538461538462e-08,0.0,0.0,0.0,0.0,0.0,0.0,0.0,0.0,0.0
2022-09-03,0.00029657961538457836,0.04247131384615385,2.8211538461538464e-06,0.012802900769230763,0.008625205384615385,9.242307692307672e-07,0.15048593884615385,0.7853128846153847,2.4615384615384616e-08,1.3523076923076927e-06,0.0,5.461538461538462e-08,0.0,0.0,0.0,0.0,0.0,0.0,0.0,0.0,0.0
2022-09-04,0.00029657961538457836,0.04247131384615385,2.8211538461538464e-06,0.012802900769230763,0.008625205384615385,9.242307692307672e-07,0.15048593884615385,0.7853128846153847,2.4615384615384616e-08,1.3523076923076927e-06,0.0,5.461538461538462e-08,0.0,0.0,0.0,0.0,0.0,0.0,0.0,0.0,0.0
2022-09-05,0.00029657961538457836,0.04247131384615385,2.8211538461538464e-06,0.012802900769230763,0.008625205384615385,9.242307692307672e-07,0.15048593884615385,0.7853128846153847,2.4615384615384616e-08,1.3523076923076927e-06,0.0,5.461538461538462e-08,0.0,0.0,0.0,0.0,0.0,0.0,0.0,0.0,0.0
2022-09-06,0.00030090576923073675,0.04247372115384616,2.8211538461538464e-06,0.012802900769230763,0.008625205384615385,9.242307692307672e-07,0.15048593884615385,0.785304195,1.281923076923077e-06,2.0511538461538466e-06,0.0,5.461538461538462e-08,0.0,0.0,0.0,0.0,0.0,0.0,0.0,0.0,0.0
2022-09-07,0.0012240718518518612,0.040965369629629635,2.077777777777778e-06,0.03189405074074073,0.008209947037037037,2.4355555555555535e-06,0.09226230555555556,0.8254328703703704,1.2344444444444444e-06,5.584444444444444e-06,0.0,5.259259259259259e-08,0.0,0.0,0.0,0.0,0.0,0.0,0.0,0.0,0.0
2022-09-08,0.0012240718518518612,0.040965369629629635,2.077777777777778e-06,0.03189405074074073,0.008209947037037037,2.4355555555555535e-06,0.09226230555555556,0.8254328703703704,1.2344444444444444e-06,5.584444444444444e-06,0.0,5.259259259259259e-08,0.0,0.0,0.0,0.0,0.0,0.0,0.0,0.0,0.0
2022-09-09,0.0012693353846154132,0.039848465,2.1576923076923082e-06,0.033120745,0.009542887692307694,0.000967959230769231,0.05850709576923078,0.8567318188461539,3.702307692307693e-06,5.790384615384616e-06,0.0,4.2692307692307693e-08,0.0,0.0,0.0,0.0,0.0,0.0,0.0,0.0,0.0
2022-09-10,0.0012693353846154132,0.039848465,2.1576923076923082e-06,0.033120745,0.009542887692307694,0.000967959230769231,0.05850709576923078,0.8567318188461539,3.7023076923076937e-06,5.790384615384616e-06,0.0,4.2692307692307693e-08,0.0,0.0,0.0,0.0,0.0,0.0,0.0,0.0,0.0
2022-09-11,0.0012693353846154132,0.039848465,2.1576923076923082e-06,0.033120745,0.009542887692307694,0.000967959230769231,0.05850709576923078,0.8567318188461539,3.7023076923076937e-06,5.790384615384616e-06,0.0,4.2692307692307693e-08,0.0,0.0,0.0,0.0,0.0,0.0,0.0,0.0,0.0
2022-09-12,0.0012693353846154132,0.039848465,2.1576923076923082e-06,0.033120745,0.009542887692307694,0.000967959230769231,0.05850709576923078,0.8567318188461539,3.7023076923076937e-06,5.790384615384616e-06,0.0,4.2692307692307693e-08,0.0,0.0,0.0,0.0,0.0,0.0,0.0,0.0,0.0
2022-09-13,0.001088256153846182,0.04567967807692308,2.157692307692308e-06,0.03304328653846153,0.009548417692307692,0.0009679592307692309,0.05850709576923077,0.8511536134615384,3.702307692307693e-06,5.790384615384615e-06,0.0,4.2692307692307693e-08,0.0,0.0,0.0,0.0,0.0,0.0,0.0,0.0,0.0
2022-09-14,0.0011661437500000327,0.06558194125000001,2.3237500000000004e-06,0.04011997666666667,0.010339309583333334,0.0010486225000000003,0.052696301666666674,0.8290359012499999,3.984166666666668e-06,5.476250000000001e-06,0.0,9.166666666666668e-09,0.0,0.0,1e-08,0.0,0.0,0.0,0.0,0.0,0.0
2022-09-15,0.0037762650000000217,0.05732480666666668,8.906250000000001e-06,0.040616893333333334,0.010340143333333334,0.0010486225000000003,0.04215959458333335,0.84471528875,3.984166666666668e-06,5.476250000000001e-06,0.0,9.166666666666668e-09,0.0,0.0,1e-08,0.0,0.0,0.0,0.0,0.0,0.0
2022-09-16,0.0037762650000000217,0.05732480666666668,8.906250000000001e-06,0.040616893333333334,0.010340143333333334,0.0010486225000000003,0.04215959458333335,0.84471528875,3.984166666666668e-06,5.476250000000001e-06,0.0,9.166666666666668e-09,0.0,0.0,1e-08,0.0,0.0,0.0,0.0,0.0,0.0
2022-09-17,0.0037762650000000217,0.05732480666666668,8.906250000000001e-06,0.040616893333333334,0.010340143333333334,0.0010486225000000003,0.04215959458333335,0.84471528875,3.984166666666668e-06,5.476250000000001e-06,0.0,9.166666666666668e-09,0.0,0.0,1e-08,0.0,0.0,0.0,0.0,0.0,0.0
2022-09-18,0.0037762650000000217,0.05732480666666668,8.906250000000001e-06,0.040616893333333334,0.010340143333333334,0.0010486225000000003,0.04215959458333335,0.84471528875,3.984166666666668e-06,5.476250000000001e-06,0.0,9.166666666666668e-09,0.0,0.0,1e-08,0.0,0.0,0.0,0.0,0.0,0.0
2022-09-19,0.0037762650000000217,0.05732480666666668,8.906250000000001e-06,0.040616893333333334,0.010340143333333334,0.0010486225000000003,0.04215959458333335,0.84471528875,3.984166666666668e-06,5.476250000000001e-06,0.0,9.166666666666668e-09,0.0,0.0,1e-08,0.0,0.0,0.0,0.0,0.0,0.0
2022-09-20,0.003730468800000024,0.05503181440000001,8.550000000000001e-06,0.0389922176,0.0099265376,0.0010066776000000003,0.046713602000000014,0.8445810316000001,3.824800000000001e-06,5.257200000000001e-06,0.0,8.800000000000001e-09,0.0,0.0,9.6e-09,0.0,0.0,0.0,0.0,0.0,0.0
2022-09-21,0.0038743481481482035,0.02444529259259259,7.385925925925927e-06,0.026021136296296293,0.00919068851851852,0.0009321088888888891,0.052483217777777785,0.8830373955555556,3.5414814814814827e-06,4.867777777777779e-06,0.0,8.148148148148149e-09,0.0,0.0,8.888888888888889e-09,0.0,0.0,0.0,0.0,0.0,0.0
2022-09-22,0.003963123571428625,0.023571147857142854,6.9057142857142875e-06,0.025091809999999996,0.008862449642857144,0.0008988192857142859,0.056371161785714295,0.8812264567857142,3.415000000000001e-06,4.693928571428572e-06,0.0,7.857142857142859e-09,0.0,0.0,8.571428571428572e-09,0.0,0.0,0.0,0.0,0.0,0.0
2022-09-23,0.003963123571428625,0.023571147857142854,6.9057142857142875e-06,0.025091809999999996,0.008862449642857144,0.0008988192857142859,0.056371161785714295,0.8812264567857142,3.415000000000001e-06,4.693928571428572e-06,0.0,7.857142857142859e-09,0.0,0.0,8.571428571428572e-09,0.0,0.0,0.0,0.0,0.0,0.0
2022-09-24,0.003963123571428625,0.023571147857142854,6.9057142857142875e-06,0.025091809999999996,0.008862449642857144,0.0008988192857142859,0.056371161785714295,0.8812264567857142,3.415000000000001e-06,4.693928571428572e-06,0.0,7.857142857142859e-09,0.0,0.0,8.571428571428572e-09,0.0,0.0,0.0,0.0,0.0,0.0
2022-09-25,0.003963123571428625,0.023571147857142854,6.9057142857142875e-06,0.025091809999999996,0.008862449642857144,0.0008988192857142859,0.056371161785714295,0.8812264567857142,3.415000000000001e-06,4.693928571428572e-06,0.0,7.857142857142859e-09,0.0,0.0,8.571428571428572e-09,0.0,0.0,0.0,0.0,0.0,0.0
2022-09-26,0.003963123571428625,0.023571147857142854,6.9057142857142875e-06,0.025091809999999996,0.008862449642857144,0.0008988192857142859,0.056371161785714295,0.8812264567857142,3.415000000000001e-06,4.693928571428572e-06,0.0,7.857142857142859e-09,0.0,0.0,8.571428571428572e-09,0.0,0.0,0.0,0.0,0.0,0.0
2022-09-27,0.0036016412903226358,0.02131563935483871,6.237419354838711e-06,0.022666655806451608,0.010727523870967743,0.0008118367741935486,0.05091675193548388,0.889946374516129,3.084516129032259e-06,4.23967741935484e-06,0.0,7.096774193548388e-09,0.0,0.0,7.741935483870967e-09,0.0,0.0,0.0,0.0,0.0,0.0
2022-09-28,0.00600891406250002,0.025077338749999997,7.64875e-06,0.020128036249999995,0.008729214375,0.0013453896874999999,0.0493233371875,0.889369235625,3.3865625000000007e-06,7.030625e-06,4.5375e-07,6.875e-09,0.0,0.0,7.5e-09,0.0,0.0,0.0,0.0,0.0,0.0
2022-09-29,0.006001459687500026,0.025083881249999995,7.64875e-06,0.020128036249999995,0.008758334375000001,0.0013453896874999999,0.0393630471875,0.8993017909375001,3.3865625000000007e-06,6.5571875e-06,4.5375e-07,6.875e-09,0.0,0.0,7.5e-09,0.0,0.0,0.0,0.0,0.0,0.0
2022-09-30,0.006001459687500026,0.025083881249999995,7.64875e-06,0.020128036249999995,0.008758334375000001,0.0013453896874999999,0.0393630471875,0.8993017909375001,3.3865625000000007e-06,6.5571875e-06,4.5375e-07,6.875e-09,0.0,0.0,7.5e-09,0.0,0.0,0.0,0.0,0.0,0.0
2022-10-01,0.006001459687500026,0.025083881249999995,7.64875e-06,0.020128036249999995,0.008758334375000001,0.0013453896874999999,0.0393630471875,0.8993017909375001,3.3865625000000007e-06,6.5571875e-06,4.5375e-07,6.875e-09,0.0,0.0,7.5e-09,0.0,0.0,0.0,0.0,0.0,0.0
2022-10-02,0.006001459687500026,0.025083881249999995,7.64875e-06,0.020128036249999995,0.008758334375000001,0.0013453896874999999,0.0393630471875,0.8993017909375001,3.3865625000000007e-06,6.5571875e-06,4.5375e-07,6.875e-09,0.0,0.0,7.5e-09,0.0,0.0,0.0,0.0,0.0,0.0
2022-10-03,0.006001459687500026,0.025083881249999995,7.64875e-06,0.020128036249999995,0.008758334375000001,0.0013453896874999999,0.0393630471875,0.8993017909375001,3.3865625000000007e-06,6.5571875e-06,4.5375e-07,6.875e-09,0.0,0.0,7.5e-09,0.0,0.0,0.0,0.0,0.0,0.0
2022-10-04,0.0060035831250000345,0.025084375625000006,7.648750000000002e-06,0.02012803625,0.008758334375000003,0.0013453896875,0.03936933906250001,0.8992944706250001,2.3650000000000007e-06,5.989375000000001e-06,4.537500000000001e-07,6.875000000000002e-09,0.0,0.0,7.500000000000001e-09,0.0,0.0,0.0,0.0,0.0,0.0
2022-10-05,0.005229910625000026,0.02808964375,7.648750000000002e-06,0.0036197878124999932,0.008750360625000002,0.0013440856250000004,0.036353879062500004,0.9165989065625001,2.3650000000000007e-06,2.9440625000000007e-06,4.5375000000000005e-07,6.875000000000001e-09,0.0,0.0,7.500000000000001e-09,0.0,0.0,0.0,0.0,0.0,0.0
2022-10-06,0.005023358529411789,0.034068097941176476,7.820588235294121e-06,0.0034068591176470535,0.00824283823529412,0.001265021764705883,0.034951671470588246,0.9130244376470591,4.868529411764707e-06,4.585588235294119e-06,4.2705882352941193e-07,6.470588235294121e-09,0.0,0.0,7.058823529411767e-09,0.0,0.0,0.0,0.0,0.0,0.0
2022-10-07,0.00517282393939396,0.035081966666666665,8.05757575757576e-06,0.0035100972727272663,0.0063661645454545475,0.0005427139393939395,0.03557933121212122,0.9137305572727275,3.1090909090909103e-06,4.7245454545454555e-06,4.400000000000001e-07,6.6666666666666685e-09,0.0,0.0,7.272727272727274e-09,0.0,0.0,0.0,0.0,0.0,0.0
2022-10-08,0.00517282393939396,0.035081966666666665,8.05757575757576e-06,0.0035100972727272663,0.0063661645454545475,0.0005427139393939395,0.03557933121212122,0.9137305572727275,3.1090909090909103e-06,4.7245454545454555e-06,4.400000000000001e-07,6.6666666666666685e-09,0.0,0.0,7.272727272727274e-09,0.0,0.0,0.0,0.0,0.0,0.0
2022-10-09,0.00517282393939396,0.035081966666666665,8.05757575757576e-06,0.0035100972727272663,0.0063661645454545475,0.0005427139393939395,0.03557933121212122,0.9137305572727275,3.1090909090909103e-06,4.7245454545454555e-06,4.400000000000001e-07,6.6666666666666685e-09,0.0,0.0,7.272727272727274e-09,0.0,0.0,0.0,0.0,0.0,0.0
2022-10-10,0.00517282393939396,0.035081966666666665,8.05757575757576e-06,0.0035100972727272663,0.0063661645454545475,0.0005427139393939395,0.03557933121212122,0.9137305572727275,3.1090909090909103e-06,4.7245454545454555e-06,4.400000000000001e-07,6.6666666666666685e-09,0.0,0.0,7.272727272727274e-09,0.0,0.0,0.0,0.0,0.0,0.0
2022-10-11,0.0051763878787878925,0.03048643575757576,8.371515151515153e-06,0.0035100972727272663,0.006360356060606063,0.0005427139393939395,0.03558094727272728,0.9183260036363639,3.2403030303030314e-06,4.7245454545454555e-06,4.400000000000001e-07,2.745454545454546e-07,0.0,0.0,7.272727272727274e-09,0.0,0.0,0.0,0.0,0.0,0.0
2022-10-12,0.005035870000000029,0.018227292352941172,9.592941176470586e-06,0.0003554185294117581,0.006174970588235293,0.0005270882352941175,0.027381047058823525,0.9422769714705881,6.113235294117646e-06,4.94235294117647e-06,4.2705882352941167e-07,2.6617647058823524e-07,0.0,0.0,0.0,0.0,0.0,0.0,0.0,0.0,0.0
2022-10-13,0.003189704117647095,0.01719092323529411,4.946470588235294e-06,4.653823529405233e-06,0.006170611764705881,0.0005270882352941175,0.02860625147058823,0.9442910426470585,8.446470588235292e-06,5.638529411764704e-06,4.2705882352941167e-07,2.6617647058823524e-07,0.0,0.0,0.0,0.0,0.0,0.0,0.0,0.0,0.0
2022-10-14,0.003189704117647095,0.01719092323529411,4.946470588235294e-06,4.653823529405233e-06,0.006170611764705881,0.0005270882352941175,0.02860625147058823,0.9442910426470585,8.446470588235292e-06,5.638529411764704e-06,4.2705882352941167e-07,2.6617647058823524e-07,0.0,0.0,0.0,0.0,0.0,0.0,0.0,0.0,0.0
2022-10-15,0.003189704117647095,0.01719092323529411,4.946470588235294e-06,4.653823529405233e-06,0.006170611764705881,0.0005270882352941175,0.02860625147058823,0.9442910426470585,8.446470588235292e-06,5.638529411764704e-06,4.2705882352941167e-07,2.6617647058823524e-07,0.0,0.0,0.0,0.0,0.0,0.0,0.0,0.0,0.0
2022-10-16,0.003189704117647095,0.01719092323529411,4.946470588235294e-06,4.653823529405233e-06,0.006170611764705881,0.0005270882352941175,0.02860625147058823,0.9442910426470585,8.446470588235292e-06,5.638529411764704e-06,4.2705882352941167e-07,2.6617647058823524e-07,0.0,0.0,0.0,0.0,0.0,0.0,0.0,0.0,0.0
2022-10-17,0.003189704117647095,0.01719092323529411,4.946470588235294e-06,4.653823529405233e-06,0.006170611764705881,0.0005270882352941175,0.02860625147058823,0.9442910426470585,8.446470588235292e-06,5.638529411764704e-06,4.2705882352941167e-07,2.6617647058823524e-07,0.0,0.0,0.0,0.0,0.0,0.0,0.0,0.0,0.0
2022-10-18,0.0032066236363636714,0.017711860303030298,5.096363636363636e-06,4.794848484841755e-06,0.006357599999999999,0.0005430606060606059,0.024745538484848482,0.9474101996969695,8.70242424242424e-06,5.809393939393938e-06,4.399999999999999e-07,2.7424242424242417e-07,0.0,0.0,0.0,0.0,0.0,0.0,0.0,0.0,0.0
2022-10-19,0.002821014285714289,0.020869319142857133,5.752285714285712e-06,5.1854285714222255e-06,0.0060111597142857125,0.0005120285714285712,0.016222311142857136,0.9535388734285711,8.205142857142853e-06,5.477428571428569e-06,4.1485714285714266e-07,2.5857142857142845e-07,0.0,0.0,0.0,0.0,0.0,0.0,0.0,0.0,0.0
2022-10-20,0.002728091764705886,0.02315387176470588,5.921470588235295e-06,5.337941176464058e-06,0.0061915426470588245,0.0005280873529411764,0.011953232058823529,0.9554158344117646,1.0665588235294118e-05,6.721764705882353e-06,4.2705882352941177e-07,2.661764705882353e-07,0.0,0.0,0.0,0.0,0.0,0.0,0.0,0.0,0.0
2022-10-21,0.002728091764705886,0.02315387176470588,5.921470588235295e-06,5.337941176464058e-06,0.0061915426470588245,0.0005280873529411764,0.011953232058823529,0.9554158344117646,1.0665588235294118e-05,6.721764705882353e-06,4.2705882352941177e-07,2.661764705882353e-07,0.0,0.0,0.0,0.0,0.0,0.0,0.0,0.0,0.0
2022-10-22,0.002728091764705886,0.02315387176470588,5.921470588235295e-06,5.337941176464058e-06,0.0061915426470588245,0.0005280873529411764,0.011953232058823529,0.9554158344117646,1.0665588235294118e-05,6.721764705882353e-06,4.2705882352941177e-07,2.661764705882353e-07,0.0,0.0,0.0,0.0,0.0,0.0,0.0,0.0,0.0
2022-10-23,0.002728091764705886,0.02315387176470588,5.921470588235295e-06,5.337941176464058e-06,0.0061915426470588245,0.0005280873529411764,0.011953232058823529,0.9554158344117646,1.0665588235294118e-05,6.721764705882353e-06,4.2705882352941177e-07,2.661764705882353e-07,0.0,0.0,0.0,0.0,0.0,0.0,0.0,0.0,0.0
2022-10-24,0.002728091764705886,0.02315387176470588,5.921470588235295e-06,5.337941176464058e-06,0.0061915426470588245,0.0005280873529411764,0.011953232058823529,0.9554158344117646,1.0665588235294118e-05,6.721764705882353e-06,4.2705882352941177e-07,2.661764705882353e-07,0.0,0.0,0.0,0.0,0.0,0.0,0.0,0.0,0.0
2022-10-25,0.0028848575000000195,0.024583827812499997,6.291562500000001e-06,2.6824999999930613e-06,0.0039420921875,0.0005610928124999999,0.0126994721875,0.9552996403125,1.13321875e-05,7.141875e-06,4.5375e-07,1.1153125e-06,0.0,0.0,0.0,0.0,0.0,0.0,0.0,0.0,0.0
2022-10-26,0.0003933719354839003,0.01819333838709677,4.3825806451612905e-06,1.5180645161218694e-06,9.292354838709678e-05,1.4648387096774191e-06,0.013107410645161289,0.968185933548387,1.2531290322580644e-05,4.354516129032258e-06,0.0,2.3809677419354834e-06,3.8967741935483866e-07,0.0,0.0,0.0,0.0,0.0,0.0,0.0,0.0
2022-10-27,0.00041185483870970495,0.01818801064516129,5.110967741935485e-06,2.9670967741863857e-06,4.822548387096774e-05,1.4648387096774193e-06,0.006451506129032258,0.974868383548387,1.3878387096774192e-05,4.6806451612903235e-06,0.0,2.9377419354838714e-06,9.796774193548387e-07,0.0,0.0,0.0,0.0,0.0,0.0,0.0,0.0
2022-10-28,0.00041185483870970495,0.01818801064516129,5.110967741935485e-06,2.9670967741863857e-06,4.822548387096774e-05,1.4648387096774193e-06,0.006451506129032258,0.974868383548387,1.3878387096774192e-05,4.680645161290323e-06,0.0,2.9377419354838714e-06,9.796774193548387e-07,0.0,0.0,0.0,0.0,0.0,0.0,0.0,0.0
2022-10-29,0.00041185483870970495,0.01818801064516129,5.110967741935485e-06,2.9670967741863857e-06,4.822548387096774e-05,1.4648387096774193e-06,0.006451506129032258,0.974868383548387,1.3878387096774192e-05,4.680645161290323e-06,0.0,2.9377419354838714e-06,9.796774193548387e-07,0.0,0.0,0.0,0.0,0.0,0.0,0.0,0.0
2022-10-30,0.00041185483870970495,0.01818801064516129,5.110967741935485e-06,2.9670967741863857e-06,4.822548387096774e-05,1.4648387096774193e-06,0.006451506129032258,0.974868383548387,1.3878387096774192e-05,4.680645161290323e-06,0.0,2.9377419354838714e-06,9.796774193548387e-07,0.0,0.0,0.0,0.0,0.0,0.0,0.0,0.0
2022-10-31,0.00041185483870970495,0.01818801064516129,5.110967741935485e-06,2.9670967741863857e-06,4.822548387096774e-05,1.4648387096774193e-06,0.006451506129032258,0.974868383548387,1.3878387096774192e-05,4.680645161290323e-06,0.0,2.9377419354838714e-06,9.796774193548387e-07,0.0,0.0,0.0,0.0,0.0,0.0,0.0,0.0
2022-11-01,0.00043143937500002977,0.0176281671875,6.415937500000001e-06,3.535624999993061e-06,4.87334375e-05,1.4190625e-06,0.0062445378125,0.9756121240625,1.39153125e-05,4.534375e-06,0.0,3.745e-06,1.4328125e-06,0.0,0.0,0.0,0.0,0.0,0.0,0.0,0.0
2022-11-02,0.0005004742307692672,0.017877196923076922,7.896538461538463e-06,4.351538461529922e-06,5.3574615384615396e-05,1.7465384615384618e-06,0.004322390000000001,0.9772032896153846,1.7126538461538465e-05,5.580769230769232e-06,0.0,4.60923076923077e-06,1.7634615384615389e-06,0.0,0.0,0.0,0.0,0.0,0.0,0.0,0.0
2022-11-03,0.0003989700000000405,0.008556682916666667,7.673750000000001e-06,4.714166666657414e-06,4.78325e-05,1.8920833333333334e-06,0.00363956,0.9873174858333332,1.481e-05,3.475e-06,0.0,4.9933333333333335e-06,1.9104166666666667e-06,0.0,0.0,0.0,0.0,0.0,0.0,0.0,0.0
2022-11-04,0.0003989700000000405,0.008556682916666667,7.673750000000001e-06,4.714166666657414e-06,4.78325e-05,1.8920833333333334e-06,0.00363956,0.9873174858333332,1.481e-05,3.475e-06,0.0,4.9933333333333335e-06,1.9104166666666667e-06,0.0,0.0,0.0,0.0,0.0,0.0,0.0,0.0
2022-11-05,0.0003989700000000405,0.008556682916666667,7.673750000000001e-06,4.714166666657414e-06,4.78325e-05,1.8920833333333334e-06,0.00363956,0.9873174858333332,1.481e-05,3.475e-06,0.0,4.9933333333333335e-06,1.9104166666666667e-06,0.0,0.0,0.0,0.0,0.0,0.0,0.0,0.0
2022-11-06,0.0003989700000000405,0.008556682916666667,7.673750000000001e-06,4.714166666657414e-06,4.78325e-05,1.8920833333333334e-06,0.00363956,0.9873174858333332,1.481e-05,3.475e-06,0.0,4.9933333333333335e-06,1.9104166666666667e-06,0.0,0.0,0.0,0.0,0.0,0.0,0.0,0.0
2022-11-07,0.0003989700000000405,0.008556682916666667,7.673750000000001e-06,4.714166666657414e-06,4.78325e-05,1.8920833333333334e-06,0.00363956,0.9873174858333332,1.481e-05,3.475e-06,0.0,4.9933333333333335e-06,1.9104166666666667e-06,0.0,0.0,0.0,0.0,0.0,0.0,0.0,0.0
2022-11-08,0.0004242868000000914,0.008232566000000002,8.5724e-06,6.074399999991118e-06,5.02612e-05,1.8164e-06,0.005278864000000001,0.9859716527999999,1.60728e-05,3.3360000000000003e-06,0.0,4.6632e-06,1.8340000000000001e-06,0.0,0.0,0.0,0.0,0.0,0.0,0.0,0.0
2022-11-09,0.00048001520000009264,0.00825114,9.926800000000001e-06,8.155599999991117e-06,4.72452e-05,1.3588e-06,0.0052791692,0.9858959263999999,1.6613600000000003e-05,2.8244e-06,0.0,5.4524e-06,1.8340000000000001e-06,0.0,0.0,0.0,3.384e-07,0.0,0.0,0.0,0.0
2022-11-10,0.0005109504166667692,0.0085966225,1.134666666666667e-05,8.495416666657414e-06,4.962208333333333e-05,1.4154166666666667e-06,0.0018851224999999999,0.988909615,1.506625e-05,1.955833333333334e-06,0.0,5.679583333333333e-06,2.8370833333333336e-06,0.0,0.0,0.0,1.2712500000000001e-06,0.0,0.0,0.0,0.0
2022-11-11,0.0005109504166667692,0.0085966225,1.134666666666667e-05,8.495416666657414e-06,4.962208333333333e-05,1.4154166666666667e-06,0.0018851224999999999,0.988909615,1.506625e-05,1.955833333333334e-06,0.0,5.679583333333333e-06,2.8370833333333336e-06,0.0,0.0,0.0,1.2712500000000001e-06,0.0,0.0,0.0,0.0
2022-11-12,0.0005109504166667692,0.0085966225,1.134666666666667e-05,8.495416666657414e-06,4.962208333333333e-05,1.4154166666666667e-06,0.0018851224999999999,0.988909615,1.506625e-05,1.955833333333334e-06,0.0,5.679583333333333e-06,2.8370833333333336e-06,0.0,0.0,0.0,1.2712500000000001e-06,0.0,0.0,0.0,0.0
2022-11-13,0.0005109504166667692,0.0085966225,1.134666666666667e-05,8.495416666657414e-06,4.962208333333333e-05,1.4154166666666667e-06,0.0018851224999999999,0.988909615,1.506625e-05,1.955833333333334e-06,0.0,5.679583333333333e-06,2.8370833333333336e-06,0.0,0.0,0.0,1.2712500000000001e-06,0.0,0.0,0.0,0.0
2022-11-14,0.0005109504166667692,0.0085966225,1.134666666666667e-05,8.495416666657414e-06,4.962208333333333e-05,1.4154166666666667e-06,0.0018851224999999999,0.988909615,1.506625e-05,1.955833333333334e-06,0.0,5.679583333333333e-06,2.8370833333333336e-06,0.0,0.0,0.0,1.2712500000000001e-06,0.0,0.0,0.0,0.0
2022-11-15,0.0004958688000000879,0.011501332,1.0892800000000002e-05,8.155599999991117e-06,6.291680000000001e-05,1.3588e-06,0.0023112344,0.9855825032,1.44636e-05,1.8776000000000002e-06,0.0,5.4524e-06,2.7236000000000005e-06,0.0,0.0,0.0,1.2204e-06,0.0,0.0,0.0,0.0
2022-11-16,0.000350957826087072,0.006164112608695653,1.0398695652173914e-05,7.853478260859912e-06,4.274478260869566e-05,1.4769565217391308e-06,0.002495474347826087,0.9908990056521738,1.572130434782609e-05,2.040869565217392e-06,0.0,5.9265217391304356e-06,2.9604347826086963e-06,0.0,0.0,0.0,1.326521739130435e-06,0.0,0.0,0.0,0.0
2022-11-17,0.00033618391304358116,0.003697959130434784,1.0407826086956524e-05,7.853478260859912e-06,3.8625652173913056e-05,0.0,0.002495474347826087,0.9933903743478261,1.2440869565217395e-05,4.39565217391305e-07,0.0,5.953913043478262e-06,2.9604347826086963e-06,0.0,0.0,0.0,1.326521739130435e-06,0.0,0.0,0.0,0.0
2022-11-18,0.00033618391304358116,0.003697959130434784,1.0407826086956524e-05,7.853478260859912e-06,3.8625652173913056e-05,0.0,0.002495474347826087,0.9933903743478261,1.2440869565217395e-05,4.39565217391305e-07,0.0,5.953913043478262e-06,2.9604347826086963e-06,0.0,0.0,0.0,1.326521739130435e-06,0.0,0.0,0.0,0.0
2022-11-19,0.00033618391304358116,0.003697959130434784,1.0407826086956524e-05,7.853478260859912e-06,3.8625652173913056e-05,0.0,0.002495474347826087,0.9933903743478261,1.2440869565217395e-05,4.39565217391305e-07,0.0,5.953913043478262e-06,2.9604347826086963e-06,0.0,0.0,0.0,1.326521739130435e-06,0.0,0.0,0.0,0.0
2022-11-20,0.00033618391304358116,0.003697959130434784,1.0407826086956524e-05,7.853478260859912e-06,3.8625652173913056e-05,0.0,0.002495474347826087,0.9933903743478261,1.2440869565217395e-05,4.39565217391305e-07,0.0,5.953913043478262e-06,2.9604347826086963e-06,0.0,0.0,0.0,1.326521739130435e-06,0.0,0.0,0.0,0.0
2022-11-21,0.00033618391304358116,0.003697959130434784,1.0407826086956524e-05,7.853478260859912e-06,3.8625652173913056e-05,0.0,0.002495474347826087,0.9933903743478261,1.2440869565217395e-05,4.39565217391305e-07,0.0,5.953913043478262e-06,2.9604347826086963e-06,0.0,0.0,0.0,1.326521739130435e-06,0.0,0.0,0.0,0.0
2022-11-22,0.0003211600000000691,0.003542086250000001,9.97416666666667e-06,7.526249999990749e-06,3.9317916666666675e-05,0.0,0.00239149625,0.9936658766666667,1.3437083333333337e-05,4.212500000000006e-07,0.0,4.5958333333333335e-06,2.837083333333334e-06,0.0,0.0,0.0,1.2712500000000003e-06,0.0,0.0,0.0,0.0
2022-11-23,0.0002970800000000184,0.0036516408333333336,9.095833333333334e-06,6.7433333333240816e-06,0.0015032275,0.0,0.007056074583333333,0.9874537645833333,1.5339583333333335e-05,4.2125000000000057e-07,0.0,3.0075e-06,2.33375e-06,0.0,0.0,0.0,1.2712500000000001e-06,0.0,0.0,0.0,0.0
2022-11-24,0.0002809120833333564,0.003641655416666667,8.155000000000002e-06,6.266249999990749e-06,0.0015024683333333335,0.0,0.0070557654166666685,0.98748389,1.4287083333333336e-05,0.0,0.0,3.757500000000001e-06,1.5716666666666667e-06,0.0,0.0,0.0,1.2712500000000003e-06,0.0,0.0,0.0,0.0
2022-11-25,0.00028091208333335635,0.003641655416666667,8.155000000000002e-06,6.266249999990749e-06,0.0015024683333333335,0.0,0.0070557654166666685,0.98748389,1.4287083333333336e-05,0.0,0.0,3.757500000000001e-06,1.5716666666666667e-06,0.0,0.0,0.0,1.2712500000000003e-06,0.0,0.0,0.0,0.0
2022-11-26,0.00028091208333335635,0.003641655416666667,8.155000000000002e-06,6.266249999990749e-06,0.0015024683333333335,0.0,0.0070557654166666685,0.98748389,1.4287083333333336e-05,0.0,0.0,3.757500000000001e-06,1.5716666666666667e-06,0.0,0.0,0.0,1.2712500000000003e-06,0.0,0.0,0.0,0.0
2022-11-27,0.00028091208333335635,0.003641655416666667,8.155000000000002e-06,6.266249999990749e-06,0.0015024683333333335,0.0,0.0070557654166666685,0.98748389,1.4287083333333336e-05,0.0,0.0,3.757500000000001e-06,1.5716666666666667e-06,0.0,0.0,0.0,1.2712500000000003e-06,0.0,0.0,0.0,0.0
2022-11-28,0.00028091208333335635,0.003641655416666667,8.155000000000002e-06,6.266249999990749e-06,0.0015024683333333335,0.0,0.0070557654166666685,0.98748389,1.4287083333333336e-05,0.0,0.0,3.757500000000001e-06,1.5716666666666667e-06,0.0,0.0,0.0,1.2712500000000003e-06,0.0,0.0,0.0,0.0
2022-11-29,0.00025101636363638783,0.00395674090909091,6.765909090909093e-06,5.874090909080817e-06,0.0016361254545454549,0.0,0.007695841363636366,0.9864275454545456,1.4901363636363639e-05,0.0,0.0,2.7913636363636366e-06,1.0109090909090911e-06,0.0,0.0,0.0,1.3868181818181822e-06,0.0,0.0,0.0,0.0
2022-11-30,0.0002326604000000052,0.0034910868000000007,5.954000000000002e-06,5.169199999991119e-06,0.0014397904000000002,0.0,0.006772340400000002,0.9880352908000002,1.3122e-05,0.0,0.0,2.4760000000000005e-06,8.896000000000001e-07,0.0,0.0,0.0,1.2204000000000002e-06,0.0,0.0,0.0,0.0
2022-12-01,0.00022333115384615802,0.0033568388461538467,5.725000000000001e-06,4.982692307683768e-06,0.0013845230769230772,0.0,0.006511877692307693,0.9884953930769232,1.280346153846154e-05,2.884615384615437e-08,0.0,2.4338461538461545e-06,8.796153846153847e-07,9.23076923076871e-09,0.0,0.0,1.1734615384615386e-06,0.0,0.0,0.0,0.0
2022-12-02,0.00022333115384615802,0.0033568388461538467,5.725000000000001e-06,4.982692307683768e-06,0.0013845230769230772,0.0,0.006511877692307693,0.9884953930769232,1.280346153846154e-05,2.884615384615437e-08,0.0,2.4338461538461545e-06,8.796153846153847e-07,9.23076923076871e-09,0.0,0.0,1.1734615384615386e-06,0.0,0.0,0.0,0.0
2022-12-03,0.00022333115384615802,0.0033568388461538467,5.725000000000001e-06,4.982692307683768e-06,0.0013845230769230772,0.0,0.006511877692307693,0.9884953930769232,1.280346153846154e-05,2.884615384615437e-08,0.0,2.4338461538461545e-06,8.796153846153847e-07,9.23076923076871e-09,0.0,0.0,1.1734615384615386e-06,0.0,0.0,0.0,0.0
2022-12-04,0.00022333115384615802,0.0033568388461538467,5.725000000000001e-06,4.982692307683768e-06,0.0013845230769230772,0.0,0.006511877692307693,0.9884953930769232,1.280346153846154e-05,2.884615384615437e-08,0.0,2.4338461538461545e-06,8.796153846153847e-07,9.23076923076871e-09,0.0,0.0,1.1734615384615386e-06,0.0,0.0,0.0,0.0
2022-12-05,0.00022333115384615802,0.0033568388461538467,5.725000000000001e-06,4.982692307683768e-06,0.0013845230769230772,0.0,0.006511877692307693,0.9884953930769232,1.280346153846154e-05,2.884615384615437e-08,0.0,2.4338461538461545e-06,8.796153846153847e-07,9.23076923076871e-09,0.0,0.0,1.1734615384615386e-06,0.0,0.0,0.0,0.0
2022-12-06,0.0001910441666666291,0.003610724166666667,4.514583333333335e-06,3.7845833333240817e-06,0.0014953770833333335,0.0,0.005193055416666668,0.989485072916667,1.1757500000000004e-05,3.125000000000057e-08,0.0,2.4041666666666672e-06,9.529166666666668e-07,9.999999999999436e-09,0.0,0.0,1.2712500000000003e-06,0.0,0.0,0.0,0.0
2022-12-07,0.00012332263157885368,0.004501797894736843,1.2821052631578964e-06,1.7784210526198927e-06,0.0018842252631578952,0.0,0.006558294736842108,0.9869160668421056,8.828421052631582e-06,3.947368421052704e-08,0.0,1.987368421052632e-06,1.203684210526316e-06,1.2631578947367709e-08,0.0,0.0,1.1605263157894739e-06,0.0,0.0,0.0,0.0
2022-12-08,0.00010068555555544535,0.004723956111111111,1.1666666666668172e-08,1.8772222222098864e-06,0.0019848672222222224,0.0,0.006920334444444446,0.9862581822222223,7.897777777777778e-06,4.1666666666667424e-08,0.0,2.097777777777778e-06,3.5e-08,1.333333333333258e-08,0.0,0.0,0.0,0.0,0.0,0.0,0.0
2022-12-09,0.00010068555555544535,0.004723956111111111,1.1666666666668172e-08,1.8772222222098864e-06,0.0019848672222222224,0.0,0.006920334444444446,0.9862581822222223,7.897777777777778e-06,4.1666666666667424e-08,0.0,2.097777777777778e-06,3.5e-08,1.333333333333258e-08,0.0,0.0,0.0,0.0,0.0,0.0,0.0
2022-12-10,0.00010068555555544535,0.004723956111111111,1.1666666666668172e-08,1.8772222222098864e-06,0.0019848672222222224,0.0,0.006920334444444446,0.9862581822222223,7.897777777777778e-06,4.1666666666667424e-08,0.0,2.097777777777778e-06,3.5e-08,1.333333333333258e-08,0.0,0.0,0.0,0.0,0.0,0.0,0.0
2022-12-11,0.00010068555555544535,0.004723956111111111,1.1666666666668172e-08,1.8772222222098864e-06,0.0019848672222222224,0.0,0.006920334444444446,0.9862581822222223,7.897777777777778e-06,4.1666666666667424e-08,0.0,2.097777777777778e-06,3.5e-08,1.333333333333258e-08,0.0,0.0,0.0,0.0,0.0,0.0,0.0
2022-12-12,0.00010068555555544535,0.004723956111111111,1.1666666666668172e-08,1.8772222222098864e-06,0.0019848672222222224,0.0,0.006920334444444446,0.9862581822222223,7.897777777777778e-06,4.1666666666667424e-08,0.0,2.097777777777778e-06,3.5e-08,1.333333333333258e-08,0.0,0.0,0.0,0.0,0.0,0.0,0.0
2022-12-13,9.873117647048693e-05,0.00022452058823529413,1.2352941176472183e-08,1.987647058810468e-06,0.002079154117647059,0.0,0.006589888235294119,0.9909950270588236,8.362352941176472e-06,4.411764705882433e-08,0.0,2.2211764705882356e-06,3.7058823529411766e-08,1.411764705882273e-08,0.0,0.0,0.0,0.0,0.0,0.0,0.0
2022-12-14,0.00010346923076912798,0.00028006000000000005,1.6153846153848243e-08,2.599230769213689e-06,0.0027188938461538466,0.0,0.008617546153846157,0.9882634507692309,1.0935384615384617e-05,5.769230769230874e-08,0.0,2.9046153846153855e-06,4.846153846153847e-08,1.846153846153742e-08,0.0,0.0,0.0,0.0,0.0,0.0,0.0
2022-12-15,0.00010089666666658114,0.0002964033333333333,0.0,2.8158333333148293e-06,0.0029432083333333333,0.0,0.009335675,0.9873059249999999,1.1846666666666666e-05,6.250000000000112e-08,0.0,3.094166666666666e-06,5.2499999999999994e-08,1.9999999999998866e-08,0.0,0.0,0.0,0.0,0.0,0.0,0.0
2022-12-16,0.00010089666666658114,0.0002964033333333333,0.0,2.8158333333148293e-06,0.0029432083333333333,0.0,0.009335675,0.9873059249999999,1.1846666666666666e-05,6.250000000000112e-08,0.0,3.094166666666666e-06,5.2499999999999994e-08,1.9999999999998866e-08,0.0,0.0,0.0,0.0,0.0,0.0,0.0
2022-12-17,0.00010089666666658114,0.0002964033333333333,0.0,2.8158333333148293e-06,0.0029432083333333333,0.0,0.009335675,0.9873059249999999,1.1846666666666666e-05,6.250000000000112e-08,0.0,3.094166666666666e-06,5.2499999999999994e-08,1.9999999999998866e-08,0.0,0.0,0.0,0.0,0.0,0.0,0.0
2022-12-18,0.00010089666666658114,0.0002964033333333333,0.0,2.8158333333148293e-06,0.0029432083333333333,0.0,0.009335675,0.9873059249999999,1.1846666666666666e-05,6.250000000000112e-08,0.0,3.094166666666666e-06,5.2499999999999994e-08,1.9999999999998866e-08,0.0,0.0,0.0,0.0,0.0,0.0,0.0
2022-12-19,0.00010089666666658114,0.0002964033333333333,0.0,2.8158333333148293e-06,0.0029432083333333333,0.0,0.009335675,0.9873059249999999,1.1846666666666666e-05,6.250000000000112e-08,0.0,3.094166666666666e-06,5.2499999999999994e-08,1.9999999999998866e-08,0.0,0.0,0.0,0.0,0.0,0.0,0.0
2022-12-20,9.914099999989703e-05,0.00033562999999999996,0.0,3.3789999999777948e-06,0.0035224109999999996,0.0,0.01120281,0.9848221729999999,1.0581e-05,7.500000000000135e-08,0.0,3.712999999999999e-06,6.3e-08,2.399999999999864e-08,0.0,0.0,0.0,0.0,0.0,0.0,0.0
2022-12-21,8.828833333325959e-05,4.634166666666667e-05,0.0,5.6316666666296595e-06,4.841666666666667e-06,0.0,5.1666666666666666e-08,0.9998447933333333,3.5933333333333385e-06,1.2500000000000227e-07,0.0,6.188333333333333e-06,1.05e-07,3.999999999999774e-08,0.0,0.0,0.0,0.0,0.0,0.0,0.0
2022-12-22,7.106249999989405e-05,5.737750000000001e-05,0.0,7.999999994448886e-08,7.100000000000001e-07,0.0,7.750000000000001e-08,0.9998685550000002,1.2650000000000072e-06,1.8750000000000345e-07,0.0,4.675000000000001e-07,1.5750000000000003e-07,5.999999999999662e-08,0.0,0.0,0.0,0.0,0.0,0.0,0.0
2022-12-23,7.106249999989405e-05,5.737750000000001e-05,0.0,7.999999994448886e-08,7.100000000000001e-07,0.0,7.750000000000001e-08,0.9998685550000002,1.2650000000000072e-06,1.8750000000000345e-07,0.0,4.675000000000001e-07,1.5750000000000003e-07,5.999999999999662e-08,0.0,0.0,0.0,0.0,0.0,0.0,0.0
2022-12-24,7.106249999989405e-05,5.737750000000001e-05,0.0,7.999999994448886e-08,7.100000000000001e-07,0.0,7.750000000000001e-08,0.9998685550000002,1.2650000000000072e-06,1.8750000000000345e-07,0.0,4.675000000000001e-07,1.5750000000000003e-07,5.999999999999662e-08,0.0,0.0,0.0,0.0,0.0,0.0,0.0
2022-12-25,7.106249999989405e-05,5.737750000000001e-05,0.0,7.999999994448886e-08,7.100000000000001e-07,0.0,7.750000000000001e-08,0.9998685550000002,1.2650000000000072e-06,1.8750000000000345e-07,0.0,4.675000000000001e-07,1.5750000000000003e-07,5.999999999999662e-08,0.0,0.0,0.0,0.0,0.0,0.0,0.0
2022-12-26,7.106249999989405e-05,5.737750000000001e-05,0.0,7.999999994448886e-08,7.100000000000001e-07,0.0,7.750000000000001e-08,0.9998685550000002,1.2650000000000072e-06,1.8750000000000345e-07,0.0,4.675000000000001e-07,1.5750000000000003e-07,5.999999999999662e-08,0.0,0.0,0.0,0.0,0.0,0.0,0.0
2022-12-27,0.00016298799999991153,0.00014383200000000001,6.000000000000007e-06,6.399999995559109e-08,5.9096000000000005e-05,0.0,1.8192000000000005e-05,0.9995408100000003,4.041400000000001e-05,2.2398000000000008e-05,0.0,6.032000000000001e-06,1.2600000000000002e-07,4.799999999999729e-08,0.0,0.0,0.0,0.0,0.0,0.0,0.0
2022-12-28,0.00042619333333329906,0.012571113333333332,6.0379999999999994e-05,1.4976666666592651e-05,0.0003760199999999999,8.563333333333332e-06,4.2546666666666664e-05,0.8300904,0.0013387066666666664,0.15503529000000005,0.0,2.1573333333333326e-05,1.4156666666666664e-05,7.999999999999546e-08,0.0,0.0,0.0,0.0,0.0,0.0,0.0
2022-12-29,0.0005762633333332019,0.012613126666666663,6.6e-05,1.7106666666592656e-05,0.0004007933333333333,1.687e-05,6.083e-05,0.8297975433333334,0.00136237,0.15503793666666674,0.0,3.7213333333333325e-05,1.3946666666666666e-05,0.0,0.0,0.0,0.0,0.0,0.0,0.0,0.0
2022-12-30,0.0005762633333332019,0.012613126666666663,6.6e-05,1.7106666666592656e-05,0.0004007933333333333,1.687e-05,6.083e-05,0.8297975433333334,0.00136237,0.15503793666666674,0.0,3.7213333333333325e-05,1.3946666666666666e-05,0.0,0.0,0.0,0.0,0.0,0.0,0.0,0.0
2022-12-31,0.0005762633333332019,0.012613126666666663,6.6e-05,1.7106666666592656e-05,0.0004007933333333333,1.687e-05,6.083e-05,0.8297975433333334,0.00136237,0.15503793666666674,0.0,3.7213333333333325e-05,1.3946666666666666e-05,0.0,0.0,0.0,0.0,0.0,0.0,0.0,0.0
2023-01-01,0.0005762633333332019,0.012613126666666663,6.6e-05,1.7106666666592656e-05,0.0004007933333333333,1.687e-05,6.083e-05,0.8297975433333334,0.00136237,0.15503793666666674,0.0,3.7213333333333325e-05,1.3946666666666666e-05,0.0,0.0,0.0,0.0,0.0,0.0,0.0,0.0
2023-01-02,0.0005762633333332019,0.012613126666666663,6.6e-05,1.7106666666592656e-05,0.0004007933333333333,1.687e-05,6.083e-05,0.8297975433333334,0.00136237,0.15503793666666674,0.0,3.7213333333333325e-05,1.3946666666666666e-05,0.0,0.0,0.0,0.0,0.0,0.0,0.0,0.0
2023-01-03,0.0005762633333332019,0.012613126666666663,6.6e-05,1.7106666666592656e-05,0.0004007933333333333,1.687e-05,6.083e-05,0.8297975433333334,0.00136237,0.15503793666666674,0.0,3.7213333333333325e-05,1.3946666666666666e-05,0.0,0.0,0.0,0.0,0.0,0.0,0.0,0.0
2023-01-04,0.0003457999999999532,0.007567875999999999,3.960000000000001e-05,1.0263999999955595e-05,0.021735858000000007,1.0122e-05,0.02626669000000001,0.85015291,0.000817422,0.09302276200000005,0.0,2.2328e-05,8.368000000000002e-06,0.0,0.0,0.0,0.0,0.0,0.0,0.0,0.0
2023-01-05,0.0003457999999999532,0.007567875999999999,3.960000000000001e-05,1.0263999999955595e-05,0.021735858000000007,1.0122e-05,0.02626669000000001,0.85015291,0.000817422,0.09302276200000005,0.0,2.2328e-05,8.368000000000002e-06,0.0,0.0,0.0,0.0,0.0,0.0,0.0,0.0
2023-01-06,0.0003457999999999532,0.007567875999999999,3.960000000000001e-05,1.0263999999955595e-05,0.021735858000000007,1.0122e-05,0.02626669000000001,0.85015291,0.000817422,0.09302276200000005,0.0,2.2328e-05,8.368000000000002e-06,0.0,0.0,0.0,0.0,0.0,0.0,0.0,0.0
2023-01-07,0.0003457999999999532,0.007567875999999999,3.960000000000001e-05,1.0263999999955595e-05,0.021735858000000007,1.0122e-05,0.02626669000000001,0.85015291,0.000817422,0.09302276200000005,0.0,2.2328e-05,8.368000000000002e-06,0.0,0.0,0.0,0.0,0.0,0.0,0.0,0.0
2023-01-08,0.0003457999999999532,0.007567875999999999,3.960000000000001e-05,1.0263999999955595e-05,0.021735858000000007,1.0122e-05,0.02626669000000001,0.85015291,0.000817422,0.09302276200000005,0.0,2.2328e-05,8.368000000000002e-06,0.0,0.0,0.0,0.0,0.0,0.0,0.0,0.0
2023-01-09,0.0003457999999999532,0.007567875999999999,3.960000000000001e-05,1.0263999999955595e-05,0.021735858000000007,1.0122e-05,0.02626669000000001,0.85015291,0.000817422,0.09302276200000005,0.0,2.2328e-05,8.368000000000002e-06,0.0,0.0,0.0,0.0,0.0,0.0,0.0,0.0
2023-01-10,0.0003457999999999532,0.007567875999999999,3.960000000000001e-05,1.0263999999955595e-05,0.021735858000000007,1.0122e-05,0.02626669000000001,0.85015291,0.000817422,0.09302276200000005,0.0,2.2328e-05,8.368000000000002e-06,0.0,0.0,0.0,0.0,0.0,0.0,0.0,0.0
2023-01-11,0.0003457999999999532,0.007567875999999999,3.960000000000001e-05,1.0263999999955595e-05,0.021735858000000007,1.0122e-05,0.02626669000000001,0.85015291,0.000817422,0.09302276200000005,0.0,2.2328e-05,8.368000000000002e-06,0.0,0.0,0.0,0.0,0.0,0.0,0.0,0.0
2023-01-12,0.0003457999999999532,0.007567875999999999,3.960000000000001e-05,1.0263999999955595e-05,0.021735858000000007,1.0122e-05,0.02626669000000001,0.85015291,0.000817422,0.09302276200000005,0.0,2.2328e-05,8.368000000000002e-06,0.0,0.0,0.0,0.0,0.0,0.0,0.0,0.0
2023-01-13,0.0003457999999999532,0.007567875999999999,3.960000000000001e-05,1.0263999999955595e-05,0.021735858000000007,1.0122e-05,0.02626669000000001,0.85015291,0.000817422,0.09302276200000005,0.0,2.2328e-05,8.368000000000002e-06,0.0,0.0,0.0,0.0,0.0,0.0,0.0,0.0
2023-01-14,0.0003457999999999532,0.007567875999999999,3.960000000000001e-05,1.0263999999955595e-05,0.021735858000000007,1.0122e-05,0.02626669000000001,0.85015291,0.000817422,0.09302276200000005,0.0,2.2328e-05,8.368000000000002e-06,0.0,0.0,0.0,0.0,0.0,0.0,0.0,0.0
2023-01-15,0.0003457999999999532,0.007567875999999999,3.960000000000001e-05,1.0263999999955595e-05,0.021735858000000007,1.0122e-05,0.02626669000000001,0.85015291,0.000817422,0.09302276200000005,0.0,2.2328e-05,8.368000000000002e-06,0.0,0.0,0.0,0.0,0.0,0.0,0.0,0.0
2023-01-16,0.0003457999999999532,0.007567875999999999,3.960000000000001e-05,1.0263999999955595e-05,0.021735858000000007,1.0122e-05,0.02626669000000001,0.85015291,0.000817422,0.09302276200000005,0.0,2.2328e-05,8.368000000000002e-06,0.0,0.0,0.0,0.0,0.0,0.0,0.0,0.0
2023-01-17,0.0003457999999999532,0.007567875999999999,3.960000000000001e-05,1.0263999999955595e-05,0.021735858000000007,1.0122e-05,0.02626669000000001,0.85015291,0.000817422,0.09302276200000005,0.0,2.2328e-05,8.368000000000002e-06,0.0,0.0,0.0,0.0,0.0,0.0,0.0,0.0
2023-01-18,0.00032376333333330033,0.00632522,3.300000000000001e-05,8.553333333296328e-06,0.018113215000000005,8.435000000000001e-06,0.02188890833333334,0.8750688200000001,0.0006855366666666666,0.07751896833333337,0.0,1.8606666666666666e-05,6.973333333333334e-06,0.0,0.0,0.0,0.0,0.0,0.0,0.0,0.0
2023-01-19,0.00027655428571424326,0.005461057142857143,2.8448571428571435e-05,7.331428571396853e-06,0.15831162428571433,2.4485714285714286e-05,0.018761921428571433,0.7500593242857143,0.0005952371428571428,0.06645182428571432,0.0,1.6074285714285715e-05,5.977142857142858e-06,0.0,1.4e-07,0.0,0.0,0.0,0.0,0.0,0.0
2023-01-20,0.00027655428571424326,0.005461057142857143,2.8448571428571435e-05,7.331428571396853e-06,0.15831162428571433,2.4485714285714286e-05,0.018761921428571433,0.7500593242857143,0.0005952371428571428,0.06645182428571432,0.0,1.6074285714285715e-05,5.977142857142858e-06,0.0,1.4e-07,0.0,0.0,0.0,0.0,0.0,0.0
2023-01-21,0.00027655428571424326,0.005461057142857143,2.8448571428571435e-05,7.331428571396853e-06,0.15831162428571433,2.4485714285714286e-05,0.018761921428571433,0.7500593242857143,0.0005952371428571428,0.06645182428571432,0.0,1.6074285714285715e-05,5.977142857142858e-06,0.0,1.4e-07,0.0,0.0,0.0,0.0,0.0,0.0
2023-01-22,0.00027655428571424326,0.005461057142857143,2.8448571428571435e-05,7.331428571396853e-06,0.15831162428571433,2.4485714285714286e-05,0.018761921428571433,0.7500593242857143,0.0005952371428571428,0.06645182428571432,0.0,1.6074285714285715e-05,5.977142857142858e-06,0.0,1.4e-07,0.0,0.0,0.0,0.0,0.0,0.0
2023-01-23,0.00027655428571424326,0.005461057142857143,2.8448571428571435e-05,7.331428571396853e-06,0.15831162428571433,2.4485714285714286e-05,0.018761921428571433,0.7500593242857143,0.0005952371428571428,0.06645182428571432,0.0,1.6074285714285715e-05,5.977142857142858e-06,0.0,1.4e-07,0.0,0.0,0.0,0.0,0.0,0.0
2023-01-24,0.0002341983333332868,0.006289625,2.8190000000000003e-05,8.553333333296328e-06,0.18464812166666666,2.8566666666666665e-05,0.021873800000000002,0.7086975733333333,0.0006616083333333332,0.07750858833333336,0.0,1.4038333333333332e-05,6.973333333333333e-06,0.0,1.6333333333333331e-07,0.0,0.0,0.0,0.0,0.0,0.0
2023-01-25,0.00012947999999995673,0.00010294,3.6000000000000053e-06,1.3419999999555911e-06,0.22141123000000001,2.9142000000000003e-05,0.026241224,0.752028404,3.1076000000000005e-05,1.153e-05,0.0,9.835999999999999e-06,0.0,0.0,1.9599999999999998e-07,0.0,0.0,0.0,0.0,0.0,0.0
2023-01-26,5.177250000002419e-05,9.7005e-05,2.850000000000068e-07,0.0,0.2767447475,3.01975e-05,0.03278774,0.6902556599999999,1.9887500000000002e-05,1.224e-05,0.0,2.1999999999999998e-07,0.0,0.0,2.45e-07,0.0,0.0,0.0,0.0,0.0,0.0
2023-01-27,5.177250000002419e-05,9.7005e-05,2.850000000000068e-07,0.0,0.2767447475,3.0197500000000004e-05,0.03278774,0.6902556599999999,1.9887500000000002e-05,1.224e-05,0.0,2.1999999999999998e-07,0.0,0.0,2.45e-07,0.0,0.0,0.0,0.0,0.0,0.0
2023-01-28,5.177250000002419e-05,9.7005e-05,2.850000000000068e-07,0.0,0.2767447475,3.0197500000000004e-05,0.03278774,0.6902556599999999,1.9887500000000002e-05,1.224e-05,0.0,2.1999999999999998e-07,0.0,0.0,2.45e-07,0.0,0.0,0.0,0.0,0.0,0.0
2023-01-29,5.177250000002419e-05,9.7005e-05,2.850000000000068e-07,0.0,0.2767447475,3.0197500000000004e-05,0.03278774,0.6902556599999999,1.9887500000000002e-05,1.224e-05,0.0,2.1999999999999998e-07,0.0,0.0,2.45e-07,0.0,0.0,0.0,0.0,0.0,0.0
2023-01-30,5.177250000002419e-05,9.7005e-05,2.850000000000068e-07,0.0,0.2767447475,3.0197500000000004e-05,0.03278774,0.6902556599999999,1.9887500000000002e-05,1.224e-05,0.0,2.1999999999999998e-07,0.0,0.0,2.45e-07,0.0,0.0,0.0,0.0,0.0,0.0
2023-01-31,5.177250000002419e-05,9.7005e-05,2.850000000000068e-07,0.0,0.2767447475,3.0197500000000004e-05,0.03278774,0.6902556599999999,1.9887500000000002e-05,1.224e-05,0.0,2.1999999999999998e-07,0.0,0.0,2.45e-07,0.0,0.0,0.0,0.0,0.0,0.0
2023-02-01,0.00010343999999996825,0.00019401000000000002,5.700000000000137e-07,0.0,0.49975104000000004,6.0395000000000014e-05,0.0,0.49982536000000005,3.977500000000001e-05,2.4480000000000003e-05,0.0,4.4e-07,0.0,0.0,4.900000000000001e-07,0.0,0.0,0.0,0.0,0.0,0.0
2023-02-02,0.00010343999999996825,0.00019401000000000002,5.700000000000137e-07,0.0,0.49975104000000004,6.0395000000000014e-05,0.0,0.49982536000000005,3.977500000000001e-05,2.4480000000000003e-05,0.0,4.4e-07,0.0,0.0,4.900000000000001e-07,0.0,0.0,0.0,0.0,0.0,0.0
2023-02-03,0.00010343999999996825,0.00019401000000000002,5.700000000000137e-07,0.0,0.49975104000000004,6.0395000000000014e-05,0.0,0.49982536000000005,3.977500000000001e-05,2.4480000000000003e-05,0.0,4.4e-07,0.0,0.0,4.900000000000001e-07,0.0,0.0,0.0,0.0,0.0,0.0
2023-02-04,0.00010343999999996825,0.00019401000000000002,5.700000000000137e-07,0.0,0.49975104000000004,6.0395000000000014e-05,0.0,0.49982536000000005,3.977500000000001e-05,2.4480000000000003e-05,0.0,4.4e-07,0.0,0.0,4.900000000000001e-07,0.0,0.0,0.0,0.0,0.0,0.0
2023-02-05,0.00010343999999996825,0.00019401000000000002,5.700000000000137e-07,0.0,0.49975104000000004,6.0395000000000014e-05,0.0,0.49982536000000005,3.977500000000001e-05,2.4480000000000003e-05,0.0,4.4e-07,0.0,0.0,4.900000000000001e-07,0.0,0.0,0.0,0.0,0.0,0.0
2023-02-06,0.00015345999999992507,0.00015570333333333336,1.8220000000000012e-05,0.0,0.33316736,4.0263333333333345e-05,1.8296666666666667e-05,0.33324479666666673,0.3330040333333334,0.00019724666666666674,0.0,2.9333333333333337e-07,0.0,0.0,3.266666666666667e-07,0.0,0.0,0.0,0.0,0.0,0.0
2023-02-07,0.00015345999999992507,0.00015570333333333336,1.8220000000000012e-05,0.0,0.33316736,4.0263333333333345e-05,1.8296666666666667e-05,0.33324479666666673,0.3330040333333334,0.00019724666666666674,0.0,2.9333333333333337e-07,0.0,0.0,3.266666666666667e-07,0.0,0.0,0.0,0.0,0.0,0.0
2023-02-08,0.00014845333333327848,0.0016043033333333337,1.894833333333334e-05,4.7433333332963265e-06,0.16683822333333334,3.5285000000000005e-05,5.763833333333334e-05,0.40987893833333344,0.16666305833333336,0.25474816333333333,0.0,1.4666666666666668e-07,0.0,0.0,1.6333333333333334e-07,0.0,1.9350000000000005e-06,0.0,0.0,0.0,0.0
2023-02-09,0.0001853649999999521,0.0343966375,1.4211250000000004e-05,3.5574999999722442e-06,0.13494412249999999,2.6463750000000002e-05,5.243875e-05,0.3624955975,0.21433708,0.25354284250000003,0.0,1.0999999999999999e-07,0.0,0.0,1.225e-07,0.0,1.45125e-06,0.0,0.0,0.0,0.0
2023-02-10,0.0001853649999999521,0.0343966375,1.4211250000000004e-05,3.5574999999722442e-06,0.13494412249999999,2.6463750000000002e-05,5.243875e-05,0.3624955975,0.21433708,0.25354284250000003,0.0,1.0999999999999999e-07,0.0,0.0,1.225e-07,0.0,1.45125e-06,0.0,0.0,0.0,0.0
2023-02-11,0.0001853649999999521,0.0343966375,1.4211250000000004e-05,3.5574999999722442e-06,0.13494412249999999,2.6463750000000002e-05,5.243875e-05,0.3624955975,0.21433708,0.25354284250000003,0.0,1.0999999999999999e-07,0.0,0.0,1.225e-07,0.0,1.45125e-06,0.0,0.0,0.0,0.0
2023-02-12,0.0001853649999999521,0.0343966375,1.4211250000000004e-05,3.5574999999722442e-06,0.13494412249999999,2.6463750000000002e-05,5.243875e-05,0.3624955975,0.21433708,0.25354284250000003,0.0,1.0999999999999999e-07,0.0,0.0,1.225e-07,0.0,1.45125e-06,0.0,0.0,0.0,0.0
2023-02-13,0.0001853649999999521,0.0343966375,1.4211250000000004e-05,3.5574999999722442e-06,0.13494412249999999,2.6463750000000002e-05,5.243875e-05,0.3624955975,0.21433708,0.25354284250000003,0.0,1.0999999999999999e-07,0.0,0.0,1.225e-07,0.0,1.45125e-06,0.0,0.0,0.0,0.0
2023-02-14,0.00017855333333330637,0.03060483555555556,1.2632222222222229e-05,3.162222222197551e-06,0.12006119666666668,2.352333333333334e-05,4.661222222222223e-05,0.33904561888888896,0.20121313888888895,0.30880923000000005,0.0,9.777777777777779e-08,0.0,0.0,1.088888888888889e-07,0.0,1.2900000000000004e-06,0.0,0.0,0.0,0.0
2023-02-15,0.00017030090909088923,0.03074950363636364,1.368636363636364e-05,2.5872727272525412e-06,0.09836283636363637,1.9246363636363637e-05,7.20090909090909e-05,0.2801765381818182,0.20067988727272726,0.38975218,0.0,7.999999999999999e-08,0.0,0.0,8.909090909090908e-08,0.0,1.0554545454545455e-06,0.0,0.0,0.0,0.0
2023-02-16,0.00018830999999998167,0.05172751666666667,1.2450833333333335e-05,2.371666666648163e-06,0.006884402500000001,7.576666666666667e-06,6.877083333333334e-05,0.3208292033333333,0.21341887083333333,0.4068588516666667,0.0,7.075e-07,0.0,0.0,0.0,0.0,9.675e-07,0.0,0.0,0.0,0.0
2023-02-17,0.00018830999999998167,0.05172751666666667,1.2450833333333335e-05,2.371666666648163e-06,0.006884402500000001,7.576666666666667e-06,6.877083333333334e-05,0.3208292033333333,0.21341887083333333,0.4068588516666667,0.0,7.075e-07,0.0,0.0,0.0,0.0,9.675e-07,0.0,0.0,0.0,0.0
2023-02-18,0.00018830999999998167,0.05172751666666667,1.2450833333333335e-05,2.371666666648163e-06,0.006884402500000001,7.576666666666667e-06,6.877083333333334e-05,0.3208292033333333,0.21341887083333333,0.4068588516666667,0.0,7.075e-07,0.0,0.0,0.0,0.0,9.675e-07,0.0,0.0,0.0,0.0
2023-02-19,0.00018830999999998167,0.05172751666666667,1.2450833333333335e-05,2.371666666648163e-06,0.006884402500000001,7.576666666666667e-06,6.877083333333334e-05,0.3208292033333333,0.21341887083333333,0.4068588516666667,0.0,7.075e-07,0.0,0.0,0.0,0.0,9.675e-07,0.0,0.0,0.0,0.0
2023-02-20,0.00018830999999998167,0.05172751666666667,1.2450833333333335e-05,2.371666666648163e-06,0.006884402500000001,7.576666666666667e-06,6.877083333333334e-05,0.3208292033333333,0.21341887083333333,0.4068588516666667,0.0,7.075e-07,0.0,0.0,0.0,0.0,9.675e-07,0.0,0.0,0.0,0.0
2023-02-21,0.0002072621428571493,0.044389036428571435,1.0672142857142859e-05,2.0328571428412822e-06,0.005905136428571428,6.494285714285715e-06,5.894642857142857e-05,0.27500821428571426,0.18334094714285715,0.49106982214285716,0.0,6.064285714285715e-07,0.0,0.0,0.0,0.0,8.292857142857144e-07,0.0,0.0,0.0,0.0
2023-02-22,0.00021132066666667272,0.04143417266666667,9.960666666666668e-06,1.8973333333185303e-06,0.005512401333333334,6.061333333333333e-06,5.501666666666667e-05,0.25667433333333334,0.17113761533333335,0.5249558806666667,0.0,5.66e-07,0.0,0.0,0.0,0.0,7.74e-07,0.0,0.0,0.0,0.0
2023-02-23,0.00021016749999999807,0.03884652,1.5222500000000002e-05,1.7787499999861221e-06,0.005167876250000001,5.6825e-06,5.1578125e-05,0.24063218749999998,0.160450713125,0.5546170175,0.0,5.30625e-07,0.0,0.0,0.0,0.0,7.25625e-07,0.0,0.0,0.0,0.0
2023-02-24,0.00021016749999999807,0.03884652,1.5222500000000002e-05,1.7787499999861221e-06,0.005167876250000001,5.6825e-06,5.1578125e-05,0.24063218749999998,0.160450713125,0.5546170175,0.0,5.30625e-07,0.0,0.0,0.0,0.0,7.25625e-07,0.0,0.0,0.0,0.0
2023-02-25,0.00021016749999999807,0.03884652,1.5222500000000002e-05,1.7787499999861221e-06,0.005167876250000001,5.6825e-06,5.1578125e-05,0.24063218749999998,0.160450713125,0.5546170175,0.0,5.30625e-07,0.0,0.0,0.0,0.0,7.25625e-07,0.0,0.0,0.0,0.0
2023-02-26,0.00021016749999999807,0.03884652,1.5222500000000002e-05,1.7787499999861221e-06,0.005167876250000001,5.6825e-06,5.1578125e-05,0.24063218749999998,0.160450713125,0.5546170175,0.0,5.30625e-07,0.0,0.0,0.0,0.0,7.25625e-07,0.0,0.0,0.0,0.0
2023-02-27,0.00021016749999999807,0.03884652,1.5222500000000002e-05,1.7787499999861221e-06,0.005167876250000001,5.6825e-06,5.1578125e-05,0.24063218749999998,0.160450713125,0.5546170175,0.0,5.30625e-07,0.0,0.0,0.0,0.0,7.25625e-07,0.0,0.0,0.0,0.0
2023-02-28,0.0002027241176470547,0.03657429588235294,1.4327058823529413e-05,1.674117647045762e-06,0.004866011764705883,5.348235294117647e-06,4.934470588235294e-05,0.22647735294117646,0.15103934705882355,0.580768391764706,0.0,4.994117647058824e-07,0.0,0.0,0.0,0.0,6.829411764705882e-07,0.0,0.0,0.0,0.0
2023-03-01,0.00020707210526315254,0.03274250315789474,1.2818947368421055e-05,1.4978947368304187e-06,0.004358197894736842,4.785263157894737e-06,4.667736842105263e-05,0.2026396842105263,0.13521356947368424,0.6247721357894737,0.0,4.468421052631579e-07,0.0,0.0,0.0,0.0,6.110526315789474e-07,0.0,0.0,0.0,0.0
2023-03-02,0.0008771559999999923,0.031105378,1.2178000000000001e-05,1.4229999999888977e-06,0.006900408500000001,4.546e-06,4.43435e-05,0.1925077,0.15485050500000003,0.613695357,0.0,4.245e-07,0.0,0.0,0.0,0.0,5.805e-07,0.0,0.0,0.0,0.0
2023-03-03,0.0008771559999999923,0.031105378,1.2178000000000001e-05,1.4229999999888977e-06,0.006900408500000001,4.546e-06,4.43435e-05,0.1925077,0.15485050500000003,0.613695357,0.0,4.245e-07,0.0,0.0,0.0,0.0,5.805e-07,0.0,0.0,0.0,0.0
2023-03-04,0.0008771559999999923,0.031105378,1.2178000000000001e-05,1.4229999999888977e-06,0.006900408500000001,4.546e-06,4.43435e-05,0.1925077,0.15485050500000003,0.613695357,0.0,4.245e-07,0.0,0.0,0.0,0.0,5.805e-07,0.0,0.0,0.0,0.0
2023-03-05,0.0008771559999999923,0.031105378,1.2178000000000001e-05,1.4229999999888977e-06,0.006900408500000001,4.546e-06,4.43435e-05,0.1925077,0.15485050500000003,0.613695357,0.0,4.245e-07,0.0,0.0,0.0,0.0,5.805e-07,0.0,0.0,0.0,0.0
2023-03-06,0.0009099800000000004,0.03273834052631579,1.0002105263157898e-05,1.4978947368304187e-06,0.007263587894736843,4.785263157894737e-06,4.378842105263158e-05,0.20263528052631577,0.11042513421052633,0.6459665452631579,0.0,4.468421052631579e-07,0.0,0.0,0.0,0.0,6.110526315789474e-07,0.0,0.0,0.0,0.0
2023-03-07,0.0009099800000000004,0.03273834052631579,1.0002105263157898e-05,1.4978947368304187e-06,0.007263587894736843,4.785263157894737e-06,4.378842105263158e-05,0.20263528052631577,0.11042513421052633,0.6459665452631579,0.0,4.468421052631579e-07,0.0,0.0,0.0,0.0,6.110526315789474e-07,0.0,0.0,0.0,0.0
2023-03-08,0.000991722352941183,0.03605649411764706,7.706470588235296e-06,0.0,0.008028288823529413,0.0,3.1825882352941174e-05,0.1406194758823529,0.12335948823529413,0.6909044988235294,0.0,4.994117647058824e-07,0.0,0.0,0.0,0.0,0.0,0.0,0.0,0.0,0.0
2023-03-09,0.0009174061111110926,0.022293854999999998,7.278333333333335e-06,0.0,0.003219848333333333,0.0,2.5964444444444444e-05,0.10832444111111111,0.11805998166666669,0.7471507533333334,0.0,4.7166666666666667e-07,0.0,0.0,0.0,0.0,0.0,0.0,0.0,0.0,0.0
2023-03-10,0.0009174061111110926,0.022293854999999998,7.278333333333335e-06,0.0,0.003219848333333333,0.0,2.5964444444444444e-05,0.10832444111111111,0.11805998166666669,0.7471507533333334,0.0,4.7166666666666667e-07,0.0,0.0,0.0,0.0,0.0,0.0,0.0,0.0,0.0
2023-03-11,0.0009174061111110926,0.022293854999999998,7.278333333333335e-06,0.0,0.003219848333333333,0.0,2.5964444444444444e-05,0.10832444111111111,0.11805998166666669,0.7471507533333334,0.0,4.7166666666666667e-07,0.0,0.0,0.0,0.0,0.0,0.0,0.0,0.0,0.0
2023-03-12,0.0009174061111110926,0.022293854999999998,7.278333333333335e-06,0.0,0.003219848333333333,0.0,2.5964444444444444e-05,0.10832444111111111,0.11805998166666669,0.7471507533333334,0.0,4.7166666666666667e-07,0.0,0.0,0.0,0.0,0.0,0.0,0.0,0.0,0.0
2023-03-13,0.0009174061111110926,0.022293854999999998,7.278333333333335e-06,0.0,0.003219848333333333,0.0,2.5964444444444444e-05,0.10832444111111111,0.11805998166666669,0.7471507533333334,0.0,4.7166666666666667e-07,0.0,0.0,0.0,0.0,0.0,0.0,0.0,0.0,0.0
2023-03-14,0.0008710699999999506,0.02114997,6.895263157894739e-06,0.0,0.0030096542105263156,0.0,2.4597894736842107e-05,0.09465511473684209,0.1304817763157895,0.7498004747368421,0.0,4.468421052631579e-07,0.0,0.0,0.0,0.0,0.0,0.0,0.0,0.0,0.0
2023-03-15,0.0008598963157894434,0.017863326315789473,4.9552631578947386e-06,0.0,0.0029358115789473683,2.6394736842105264e-06,4.9878947368421054e-06,0.04043549052631578,0.1243135863157895,0.8135788594736842,0.0,4.468421052631579e-07,0.0,0.0,0.0,0.0,0.0,0.0,0.0,0.0,0.0
2023-03-16,0.0008505831578946932,0.005280715789473687,4.9552631578947386e-06,0.0,0.005582816842105263,5.140526315789474e-06,6.791052631578946e-06,3.885684210526316e-05,0.16373635421052635,0.8244937863157894,0.0,0.0,0.0,0.0,0.0,0.0,0.0,0.0,0.0,0.0,0.0
2023-03-17,0.0008505831578946932,0.005280715789473687,4.9552631578947386e-06,0.0,0.005582816842105263,5.140526315789474e-06,6.791052631578946e-06,3.885684210526316e-05,0.16373635421052637,0.8244937863157894,0.0,0.0,0.0,0.0,0.0,0.0,0.0,0.0,0.0,0.0,0.0
2023-03-18,0.0008505831578946932,0.005280715789473687,4.9552631578947386e-06,0.0,0.005582816842105263,5.140526315789474e-06,6.791052631578946e-06,3.885684210526316e-05,0.16373635421052637,0.8244937863157894,0.0,0.0,0.0,0.0,0.0,0.0,0.0,0.0,0.0,0.0,0.0
2023-03-19,0.0008505831578946932,0.005280715789473687,4.9552631578947386e-06,0.0,0.005582816842105263,5.140526315789474e-06,6.791052631578946e-06,3.885684210526316e-05,0.16373635421052637,0.8244937863157894,0.0,0.0,0.0,0.0,0.0,0.0,0.0,0.0,0.0,0.0,0.0
2023-03-20,0.0008505831578946932,0.005280715789473687,4.9552631578947386e-06,0.0,0.005582816842105263,5.140526315789474e-06,6.791052631578946e-06,3.885684210526316e-05,0.16373635421052637,0.8244937863157894,0.0,0.0,0.0,0.0,0.0,0.0,0.0,0.0,0.0,0.0,0.0
2023-03-21,0.0008667311111110597,0.005534293888888892,5.230555555555558e-06,0.0,0.005890413333333334,5.426111111111111e-06,7.168333333333332e-06,3.187333333333333e-05,0.17265577055555562,0.8150030927777778,0.0,0.0,0.0,0.0,0.0,0.0,0.0,0.0,0.0,0.0,0.0
2023-03-22,0.0007214149999999211,0.0045412672727272755,7.785454545454548e-06,0.0,0.004831375,4.439545454545455e-06,8.057727272727272e-06,2.6078181818181818e-05,0.1627371236363637,0.8271224581818182,0.0,0.0,0.0,0.0,0.0,0.0,0.0,0.0,0.0,0.0,0.0
2023-03-23,0.0006741833333332637,0.004188692916666669,3.870416666666668e-06,0.0,0.01271702875,4.069583333333333e-06,7.612083333333334e-06,2.3905e-05,0.17653062416666668,0.8058500137500001,0.0,0.0,0.0,0.0,0.0,0.0,0.0,0.0,0.0,0.0,0.0
2023-03-24,0.0006741833333332637,0.004188692916666669,3.870416666666668e-06,0.0,0.01271702875,4.069583333333333e-06,7.612083333333334e-06,2.3905e-05,0.17653062416666668,0.8058500137500001,0.0,0.0,0.0,0.0,0.0,0.0,0.0,0.0,0.0,0.0,0.0
2023-03-25,0.0006741833333332637,0.004188692916666669,3.870416666666668e-06,0.0,0.01271702875,4.069583333333333e-06,7.612083333333334e-06,2.3905e-05,0.17653062416666668,0.8058500137500001,0.0,0.0,0.0,0.0,0.0,0.0,0.0,0.0,0.0,0.0,0.0
2023-03-26,0.0006741833333332637,0.004188692916666669,3.870416666666668e-06,0.0,0.01271702875,4.069583333333333e-06,7.612083333333334e-06,2.3905e-05,0.17653062416666668,0.8058500137500001,0.0,0.0,0.0,0.0,0.0,0.0,0.0,0.0,0.0,0.0,0.0
2023-03-27,0.0006741833333332637,0.004188692916666669,3.870416666666668e-06,0.0,0.01271702875,4.069583333333333e-06,7.612083333333334e-06,2.3905e-05,0.17653062416666668,0.8058500137500001,0.0,0.0,0.0,0.0,0.0,0.0,0.0,0.0,0.0,0.0,0.0
2023-03-28,0.0006998595652173204,0.0043613008695652196,4.038695652173914e-06,0.0,0.01326837,4.246521739130435e-06,7.351304347826087e-06,2.4944347826086957e-05,0.18418597782608695,0.7974439108695652,0.0,0.0,0.0,0.0,0.0,0.0,0.0,0.0,0.0,0.0,0.0
2023-03-29,0.000654594799999922,0.004123995200000003,3.715600000000001e-06,0.017196658799999993,0.0144066592,3.9068000000000004e-06,6.877599999999999e-06,2.3128000000000003e-05,0.20538850160000005,0.7581919624,0.0,0.0,0.0,0.0,0.0,0.0,0.0,0.0,0.0,0.0,0.0
2023-03-30,0.00012284851851846195,0.00385573814814815,7.552222222222223e-06,0.015922832222222214,0.011303015555555554,3.6174074074074078e-06,1.2403333333333332e-05,2.368962962962963e-05,0.1849625444444445,0.7837857585185185,0.0,0.0,0.0,0.0,0.0,0.0,0.0,0.0,0.0,0.0,0.0
2023-03-31,0.00012284851851846195,0.00385573814814815,7.552222222222223e-06,0.015922832222222214,0.011303015555555554,3.6174074074074078e-06,1.2403333333333332e-05,2.368962962962963e-05,0.1849625444444445,0.7837857585185185,0.0,0.0,0.0,0.0,0.0,0.0,0.0,0.0,0.0,0.0,0.0
2023-04-01,0.00012284851851846195,0.00385573814814815,7.552222222222223e-06,0.015922832222222214,0.011303015555555554,3.6174074074074078e-06,1.2403333333333332e-05,2.368962962962963e-05,0.1849625444444445,0.7837857585185185,0.0,0.0,0.0,0.0,0.0,0.0,0.0,0.0,0.0,0.0,0.0
2023-04-02,0.00012284851851846195,0.00385573814814815,7.552222222222223e-06,0.015922832222222214,0.011303015555555554,3.6174074074074078e-06,1.2403333333333332e-05,2.368962962962963e-05,0.1849625444444445,0.7837857585185185,0.0,0.0,0.0,0.0,0.0,0.0,0.0,0.0,0.0,0.0,0.0
2023-04-03,0.00012284851851846195,0.00385573814814815,7.552222222222223e-06,0.015922832222222214,0.011303015555555554,3.6174074074074078e-06,1.2403333333333332e-05,2.368962962962963e-05,0.1849625444444445,0.7837857585185185,0.0,0.0,0.0,0.0,0.0,0.0,0.0,0.0,0.0,0.0,0.0
2023-04-04,0.00012284851851846195,0.00385573814814815,7.552222222222223e-06,0.015922832222222214,0.011303015555555554,3.6174074074074078e-06,1.2403333333333332e-05,2.368962962962963e-05,0.1849625444444445,0.7837857585185185,0.0,0.0,0.0,0.0,0.0,0.0,0.0,0.0,0.0,0.0,0.0
2023-04-05,0.00014659275862063899,0.003599950344827588,7.031379310344828e-06,0.01482470586206896,0.01052349724137931,3.367931034482759e-06,1.1547931034482757e-05,2.2055862068965517e-05,0.188873571724138,0.7819876789655172,0.0,0.0,0.0,0.0,0.0,0.0,0.0,0.0,0.0,0.0,0.0
2023-04-06,0.00017055636363633907,0.0015485824242424259,6.179090909090909e-06,0.013027771818181813,0.009279503333333333,2.9596969696969698e-06,1.0148181818181818e-05,1.9382424242424243e-05,0.2150084881818182,0.7609264284848485,0.0,0.0,0.0,0.0,0.0,0.0,0.0,0.0,0.0,0.0,0.0
2023-04-07,0.0001911533333333166,0.0014386775000000014,5.664166666666667e-06,0.011942124166666662,0.0085155725,2.7130555555555555e-06,9.3025e-06,2.0460277777777777e-05,0.2029964338888889,0.7748778986111111,0.0,0.0,0.0,0.0,0.0,0.0,0.0,0.0,0.0,0.0,0.0
2023-04-08,0.00019115333333331663,0.0014386775000000014,5.664166666666667e-06,0.011942124166666662,0.0085155725,2.7130555555555555e-06,9.3025e-06,2.0460277777777777e-05,0.2029964338888889,0.7748778986111111,0.0,0.0,0.0,0.0,0.0,0.0,0.0,0.0,0.0,0.0,0.0
2023-04-09,0.00019115333333331663,0.0014386775000000014,5.664166666666667e-06,0.011942124166666662,0.0085155725,2.7130555555555555e-06,9.3025e-06,2.0460277777777777e-05,0.2029964338888889,0.7748778986111111,0.0,0.0,0.0,0.0,0.0,0.0,0.0,0.0,0.0,0.0,0.0
2023-04-10,0.00019115333333331663,0.0014386775000000014,5.664166666666667e-06,0.011942124166666662,0.0085155725,2.7130555555555555e-06,9.3025e-06,2.0460277777777777e-05,0.2029964338888889,0.7748778986111111,0.0,0.0,0.0,0.0,0.0,0.0,0.0,0.0,0.0,0.0,0.0
2023-04-11,0.00020004666666667136,0.0014251650000000015,5.664166666666667e-06,0.011942124166666662,0.008513879444444445,2.7130555555555555e-06,9.3025e-06,1.8987222222222225e-05,0.23521416388888886,0.7426679538888888,0.0,0.0,0.0,0.0,0.0,0.0,0.0,0.0,0.0,0.0,0.0
2023-04-12,0.00020736605263156795,0.0013533905263157912,5.366052631578949e-06,0.01131359131578947,0.008064820526315792,1.2505263157894739e-06,8.812894736842106e-06,1.7914473684210527e-05,0.22567111605263163,0.753356252631579,0.0,1.1289473684210527e-07,6.05263157894737e-09,0.0,0.0,0.0,0.0,0.0,0.0,0.0,0.0
2023-04-13,0.00020518179487180168,0.00022047512820512981,5.228461538461539e-06,0.011023499230769226,0.007365121025641026,1.8369230769230768e-06,6.858461538461537e-06,1.5556410256410256e-05,0.2073115153846154,0.7738446112820513,0.0,1.0999999999999999e-07,5.897435897435897e-09,0.0,0.0,0.0,0.0,0.0,0.0,0.0,0.0
2023-04-14,0.00020518179487180168,0.00022047512820512981,5.228461538461539e-06,0.011023499230769226,0.007365121025641026,1.8369230769230768e-06,6.858461538461537e-06,1.5556410256410256e-05,0.2073115153846154,0.7738446112820513,0.0,1.0999999999999999e-07,5.897435897435897e-09,0.0,0.0,0.0,0.0,0.0,0.0,0.0,0.0
2023-04-15,0.00020518179487180168,0.00022047512820512981,5.228461538461539e-06,0.011023499230769226,0.007365121025641026,1.8369230769230768e-06,6.858461538461537e-06,1.5556410256410256e-05,0.2073115153846154,0.7738446112820513,0.0,1.0999999999999999e-07,5.897435897435897e-09,0.0,0.0,0.0,0.0,0.0,0.0,0.0,0.0
2023-04-16,0.00020518179487180168,0.00022047512820512981,5.228461538461539e-06,0.011023499230769226,0.007365121025641026,1.8369230769230768e-06,6.858461538461537e-06,1.5556410256410256e-05,0.2073115153846154,0.7738446112820513,0.0,1.0999999999999999e-07,5.897435897435897e-09,0.0,0.0,0.0,0.0,0.0,0.0,0.0,0.0
2023-04-17,0.00020518179487180168,0.00022047512820512981,5.228461538461539e-06,0.011023499230769226,0.007365121025641026,1.8369230769230768e-06,6.858461538461537e-06,1.5556410256410256e-05,0.2073115153846154,0.7738446112820513,0.0,1.0999999999999999e-07,5.897435897435897e-09,0.0,0.0,0.0,0.0,0.0,0.0,0.0,0.0
2023-04-18,0.00020842263157894877,0.00022627710526315953,5.366052631578948e-06,0.011313591315789469,0.007558597894736842,1.8852631578947368e-06,7.038947368421051e-06,1.5965789473684208e-05,0.21269971447368421,0.7679630215789475,0.0,1.1289473684210525e-07,6.052631578947368e-09,0.0,0.0,0.0,0.0,0.0,0.0,0.0,0.0
2023-04-19,0.0002335336842105649,0.0002506918421052648,3.3363157894736843e-06,0.011313591315789469,0.010455723947368422,1.8852631578947368e-06,1.0841842105263158e-05,2.0604736842105263e-05,0.2810349952631579,0.6966746768421053,0.0,1.1289473684210525e-07,6.052631578947368e-09,0.0,0.0,0.0,0.0,0.0,0.0,0.0,0.0
2023-04-20,0.0004679168292683309,0.0019594917073170754,2.7139024390243916e-06,0.010485767560975608,0.007980018292682928,1.747317073170732e-06,1.2824634146341464e-05,5.53239024390244e-05,0.30802761804878054,0.6710064553658538,0.0,1.1682926829268294e-07,5.609756097560976e-09,0.0,0.0,0.0,0.0,0.0,0.0,0.0,0.0
2023-04-21,0.0004461950000000319,0.0018286981818181837,2.5288636363636374e-06,0.00977082886363636,0.007435926136363638,1.6281818181818184e-06,1.1950227272727274e-05,5.1551818181818196e-05,0.2961424804545455,0.6843080981818183,0.0,1.0886363636363638e-07,5.227272727272728e-09,0.0,0.0,0.0,0.0,0.0,0.0,0.0,0.0
2023-04-22,0.0004461950000000319,0.0018286981818181837,2.5288636363636374e-06,0.00977082886363636,0.007435926136363638,1.6281818181818184e-06,1.1950227272727274e-05,5.1551818181818196e-05,0.2961424804545455,0.6843080981818183,0.0,1.0886363636363638e-07,5.227272727272728e-09,0.0,0.0,0.0,0.0,0.0,0.0,0.0,0.0
2023-04-23,0.0004461950000000319,0.0018286981818181837,2.5288636363636374e-06,0.00977082886363636,0.007435926136363638,1.6281818181818184e-06,1.1950227272727274e-05,5.1551818181818196e-05,0.2961424804545455,0.6843080981818183,0.0,1.0886363636363638e-07,5.227272727272728e-09,0.0,0.0,0.0,0.0,0.0,0.0,0.0,0.0
2023-04-24,0.0004461950000000319,0.0018286981818181837,2.5288636363636374e-06,0.00977082886363636,0.007435926136363638,1.6281818181818184e-06,1.1950227272727274e-05,5.1551818181818196e-05,0.2961424804545455,0.6843080981818183,0.0,1.0886363636363638e-07,5.227272727272728e-09,0.0,0.0,0.0,0.0,0.0,0.0,0.0,0.0
2023-04-25,0.0005366516666666974,0.0016786627083333352,2.9512500000000008e-06,0.008956593124999997,0.006817333333333333,1.4925000000000001e-06,1.0954375e-05,4.725583333333334e-05,0.3052872433333334,0.6766607572916667,0.0,9.979166666666668e-08,4.791666666666667e-09,0.0,0.0,0.0,0.0,0.0,0.0,0.0,0.0
2023-04-26,0.0006577373076923638,0.0026741082692307706,2.7242307692307697e-06,0.0,0.005235784038461538,1.3776923076923077e-06,1.0250192307692308e-05,4.278461538461539e-05,0.3114374386538461,0.6799376934615384,0.0,9.711538461538461e-08,4.423076923076923e-09,0.0,0.0,0.0,0.0,0.0,0.0,0.0,0.0
2023-04-27,0.0006448141509434425,0.0026117575471698126,5.824528301886798e-07,0.0,0.005133989811320755,2.1924528301886795e-06,7.743396226415095e-06,4.0818490566037744e-05,0.3078569247169811,0.6837010773584906,0.0,9.528301886792453e-08,4.3396226415094335e-09,0.0,0.0,0.0,0.0,0.0,0.0,0.0,0.0
2023-04-28,0.0006448141509434425,0.0026117575471698126,5.824528301886798e-07,0.0,0.005133989811320755,2.1924528301886795e-06,7.743396226415095e-06,4.0818490566037744e-05,0.3078569247169811,0.6837010773584906,0.0,9.528301886792453e-08,4.3396226415094335e-09,0.0,0.0,0.0,0.0,0.0,0.0,0.0,0.0
2023-04-29,0.000636666481481525,0.0025638883333333343,5.716666666666672e-07,0.0,0.005038915925925926,2.1518518518518518e-06,7.6e-06,4.00625925925926e-05,0.3021604059259259,0.6895496394444445,0.0,9.351851851851851e-08,4.259259259259259e-09,0.0,0.0,0.0,0.0,0.0,0.0,0.0,0.0
2023-04-30,0.000636666481481525,0.0025638883333333343,5.716666666666672e-07,0.0,0.005038915925925926,2.1518518518518518e-06,7.6e-06,4.00625925925926e-05,0.3021604059259259,0.6895496394444445,0.0,9.351851851851851e-08,4.259259259259259e-09,0.0,0.0,0.0,0.0,0.0,0.0,0.0,0.0
2023-05-01,0.000636666481481525,0.0025638883333333343,5.716666666666672e-07,0.0,0.005038915925925926,2.1518518518518518e-06,7.6e-06,4.00625925925926e-05,0.3021604059259259,0.6895496394444445,0.0,9.351851851851851e-08,4.259259259259259e-09,0.0,0.0,0.0,0.0,0.0,0.0,0.0,0.0
2023-05-02,0.0006152738596491658,0.0024364785964912294,5.415789473684215e-07,0.0,0.004773709824561404,2.0385964912280703e-06,7.2e-06,3.7954035087719307e-05,0.3103987496491228,0.6817279612280702,0.0,8.859649122807017e-08,4.035087719298245e-09,0.0,0.0,0.0,0.0,0.0,0.0,0.0,0.0
2023-05-03,0.0005925113559322478,0.002356454237288137,1.6040677966101702e-06,5.420338983013214e-07,0.004613942881355933,3.411864406779662e-06,6.9559322033898315e-06,3.8122372881355945e-05,0.3032421998305085,0.6891441659322034,0.0,8.559322033898306e-08,3.898305084745763e-09,0.0,0.0,0.0,0.0,0.0,0.0,0.0,0.0
2023-05-04,0.0005996356140350989,0.0024441061403508786,1.660350877192983e-06,1.0201754385925957e-06,0.0047594000000000004,3.5315789473684214e-06,7.2e-06,3.946000000000001e-05,0.28938545263157894,0.702758440877193,0.0,8.859649122807017e-08,4.035087719298245e-09,0.0,0.0,0.0,0.0,0.0,0.0,0.0,0.0
2023-05-05,0.0005986576363636411,0.0025204523636363652,1.7207272727272732e-06,1.0572727272686902e-06,0.004926341818181818,3.66e-06,7.461818181818182e-06,3.9132181818181825e-05,0.30261230163636366,0.6892891185454546,0.0,9.181818181818182e-08,4.181818181818182e-09,0.0,0.0,0.0,0.0,0.0,0.0,0.0,0.0
2023-05-06,0.0005658669491525433,0.0023533947457627133,1.60406779661017e-06,9.855932203352198e-07,0.021542260847457625,3.4118644067796614e-06,6.955932203389831e-06,3.6479152542372886e-05,0.2969532145762712,0.6785357367796611,0.0,8.559322033898304e-08,3.898305084745763e-09,0.0,0.0,0.0,0.0,0.0,0.0,0.0,0.0
2023-05-07,0.0005658669491525433,0.0023533947457627133,1.60406779661017e-06,9.855932203352198e-07,0.021542260847457625,3.4118644067796614e-06,6.955932203389831e-06,3.6479152542372886e-05,0.2969532145762712,0.6785357367796611,0.0,8.559322033898304e-08,3.898305084745763e-09,0.0,0.0,0.0,0.0,0.0,0.0,0.0,0.0
2023-05-08,0.0005658669491525433,0.0023533947457627133,1.60406779661017e-06,9.855932203352198e-07,0.021542260847457625,3.4118644067796614e-06,6.955932203389831e-06,3.6479152542372886e-05,0.2969532145762712,0.6785357367796611,0.0,8.559322033898304e-08,3.898305084745763e-09,0.0,0.0,0.0,0.0,0.0,0.0,0.0,0.0
2023-05-09,0.0005701393103448194,0.002389299310344829,1.631724137931035e-06,1.0025862068927235e-06,0.021910868793103448,3.470689655172414e-06,7.075862068965517e-06,3.710810344827587e-05,0.2783922589655172,0.6966870536206897,0.0,8.706896551724137e-08,3.96551724137931e-09,0.0,0.0,0.0,0.0,0.0,0.0,0.0,0.0
2023-05-10,0.0005800182142857094,0.0024683466071428583,2.5810714285714286e-06,1.038392857138892e-06,0.02269338303571428,3.594642857142857e-06,7.328571428571428e-06,3.836071428571429e-05,0.3016072869642857,0.6725980482142857,0.0,1.3571428571428568e-08,0.0,0.0,0.0,0.0,0.0,0.0,0.0,0.0,0.0
2023-05-11,0.0005649646551723952,0.0023733225862068983,2.492068965517242e-06,1.0025862068927235e-06,0.02137303620689655,2.2355172413793113e-06,7.688103448275863e-06,3.0628965517241386e-05,0.2947782372413793,0.6808663789655174,0.0,1.310344827586207e-08,0.0,0.0,0.0,0.0,0.0,0.0,0.0,0.0,0.0
2023-05-12,0.0005577977966101491,0.0023350411864406792,2.449830508474577e-06,9.855932203352198e-07,0.0210107813559322,2.1976271186440684e-06,7.557796610169491e-06,3.010983050847458e-05,0.2914675633898305,0.6845855027118645,0.0,1.288135593220339e-08,0.0,0.0,0.0,0.0,0.0,0.0,0.0,0.0,0.0
2023-05-13,0.0005396713114754023,0.004101088688524591,3.0011475409836064e-06,9.804918032750483e-07,0.020323477377049173,2.1255737704918034e-06,7.309999999999999e-06,2.9251803278688525e-05,0.29367591360655726,0.6813169213114754,1.2295081967213113e-08,1.90327868852459e-07,9.836065573770492e-09,4.147540983606534e-08,4.754098360655736e-09,0.0,0.0,0.0,0.0,0.0,0.0
2023-05-14,0.0005396713114754023,0.004101088688524591,3.0011475409836064e-06,9.804918032750483e-07,0.020323477377049173,2.1255737704918034e-06,7.309999999999999e-06,2.9251803278688525e-05,0.29367591360655726,0.6813169213114754,1.2295081967213113e-08,1.90327868852459e-07,9.836065573770492e-09,4.147540983606534e-08,4.754098360655736e-09,0.0,0.0,0.0,0.0,0.0,0.0
2023-05-15,0.0005396713114754023,0.004101088688524591,3.0011475409836064e-06,9.804918032750483e-07,0.020323477377049173,2.1255737704918034e-06,7.309999999999999e-06,2.9251803278688525e-05,0.29367591360655726,0.6813169213114754,1.2295081967213113e-08,1.90327868852459e-07,9.836065573770492e-09,4.147540983606534e-08,4.754098360655736e-09,0.0,0.0,0.0,0.0,0.0,0.0
2023-05-16,0.0005323741935483796,0.004036022741935484,2.952741935483871e-06,9.646774193512571e-07,0.019995679354838702,2.0912903225806454e-06,7.1920967741935475e-06,2.8780000000000002e-05,0.297806249516129,0.6775874388709677,1.2096774193548386e-08,1.8725806451612903e-07,9.67741935483871e-09,4.080645161290299e-08,4.677419354838709e-09,0.0,0.0,0.0,0.0,0.0,0.0
2023-05-17,0.0005325281666666443,0.004153867166666667,3.0511666666666667e-06,9.968333333296324e-07,0.018822740166666664,2.161e-06,4.219333333333333e-06,2.6801333333333334e-05,0.2609140428333333,0.715539329,1.25e-08,1.9349999999999998e-07,1e-08,4.216666666666643e-08,4.833333333333333e-09,0.0,0.0,0.0,0.0,0.0,0.0
2023-05-18,0.00038836872727269345,0.003235818909090909,3.324e-06,1.0874545454505082e-06,0.018275429090909085,2.357454545454546e-06,2.4349090909090903e-06,4.123636363636364e-06,0.24551542418181815,0.7325713538181817,1.3636363636363635e-08,2.0199999999999998e-07,1.090909090909091e-08,4.599999999999974e-08,5.2727272727272714e-09,0.0,0.0,0.0,0.0,0.0,0.0
2023-05-19,0.00040049660377355483,0.0033586015094339626,3.4494339622641507e-06,1.128490566033546e-06,0.019041753207547165,2.446415094339623e-06,2.5267924528301883e-06,5.8994339622641506e-06,0.25535345415094335,0.7218288158490566,1.1539622641509434e-06,2.0962264150943393e-07,1.1320754716981132e-08,4.77358490566035e-08,5.471698113207546e-09,0.0,0.0,0.0,0.0,0.0,0.0
2023-05-20,0.00040049660377355483,0.0033586015094339626,3.4494339622641507e-06,1.128490566033546e-06,0.019041753207547165,2.446415094339623e-06,2.5267924528301883e-06,5.8994339622641506e-06,0.25535345415094335,0.7218288158490566,1.153962264150943e-06,2.0962264150943393e-07,1.1320754716981132e-08,4.77358490566035e-08,5.471698113207546e-09,0.0,0.0,0.0,0.0,0.0,0.0
2023-05-21,0.00040049660377355483,0.0033586015094339626,3.4494339622641507e-06,1.128490566033546e-06,0.019041753207547165,2.446415094339623e-06,2.5267924528301883e-06,5.8994339622641506e-06,0.25535345415094335,0.7218288158490566,1.153962264150943e-06,2.0962264150943393e-07,1.1320754716981132e-08,4.77358490566035e-08,5.471698113207546e-09,0.0,0.0,0.0,0.0,0.0,0.0
2023-05-22,0.00040049660377355483,0.0033586015094339626,3.4494339622641507e-06,1.128490566033546e-06,0.019041753207547165,2.446415094339623e-06,2.5267924528301883e-06,5.8994339622641506e-06,0.25535345415094335,0.7218288158490566,1.153962264150943e-06,2.0962264150943393e-07,1.1320754716981132e-08,4.77358490566035e-08,5.471698113207546e-09,0.0,0.0,0.0,0.0,0.0,0.0
2023-05-23,0.00030815551020404753,0.0036304651020408157,3.110816326530612e-06,1.2206122448934272e-06,0.02059513612244897,2.6461224489795916e-06,2.7330612244897948e-06,6.381020408163264e-06,0.24306560265306115,0.7323830042857142,1.248163265306122e-06,2.2673469387755096e-07,1.2244897959183671e-08,5.1632653061224185e-08,5.918367346938773e-09,0.0,0.0,0.0,0.0,0.0,0.0
2023-05-24,0.00014391219512188404,0.0028361092682926826,3.71780487804878e-06,1.4587804877994618e-06,0.024611106585365847,3.1624390243902434e-06,1.8499999999999994e-06,7.626097560975608e-06,0.2309617421951219,0.7414274748780486,1.49170731707317e-06,2.6463414634146335e-07,1.4634146341463412e-08,6.170731707317037e-08,7.073170731707314e-09,0.0,0.0,0.0,0.0,0.0,0.0
2023-05-25,0.00014504864864857663,0.003132592162162162,4.113513513513513e-06,1.616486486480485e-06,0.0272701981081081,2.2999999999999996e-06,9.597297297297295e-07,8.450540540540539e-06,0.24217656189189185,0.7272561202702702,1.6529729729729724e-06,2.932432432432432e-07,1.6216216216216215e-08,6.837837837837798e-08,7.837837837837835e-09,0.0,0.0,0.0,0.0,0.0,0.0
2023-05-26,0.00014504864864857663,0.003132592162162162,4.113513513513513e-06,1.616486486480485e-06,0.0272701981081081,2.2999999999999996e-06,9.597297297297295e-07,8.450540540540539e-06,0.24217656189189185,0.7272561202702702,1.6529729729729724e-06,2.932432432432432e-07,1.6216216216216215e-08,6.837837837837798e-08,7.837837837837835e-09,0.0,0.0,0.0,0.0,0.0,0.0
2023-05-27,0.00014338777777770655,0.0032188636111111107,4.227777777777777e-06,1.6613888888827204e-06,0.028027703611111097,2.363888888888888e-06,9.863888888888884e-07,8.685277777777775e-06,0.24889688555555547,0.7196931394444444,1.6988888888888879e-06,3.013888888888888e-07,1.6666666666666664e-08,7.027777777777736e-08,8.055555555555551e-09,0.0,0.0,0.0,0.0,0.0,0.0
2023-05-28,0.00014338777777770655,0.0032188636111111107,4.227777777777777e-06,1.6613888888827204e-06,0.028027703611111097,2.363888888888888e-06,9.863888888888884e-07,8.685277777777775e-06,0.24889688555555547,0.7196931394444444,1.6988888888888879e-06,3.013888888888888e-07,1.6666666666666664e-08,7.027777777777736e-08,8.055555555555551e-09,0.0,0.0,0.0,0.0,0.0,0.0
2023-05-29,0.00014338777777770655,0.0032188636111111107,4.227777777777777e-06,1.6613888888827204e-06,0.028027703611111097,2.363888888888888e-06,9.863888888888884e-07,8.685277777777775e-06,0.24889688555555547,0.7196931394444444,1.6988888888888879e-06,3.013888888888888e-07,1.6666666666666664e-08,7.027777777777736e-08,8.055555555555551e-09,0.0,0.0,0.0,0.0,0.0,0.0
2023-05-30,0.0001354951515150708,0.0034984781818181813,4.61212121212121e-06,1.812424242417513e-06,0.030575676666666652,2.578787878787878e-06,1.0760606060606054e-06,9.474848484848482e-06,0.22982488090909078,0.7359436290909089,1.8533333333333322e-06,3.287878787878787e-07,1.8181818181818175e-08,7.66666666666662e-08,8.787878787878783e-09,0.0,0.0,0.0,0.0,0.0,0.0
2023-05-31,0.00013033928571418277,0.004104071071428573,3.1582142857142878e-06,9.939285714206413e-07,0.036031291428571435,0.0,1.2682142857142858e-06,8.10107142857143e-06,0.24651125464285714,0.7132068282142859,2.1842857142857144e-06,3.875000000000001e-07,2.1428571428571436e-08,9.035714285714237e-08,1.0357142857142858e-08,0.0,0.0,0.0,0.0,0.0,0.0
2023-06-01,0.00011158629629624921,0.004230168518518519,3.2751851851851863e-06,4.2962962962140565e-07,0.03736189481481481,0.0,1.315185185185185e-06,1.0275555555555555e-05,0.2351781429629629,0.7231000614814815,2.2651851851851846e-06,4.325925925925926e-07,3.888888888888889e-08,9.370370370370316e-08,1.9999999999999994e-08,0.0,0.0,0.0,0.0,0.0,0.0
2023-06-02,0.0001239529629629199,0.004230168518518519,3.275185185185186e-06,4.296296296214056e-07,0.037361894814814806,0.0,1.3151851851851848e-06,1.0275555555555553e-05,0.25882142814814807,0.6994444096296296,2.265185185185184e-06,4.325925925925925e-07,3.8888888888888884e-08,9.370370370370316e-08,1.999999999999999e-08,0.0,0.0,0.0,0.0,0.0,0.0
2023-06-03,0.00012551086956517598,0.004956049565217392,3.844782608695653e-06,5.043478260773023e-07,0.00037941608695652167,0.0,1.5439130434782606e-06,1.2062608695652172e-05,0.2657224126086956,0.7287953091304349,2.6591304347826078e-06,5.078260869565217e-07,4.565217391304348e-08,1.0999999999999937e-07,2.347826086956521e-08,0.0,0.0,0.0,0.0,0.0,0.0
2023-06-04,0.00012551086956517598,0.004956049565217392,3.844782608695653e-06,5.043478260773023e-07,0.00037941608695652167,0.0,1.5439130434782606e-06,1.2062608695652172e-05,0.2657224126086956,0.7287953091304349,2.6591304347826078e-06,5.078260869565217e-07,4.565217391304348e-08,1.0999999999999937e-07,2.347826086956521e-08,0.0,0.0,0.0,0.0,0.0,0.0
2023-06-05,0.00012551086956517598,0.004956049565217392,3.844782608695653e-06,5.043478260773023e-07,0.00037941608695652167,0.0,1.5439130434782606e-06,1.2062608695652172e-05,0.2657224126086956,0.7287953091304349,2.6591304347826078e-06,5.078260869565217e-07,4.565217391304348e-08,1.0999999999999937e-07,2.347826086956521e-08,0.0,0.0,0.0,0.0,0.0,0.0
2023-06-06,0.00012379909090905734,0.005178002727272728,4.019545454545456e-06,5.272727272626342e-07,0.0003966622727272726,0.0,1.6140909090909087e-06,1.261090909090909e-05,0.2670440981818181,0.7272351677272727,2.7799999999999992e-06,5.309090909090909e-07,4.772727272727273e-08,1.1499999999999935e-07,2.4545454545454538e-08,0.0,0.0,0.0,0.0,0.0,0.0
2023-06-07,0.00012446315789469654,0.00598307263157895,2.0278947368421075e-06,6.10526315777787e-07,0.00045929315789473683,0.0,1.8689473684210526e-06,1.4602105263157894e-05,0.24971208368421052,0.7436979273684211,3.218947368421052e-06,6.147368421052633e-07,5.526315789473685e-08,1.3315789473684137e-07,2.8421052631578944e-08,0.0,0.0,0.0,0.0,0.0,0.0
2023-06-08,0.00012520928571426487,0.008099375000000004,2.7521428571428604e-06,8.285714285555683e-07,0.0006233264285714286,0.0,0.0,1.774142857142857e-05,0.28036567785714284,0.7107595921428572,4.368571428571429e-06,8.342857142857145e-07,7.500000000000002e-08,1.8071428571428474e-07,3.857142857142857e-08,0.0,0.0,0.0,0.0,0.0,0.0
2023-06-09,0.0001239084615384484,0.008713579230769234,2.963846153846157e-06,8.923076922906119e-07,0.0006712746153846154,0.0,0.0,1.9106153846153844e-05,0.2942823853846153,0.6961799700000001,4.7046153846153836e-06,8.984615384615386e-07,8.076923076923077e-08,1.9461538461538353e-07,4.1538461538461534e-08,0.0,0.0,0.0,0.0,0.0,0.0
2023-06-10,0.00014553909090900827,7.977727272727904e-05,0.0,9.036363636161779e-07,0.0007845954545454546,0.0,0.0,2.1863636363636367e-05,0.2825478654545455,0.7164138245454548,5.4918181818181824e-06,7.545454545454546e-08,4.090909090909092e-08,0.0,2.272727272727273e-08,0.0,0.0,0.0,0.0,0.0,0.0
2023-06-11,0.00014553909090900827,7.977727272727904e-05,0.0,9.036363636161779e-07,0.0007845954545454546,0.0,0.0,2.1863636363636367e-05,0.2825478654545455,0.7164138245454547,5.4918181818181824e-06,7.545454545454546e-08,4.090909090909092e-08,0.0,2.272727272727273e-08,0.0,0.0,0.0,0.0,0.0,0.0
2023-06-12,0.00014553909090900827,7.977727272727904e-05,0.0,9.036363636161779e-07,0.0007845954545454546,0.0,0.0,2.1863636363636367e-05,0.2825478654545455,0.7164138245454547,5.4918181818181824e-06,7.545454545454546e-08,4.090909090909092e-08,0.0,2.272727272727273e-08,0.0,0.0,0.0,0.0,0.0,0.0
2023-06-13,0.00015136799999990853,8.105500000000694e-05,0.0,9.939999999777956e-07,0.000863055,0.0,0.0,2.4050000000000002e-05,0.25582697800000004,0.7430463060000002,6.041000000000001e-06,8.300000000000002e-08,4.5000000000000006e-08,0.0,2.5000000000000002e-08,0.0,0.0,0.0,0.0,0.0,0.0
2023-06-14,0.00015383714285705156,7.535714285715276e-05,0.0,1.4199999999682792e-06,0.0012329357142857142,0.0,0.0,3.435714285714285e-05,0.32828145571428574,0.6702117885714286,8.63e-06,1.1857142857142857e-07,6.428571428571428e-08,0.0,3.571428571428571e-08,0.0,0.0,0.0,0.0,0.0,0.0
2023-06-15,0.00014263666666663945,5.4023333333344895e-05,0.0,1.6566666666296593e-06,0.0006774466666666666,0.0,0.0,2.2746666666666667e-05,0.30716607833333337,0.6919250883333333,1.0068333333333333e-05,1.3833333333333334e-07,7.5e-08,0.0,4.166666666666666e-08,0.0,0.0,0.0,0.0,0.0,0.0
2023-06-16,0.00010835799999994725,3.2948000000013875e-05,0.0,1.987999999955591e-06,7.2e-08,0.0,0.0,1.0121999999999999e-05,0.282294986,0.71755122,0.0,1.66e-07,9e-08,0.0,5e-08,0.0,0.0,0.0,0.0,0.0,0.0
2023-06-17,0.00010835799999994725,3.2948000000013875e-05,0.0,1.987999999955591e-06,7.2e-08,0.0,0.0,1.0121999999999999e-05,0.282294986,0.71755122,0.0,1.66e-07,9e-08,0.0,5e-08,0.0,0.0,0.0,0.0,0.0,0.0
2023-06-18,0.00010835799999994725,3.2948000000013875e-05,0.0,1.987999999955591e-06,7.2e-08,0.0,0.0,1.0121999999999999e-05,0.282294986,0.71755122,0.0,1.66e-07,9e-08,0.0,5e-08,0.0,0.0,0.0,0.0,0.0,0.0
2023-06-19,0.00010835799999994725,3.2948000000013875e-05,0.0,1.987999999955591e-06,7.2e-08,0.0,0.0,1.0121999999999999e-05,0.282294986,0.71755122,0.0,1.66e-07,9e-08,0.0,5e-08,0.0,0.0,0.0,0.0,0.0,0.0
2023-06-20,0.00010835799999994725,3.2948000000013875e-05,0.0,1.987999999955591e-06,7.2e-08,0.0,0.0,1.0121999999999999e-05,0.282294986,0.71755122,0.0,1.66e-07,9e-08,0.0,5e-08,0.0,0.0,0.0,0.0,0.0,0.0
2023-06-21,0.00010835799999994725,3.2948000000013875e-05,0.0,1.987999999955591e-06,7.2e-08,0.0,0.0,1.0121999999999999e-05,0.282294986,0.71755122,0.0,1.66e-07,9e-08,0.0,5e-08,0.0,0.0,0.0,0.0,0.0,0.0
2023-06-22,0.00010835799999994725,3.2948000000013875e-05,0.0,1.987999999955591e-06,7.2e-08,0.0,0.0,1.0121999999999999e-05,0.282294986,0.71755122,0.0,1.66e-07,9e-08,0.0,5e-08,0.0,0.0,0.0,0.0,0.0,0.0
2023-06-23,0.00010835799999994725,3.2948000000013875e-05,0.0,1.987999999955591e-06,7.2e-08,0.0,0.0,1.0121999999999999e-05,0.282294986,0.71755122,0.0,1.66e-07,9e-08,0.0,5e-08,0.0,0.0,0.0,0.0,0.0,0.0
2023-06-24,0.00010835799999994725,3.2948000000013875e-05,0.0,1.987999999955591e-06,7.2e-08,0.0,0.0,1.0121999999999999e-05,0.282294986,0.71755122,0.0,1.66e-07,9e-08,0.0,5e-08,0.0,0.0,0.0,0.0,0.0,0.0
2023-06-25,0.00010835799999994725,3.2948000000013875e-05,0.0,1.987999999955591e-06,7.2e-08,0.0,0.0,1.0121999999999999e-05,0.282294986,0.71755122,0.0,1.66e-07,9e-08,0.0,5e-08,0.0,0.0,0.0,0.0,0.0,0.0
2023-06-26,0.00010835799999994725,3.2948000000013875e-05,0.0,1.987999999955591e-06,7.2e-08,0.0,0.0,1.0121999999999999e-05,0.282294986,0.71755122,0.0,1.66e-07,9e-08,0.0,5e-08,0.0,0.0,0.0,0.0,0.0,0.0
2023-06-27,0.00011896833333334312,4.754000000001156e-05,0.0,1.6566666666296593e-06,0.11079147166666664,1.9245e-05,4.855e-06,2.588666666666667e-05,0.29032988833333334,0.5986602333333334,0.0,1.3833333333333334e-07,7.5e-08,0.0,4.166666666666666e-08,0.0,0.0,0.0,0.0,0.0,0.0
2023-06-28,0.00011297285714287422,4.92957142857242e-05,0.0,1.4199999999682792e-06,0.23779440428571424,1.6495714285714286e-05,7.2771428571428564e-06,2.218857142857143e-05,0.24885419,0.513141537142857,0.0,1.1857142857142857e-07,6.428571428571428e-08,0.0,3.571428571428571e-08,0.0,0.0,0.0,0.0,0.0,0.0
2023-06-29,0.00016782599999999272,0.00010219600000001389,0.0,2.2579999999555916e-06,0.332912094,2.3094000000000006e-05,1.0188000000000001e-05,2.4920000000000016e-05,0.5054618540000002,0.10803830200000002,0.053257268000000024,0.0,0.0,0.0,0.0,0.0,0.0,0.0,0.0,0.0,0.0
2023-06-30,0.00013099799999999128,0.0001111740000000139,0.0,2.2579999999555916e-06,0.332912094,2.3094000000000006e-05,1.0188000000000001e-05,2.4920000000000016e-05,0.30569836800000016,0.30782963800000007,0.053257268000000024,0.0,0.0,0.0,0.0,0.0,0.0,0.0,0.0,0.0,0.0
2023-07-01,0.00013099799999999128,0.0001111740000000139,0.0,2.2579999999555916e-06,0.332912094,2.3094000000000006e-05,1.0188000000000001e-05,2.4920000000000016e-05,0.30569836800000016,0.30782963800000007,0.053257268000000024,0.0,0.0,0.0,0.0,0.0,0.0,0.0,0.0,0.0,0.0
2023-07-02,0.00013099799999999128,0.0001111740000000139,0.0,2.2579999999555916e-06,0.332912094,2.3094000000000006e-05,1.0188000000000001e-05,2.4920000000000016e-05,0.30569836800000016,0.30782963800000007,0.053257268000000024,0.0,0.0,0.0,0.0,0.0,0.0,0.0,0.0,0.0,0.0
2023-07-03,0.00013099799999999128,0.0001111740000000139,0.0,2.2579999999555916e-06,0.332912094,2.3094000000000006e-05,1.0188000000000001e-05,2.4920000000000016e-05,0.30569836800000016,0.30782963800000007,0.053257268000000024,0.0,0.0,0.0,0.0,0.0,0.0,0.0,0.0,0.0,0.0
2023-07-04,0.0001240033333333798,9.264500000001158e-05,0.0,1.8816666666296596e-06,0.277432095,1.9245000000000003e-05,8.49e-06,2.076666666666668e-05,0.2547642800000001,0.42315553666666667,0.04438105666666668,0.0,0.0,0.0,0.0,0.0,0.0,0.0,0.0,0.0,0.0
2023-07-05,0.0001146087500000249,9.056000000000869e-05,0.0,1.4112499999722447e-06,0.33304453875,1.4433750000000002e-05,6.3675000000000004e-06,1.557500000000001e-05,0.3156736587500001,0.31775305375,0.033285792500000015,0.0,0.0,0.0,0.0,0.0,0.0,0.0,0.0,0.0,0.0
2023-07-06,0.00010733200000000108,7.773300000000693e-05,0.0,1.1289999999777956e-06,0.26643563099999995,1.1547e-05,5.094e-06,1.2460000000000004e-05,0.30300761000000004,0.4037128299999999,0.026628634000000005,0.0,0.0,0.0,0.0,0.0,0.0,0.0,0.0,0.0,0.0
2023-07-07,0.00011857454545455196,8.798909090909721e-05,0.0,1.0263636363434505e-06,0.2422295345454545,1.0497272727272728e-05,4.6309090909090905e-06,1.1821818181818184e-05,0.36626951818181824,0.36705855818181815,0.024207849090909096,0.0,0.0,0.0,0.0,0.0,0.0,0.0,0.0,0.0,0.0
2023-07-08,0.00012717785714287644,0.0001832214285714335,0.0,8.064285714127111e-07,0.2256645714285714,8.247857142857143e-06,3.6385714285714282e-06,1.5559285714285714e-05,0.32013869071428575,0.4348376335714285,0.01902045285714286,0.0,0.0,0.0,0.0,0.0,0.0,0.0,0.0,0.0,0.0
2023-07-09,0.00012717785714287644,0.0001832214285714335,0.0,8.064285714127111e-07,0.2256645714285714,8.247857142857143e-06,3.6385714285714282e-06,1.5559285714285714e-05,0.32013869071428575,0.4348376335714285,0.01902045285714286,0.0,0.0,0.0,0.0,0.0,0.0,0.0,0.0,0.0,0.0
2023-07-10,0.00012717785714287644,0.0001832214285714335,0.0,8.064285714127111e-07,0.2256645714285714,8.247857142857143e-06,3.6385714285714282e-06,1.5559285714285714e-05,0.32013869071428575,0.4348376335714285,0.01902045285714286,0.0,0.0,0.0,0.0,0.0,0.0,0.0,0.0,0.0,0.0
2023-07-11,0.00012717785714287644,0.0001832214285714335,0.0,8.064285714127111e-07,0.2256645714285714,8.247857142857143e-06,3.6385714285714282e-06,1.5559285714285714e-05,0.32013869071428575,0.4348376335714285,0.01902045285714286,0.0,0.0,0.0,0.0,0.0,0.0,0.0,0.0,0.0,0.0
2023-07-12,0.00012810066666667322,0.00017416466666667128,0.0,7.526666666518638e-07,0.21062565066666664,7.698e-06,3.3959999999999998e-06,1.6428666666666667e-05,0.3355857286666667,0.4357056573333333,0.01775242266666667,0.0,0.0,0.0,0.0,0.0,0.0,0.0,0.0,0.0,0.0
2023-07-13,0.00012577588235294058,0.0010137623529411805,1.4705882352943568e-08,6.641176470457621e-07,0.18587142058823528,9.578823529411765e-06,3.582941176470588e-06,1.9072352941176474e-05,0.3539860788235294,0.38455400588235295,0.07441585529411766,3.294117647058824e-08,0.0,1.5529411764705804e-07,0.0,0.0,0.0,0.0,0.0,0.0,0.0
2023-07-14,0.00012262388888888717,0.0009674750000000039,4.513888888888891e-06,6.272222222098864e-07,0.17554523055555554,9.046666666666668e-06,3.383888888888889e-06,1.801277777777778e-05,0.3346218805555556,0.4184253866666666,0.07028164111111113,3.1111111111111114e-08,0.0,1.4666666666666592e-07,0.0,0.0,0.0,0.0,0.0,0.0,0.0
2023-07-15,0.00016668649999999126,0.0008869440000000034,4.062500000000002e-06,5.644999999888978e-07,0.15799518149999997,8.142000000000001e-06,3.0455e-06,1.6211500000000002e-05,0.324446073,0.453219452,0.06325347700000002,2.8000000000000003e-08,0.0,1.3199999999999933e-07,0.0,0.0,0.0,0.0,0.0,0.0,0.0
2023-07-16,0.00016668649999999126,0.0008869440000000034,4.062500000000002e-06,5.644999999888978e-07,0.15799518149999997,8.142000000000001e-06,3.0455e-06,1.6211500000000002e-05,0.324446073,0.453219452,0.06325347700000002,2.8000000000000003e-08,0.0,1.3199999999999933e-07,0.0,0.0,0.0,0.0,0.0,0.0,0.0
2023-07-17,0.00016668649999999126,0.0008869440000000034,4.062500000000002e-06,5.644999999888978e-07,0.15799518149999997,8.142000000000001e-06,3.0455e-06,1.6211500000000002e-05,0.324446073,0.453219452,0.06325347700000002,2.8000000000000003e-08,0.0,1.3199999999999933e-07,0.0,0.0,0.0,0.0,0.0,0.0,0.0
2023-07-18,0.00016927142857141168,0.0008447085714285747,3.869047619047621e-06,5.376190476084741e-07,0.15047450666666665,7.754285714285715e-06,2.9004761904761903e-06,1.543952380952381e-05,0.30904636761904763,0.4791930857142857,0.06024140666666668,2.6666666666666667e-08,0.0,1.2571428571428508e-07,0.0,0.0,0.0,0.0,0.0,0.0,0.0
2023-07-19,0.00015454043478258254,0.0007712556521739161,3.5469565217391326e-06,4.908695652077373e-07,0.1374073939130435,7.080000000000002e-06,2.648260869565218e-06,1.410956521739131e-05,0.29423486043478264,0.5124008839130435,0.05500302347826089,5.173913043478262e-08,0.0,1.1478260869565161e-07,0.0,0.0,0.0,0.0,0.0,0.0,0.0
2023-07-20,0.0001620757142856511,0.0006839775000000024,6.9157142857142865e-06,3.6721428571349263e-06,0.11289769392857141,5.815714285714285e-06,4.705357142857141e-06,2.0178928571428573e-05,0.32873386964285717,0.5011955332142857,0.05628399892857143,1.4689285714285714e-06,0.0,9.428571428571379e-08,0.0,0.0,0.0,0.0,0.0,0.0,0.0
2023-07-21,0.0001664946666666,0.0006456633333333355,6.465666666666667e-06,3.4273333333259314e-06,0.10537118099999998,5.4279999999999995e-06,4.3916666666666656e-06,1.8935333333333335e-05,0.3313559476666667,0.5098888593333333,0.05253173233333333,1.3856666666666665e-06,0.0,8.799999999999954e-08,0.0,0.0,0.0,0.0,0.0,0.0,0.0
2023-07-22,0.00016828124999993893,0.0006146446875000022,6.061562500000001e-06,6.055937499993061e-06,0.0987854821875,5.08875e-06,4.117187499999999e-06,1.7751875000000004e-05,0.3541302659375001,0.49701237,0.049248499062500006,1.2990625000000001e-06,0.0,8.249999999999958e-08,0.0,0.0,0.0,0.0,0.0,0.0,0.0
2023-07-23,0.00016828124999993893,0.0006146446875000022,6.061562500000001e-06,6.055937499993061e-06,0.0987854821875,5.08875e-06,4.117187499999999e-06,1.7751875000000004e-05,0.3541302659375001,0.49701237,0.049248499062500006,1.2990625000000001e-06,0.0,8.249999999999958e-08,0.0,0.0,0.0,0.0,0.0,0.0,0.0
2023-07-24,0.00016828124999993893,0.0006146446875000022,6.061562500000001e-06,6.055937499993061e-06,0.0987854821875,5.08875e-06,4.117187499999999e-06,1.7751875000000004e-05,0.3541302659375001,0.49701237,0.049248499062500006,1.2990625000000001e-06,0.0,8.249999999999958e-08,0.0,0.0,0.0,0.0,0.0,0.0,0.0
2023-07-25,0.0001680381818181134,0.008775789090909092,7.4848484848484865e-06,5.872424242417514e-06,0.07565425484848486,1.4354545454545454e-06,3.1096969696969696e-06,1.4040909090909091e-05,0.3381690342424243,0.4903194087878787,0.08687377363636364,7.677878787878788e-06,0.0,7.999999999999959e-08,0.0,0.0,0.0,0.0,0.0,0.0,0.0
2023-07-26,0.00017091428571423722,0.00829296885714286,9.608857142857144e-06,1.1222285714279369e-05,0.04276612885714286,1.3534285714285716e-06,2.3088571428571425e-06,1.324457142857143e-05,0.34751723857142863,0.5192981388571428,0.08190955800000001,7.239142857142857e-06,0.0,7.542857142857105e-08,0.0,0.0,0.0,0.0,0.0,0.0,0.0
2023-07-27,0.0001735118181817779,0.008785553333333335,1.0191212121212122e-05,1.15603030302963e-05,0.04535801545454546,1.4354545454545454e-06,2.4487878787878787e-06,1.3444545454545457e-05,0.332301953939394,0.5345296366666666,0.07880449060606061,7.677878787878788e-06,0.0,7.999999999999959e-08,0.0,0.0,0.0,0.0,0.0,0.0,0.0
2023-07-28,0.0001743345454545003,0.008796847575757577,1.0191212121212122e-05,1.15603030302963e-05,0.04535971272727273,1.4354545454545454e-06,2.4487878787878787e-06,1.3444545454545457e-05,0.3385213542424243,0.5282691199999999,0.07883179272727273,7.677878787878788e-06,0.0,7.999999999999959e-08,0.0,0.0,0.0,0.0,0.0,0.0,0.0
2023-07-29,0.00016564485714280717,0.008296902285714287,9.608857142857144e-06,1.089971428570794e-05,0.04276772914285714,1.3534285714285716e-06,2.3088571428571425e-06,1.2676285714285717e-05,0.3584983288571429,0.5159001142857143,0.07432711885714285,7.239142857142857e-06,0.0,7.542857142857105e-08,0.0,0.0,0.0,0.0,0.0,0.0,0.0
2023-07-30,0.00016564485714280717,0.008296902285714287,9.608857142857144e-06,1.089971428570794e-05,0.04276772914285714,1.3534285714285716e-06,2.3088571428571425e-06,1.2676285714285717e-05,0.3584983288571429,0.5159001142857143,0.07432711885714285,7.239142857142857e-06,0.0,7.542857142857105e-08,0.0,0.0,0.0,0.0,0.0,0.0,0.0
2023-07-31,0.00016564485714280717,0.008296902285714287,9.608857142857144e-06,1.089971428570794e-05,0.04276772914285714,1.3534285714285716e-06,2.3088571428571425e-06,1.2676285714285717e-05,0.3584983288571429,0.5159001142857143,0.07432711885714285,7.239142857142857e-06,0.0,7.542857142857105e-08,0.0,0.0,0.0,0.0,0.0,0.0,0.0
2023-08-01,0.00015855055555549248,0.008082994166666668,9.341944444444445e-06,1.0596944444438276e-05,0.042372723333333334,1.3158333333333334e-06,2.244722222222222e-06,1.2346111111111114e-05,0.38309101972222226,0.49034994388888886,0.07589624166666667,1.2607777777777777e-05,0.0,7.333333333333296e-08,0.0,0.0,0.0,0.0,0.0,0.0,0.0
2023-08-02,0.00013494243902433385,0.009052794634146343,8.20268292682927e-06,9.304634146336047e-06,0.014174580243902437,2.7241463414634144e-06,1.9709756097560974e-06,1.2736341463414635e-05,0.3786225143902439,0.4899829448780488,0.10798614999999999,1.1070243902439025e-05,0.0,6.43902439024387e-08,0.0,0.0,0.0,0.0,0.0,0.0,0.0
2023-08-03,0.002126756136363588,0.008840427272727273,0.005667452272727273,8.670227272722225e-06,0.016041099545454542,2.5384090909090907e-06,1.836590909090909e-06,2.1632045454545454e-05,0.3871156702272728,0.4681881286363636,0.11197216,1.3511818181818181e-05,0.0,1.1681818181818151e-07,0.0,0.0,0.0,0.0,0.0,0.0,0.0
2023-08-04,0.0021215061363635893,0.00883609659090909,0.005667452272727273,8.670227272722225e-06,0.016548007045454543,2.5384090909090907e-06,1.836590909090909e-06,3.552e-05,0.37289917704545456,0.4711592479545455,0.1227063190909091,1.3511818181818181e-05,0.0,1.1681818181818151e-07,0.0,0.0,0.0,0.0,0.0,0.0,0.0
2023-08-05,0.0021102315909090332,0.009923607727272726,0.005667473409090909,8.670227272722225e-06,0.005309531136363635,2.5384090909090902e-06,1.8365909090909087e-06,3.364545454545454e-05,0.38648833340909095,0.4677340622727272,0.12270631909090907,1.3596363636363634e-05,7.954545454545454e-09,1.3977272727272696e-07,0.0,0.0,6.590909090909089e-09,0.0,0.0,0.0,0.0
2023-08-06,0.0021102315909090332,0.009923607727272726,0.005667473409090909,8.670227272722225e-06,0.005309531136363635,2.5384090909090902e-06,1.8365909090909087e-06,3.364545454545454e-05,0.38648833340909095,0.4677340622727272,0.12270631909090907,1.3596363636363634e-05,7.954545454545454e-09,1.3977272727272696e-07,0.0,0.0,6.590909090909089e-09,0.0,0.0,0.0,0.0
2023-08-07,0.0021102315909090332,0.009923607727272726,0.005667473409090909,8.670227272722225e-06,0.005309531136363635,2.5384090909090902e-06,1.8365909090909087e-06,3.364545454545454e-05,0.38648833340909095,0.4677340622727272,0.12270631909090907,1.3596363636363634e-05,7.954545454545454e-09,1.3977272727272696e-07,0.0,0.0,6.590909090909089e-09,0.0,0.0,0.0,0.0
2023-08-08,0.0021742459183672932,0.010194186122448979,0.005089159795918368,7.7855102040771e-06,0.005496845102040816,2.2793877551020407e-06,4.100612244897959e-06,3.0212244897959183e-05,0.37626202265306125,0.46623249408163264,0.13449432102040815,1.2208979591836735e-05,7.142857142857144e-09,1.255102040816324e-07,0.0,0.0,5.918367346938775e-09,0.0,0.0,0.0,0.0
2023-08-09,0.002585577636363593,0.01008243381818182,0.004540037272727273,6.93618181817778e-06,0.01656757509090909,0.0008003632727272727,3.653272727272727e-06,3.3157818181818176e-05,0.3637453730909091,0.46470508563636365,0.13691880636363638,1.0877090909090908e-05,6.363636363636364e-09,1.1181818181818157e-07,0.0,0.0,5.272727272727272e-09,0.0,0.0,0.0,0.0
2023-08-10,0.0026945569491524978,0.00915105711864407,0.004232233898305085,6.465932203386066e-06,0.015475076949152542,0.0007452984745762712,3.236610169491525e-06,2.9591186440677965e-05,0.3626255545762712,0.4862829740677966,0.11874374949152543,1.0134406779661016e-05,5.932203389830509e-09,5.949152542372858e-08,0.0,0.0,4.915254237288135e-09,0.0,0.0,0.0,0.0
2023-08-11,0.002648492166666624,0.009060693833333336,0.004160346666666667,6.358166666662966e-06,0.015225319166666668,0.0007328768333333335,3.1826666666666666e-06,2.9104500000000006e-05,0.3730806490000001,0.47827825533333335,0.11676468700000002,9.965500000000001e-06,5.833333333333334e-09,5.8499999999999776e-08,0.0,0.0,4.833333333333334e-09,0.0,0.0,0.0,0.0
2023-08-12,0.0025874695081966833,0.008911543278688525,0.004092148360655737,6.253934426225867e-06,0.014976073442622948,0.0007208624590163934,3.1304918032786878e-06,2.9756885245901635e-05,0.3783115344262295,0.47372474950819665,0.11662655049180327,9.847868852459015e-06,1.2786885245901639e-08,6.180327868852435e-08,0.0,0.0,4.754098360655736e-09,0.0,0.0,0.0,0.0
2023-08-13,0.0025874695081966833,0.008911543278688525,0.004092148360655737,6.253934426225867e-06,0.014976073442622948,0.0007208624590163934,3.1304918032786878e-06,2.9756885245901635e-05,0.3783115344262295,0.47372474950819665,0.11662655049180327,9.847868852459015e-06,1.2786885245901639e-08,6.180327868852435e-08,0.0,0.0,4.754098360655736e-09,0.0,0.0,0.0,0.0
2023-08-14,0.0025874695081966833,0.008911543278688525,0.004092148360655737,6.253934426225867e-06,0.014976073442622948,0.0007208624590163934,3.1304918032786878e-06,2.9756885245901635e-05,0.3783115344262295,0.47372474950819665,0.11662655049180327,9.847868852459015e-06,1.2786885245901639e-08,6.180327868852435e-08,0.0,0.0,4.754098360655736e-09,0.0,0.0,0.0,0.0
2023-08-15,0.0025017307936507634,0.008972823968253968,0.003962247142857142,6.0593650793615535e-06,0.015509365555555557,0.0006979779365079365,1.4667777777777778e-05,2.8823809523809526e-05,0.3966770763492064,0.44830367079365074,0.12331592968253968,9.546190476190476e-06,1.619047619047619e-08,5.984126984126963e-08,0.0,0.0,4.603174603174603e-09,0.0,0.0,0.0,0.0
2023-08-16,0.0023910821212120978,0.008572591515151514,0.003782139999999999,5.783939393936027e-06,0.014987386515151512,0.0006662516666666665,1.4001060606060603e-05,2.89480303030303e-05,0.41257206287878784,0.42330877833333325,0.13366179424242422,9.102727272727271e-06,1.545454545454545e-08,5.7121212121211904e-08,0.0,0.0,4.3939393939393925e-09,0.0,0.0,0.0,0.0
2023-08-17,0.002311949999999995,0.008366143823529413,0.0036692642647058824,4.271323529408499e-06,0.01659825573529412,0.0009726979411764706,2.7019264705882353e-05,5.083e-05,0.39857419661764704,0.4029368280882353,0.16648019029411767,8.274852941176471e-06,1.5e-08,5.852941176470568e-08,0.0,0.0,4.2647058823529406e-09,0.0,0.0,0.0,0.0
2023-08-18,0.0022757526086956514,0.008587619565217393,0.003616081739130435,4.209420289851854e-06,0.01650496188405797,0.0009586008695652175,2.662768115942029e-05,5.0049130434782605e-05,0.398597105942029,0.38673231115942025,0.1826384547826087,8.148550724637681e-06,1.4782608695652173e-08,5.768115942028966e-08,0.0,0.0,4.202898550724637e-09,0.0,0.0,0.0,0.0
2023-08-19,0.0022079839436619703,0.008344988028169015,0.003514220281690141,2.809577464785604e-06,0.016042361126760562,0.0009315980281690141,2.5877605633802816e-05,4.868098591549296e-05,0.38979920014084507,0.3679110491549295,0.21116255084507043,8.598028169014084e-06,1.7605633802816902e-08,5.6056338028168826e-08,0.0,0.0,8.591549295774648e-09,0.0,0.0,0.0,0.0
2023-08-20,0.0022079839436619703,0.008344988028169015,0.003514220281690141,2.809577464785604e-06,0.016042361126760562,0.0009315980281690141,2.5877605633802816e-05,4.868098591549296e-05,0.38979920014084507,0.3679110491549295,0.21116255084507043,8.598028169014084e-06,1.7605633802816902e-08,5.6056338028168826e-08,0.0,0.0,8.591549295774648e-09,0.0,0.0,0.0,0.0
2023-08-21,0.0022079839436619703,0.008344988028169015,0.003514220281690141,2.809577464785604e-06,0.016042361126760562,0.0009315980281690141,2.5877605633802816e-05,4.868098591549296e-05,0.38979920014084507,0.3679110491549295,0.21116255084507043,8.598028169014084e-06,1.7605633802816902e-08,5.6056338028168826e-08,0.0,0.0,8.591549295774648e-09,0.0,0.0,0.0,0.0
2023-08-22,0.0021756491666666644,0.004485405555555556,0.0034646856944444446,2.770555555552471e-06,0.016655205833333332,0.0009186591666666666,2.649652777777778e-05,4.89425e-05,0.4034186493055556,0.36647855569444443,0.20231935055555555,5.548333333333333e-06,1.7361111111111113e-08,5.527777777777759e-08,0.0,0.0,8.472222222222221e-09,0.0,0.0,0.0,0.0
2023-08-23,0.0020360327272727187,0.006479859480519481,0.003238546233766234,6.363636360752667e-09,0.019135821818181818,0.0008590059740259741,2.4775974025974025e-05,0.00040791896103896104,0.3968759471428572,0.34840112675324675,0.22253275792207794,7.453636363636364e-06,1.6233766233766234e-08,7.228571428571427e-07,0.0,0.0,7.922077922077922e-09,0.0,0.0,0.0,0.0
2023-08-24,0.001892873214285704,0.007528889523809524,0.002968670119047619,1.023809523545185e-08,0.019227497738095237,0.0007887804761904763,2.3567261904761902e-05,0.00039005630952380953,0.41571460773809527,0.33466129476190476,0.21679621107142857,6.856785714285714e-06,1.4880952380952382e-08,6.626190476190474e-07,0.0,0.0,7.261904761904762e-09,0.0,0.0,0.0,0.0
2023-08-25,0.0018701249411764644,0.007435401411764706,0.002933744588235294,1.011764705621124e-08,0.01918857317647059,0.000779500705882353,2.329e-05,0.0003873143529411765,0.41318821188235294,0.32177131988235297,0.23241095482352944,1.0877411764705882e-05,1.4705882352941177e-08,6.548235294117645e-07,0.0,0.0,7.176470588235294e-09,0.0,0.0,0.0,0.0
2023-08-26,0.0019146516867469847,0.007613415783132529,0.0030044372289156625,1.0361445780457295e-08,0.01965094843373494,0.0007982838554216868,2.3851204819277108e-05,0.00039664722891566266,0.4065633878313253,0.32201131506024094,0.23801121879518075,1.1139518072289156e-05,1.5060240963855425e-08,6.70602409638554e-07,0.0,0.0,7.349397590361445e-09,0.0,0.0,0.0,0.0
2023-08-27,0.0019146516867469847,0.007613415783132529,0.0030044372289156625,1.0361445780457295e-08,0.01965094843373494,0.0007982838554216868,2.3851204819277108e-05,0.00039664722891566266,0.4065633878313253,0.32201131506024094,0.23801121879518075,1.1139518072289156e-05,1.5060240963855425e-08,6.70602409638554e-07,0.0,0.0,7.349397590361445e-09,0.0,0.0,0.0,0.0
2023-08-28,0.0018349567816091925,0.008917257816091954,0.0028663021839080457,9.88505746871213e-09,0.02433171436781609,0.0010727682758620689,3.11348275862069e-05,0.00038394586206896554,0.39801832770114937,0.31312769540229884,0.2493986690804598,1.4823103448275864e-05,1.4367816091954023e-08,2.373333333333333e-06,0.0,0.0,7.011494252873563e-09,0.0,0.0,0.0,0.0
2023-08-29,0.0018781407058823523,0.009120061411764706,0.002933744588235294,1.011764705621124e-08,0.024567994470588234,0.0010980098823529412,3.186741176470588e-05,0.00039297058823529416,0.3927490055294117,0.31348506458823533,0.2537278667058824,1.2812941176470588e-05,1.4705882352941177e-08,2.429176470588235e-06,0.0,0.0,7.176470588235294e-09,0.0,0.0,0.0,0.0
2023-08-30,0.0020206630379746857,0.008796677088607596,0.003156566075949367,1.582278480731589e-08,0.0383086388607595,0.0011805888607594936,0.00010457291139240505,0.0004218796202531646,0.3880427846835443,0.30641060696202527,0.2515405217721519,1.3838481012658226e-05,2.0126582278481012e-08,2.6179746835443033e-06,0.0,0.0,7.721518987341773e-09,0.0,0.0,0.0,0.0
2023-08-31,0.0009652878378378401,0.009149600270270272,4.555810810810812e-06,1.6891891888891292e-08,0.039212592972972984,0.0012603583783783786,0.00011163864864864866,0.00044457932432432446,0.38704225351351357,0.3000048264864865,0.26178862608108117,1.2872972972972974e-05,2.1486486486486492e-08,2.7610810810810814e-06,0.0,0.0,8.243243243243245e-09,0.0,0.0,0.0,0.0
2023-09-01,0.0009652582432432455,0.009182608243243245,4.555810810810811e-06,1.689189188889129e-08,0.03892138851351352,0.0012603583783783782,0.00011163864864864865,0.0004362621621621622,0.38513291594594595,0.3036917964864864,0.26027752283783784,1.2887027027027027e-05,2.1486486486486485e-08,2.7610810810810805e-06,0.0,0.0,8.243243243243243e-09,0.0,0.0,0.0,0.0
2023-09-02,0.0009526509333333397,0.008410890666666665,4.482666666666666e-06,1.666666666370607e-08,0.05386478519999999,0.0012435535999999997,0.0001101501333333333,0.0008597243999999999,0.3841149533333333,0.28304254679999996,0.26737896799999994,1.2669066666666664e-05,1.653333333333333e-08,2.710799999999999e-06,1.876933333333333e-06,0.0,4.266666666666666e-09,0.0,0.0,0.0,0.0
2023-09-03,0.0009526509333333397,0.008410890666666665,4.482666666666666e-06,1.666666666370607e-08,0.05386478519999999,0.0012435535999999997,0.0001101501333333333,0.0008597243999999999,0.3841149533333333,0.28304254679999996,0.26737896799999994,1.2669066666666664e-05,1.653333333333333e-08,2.710799999999999e-06,1.876933333333333e-06,0.0,4.266666666666666e-09,0.0,0.0,0.0,0.0
2023-09-04,0.0009526509333333397,0.008410890666666665,4.482666666666666e-06,1.666666666370607e-08,0.05386478519999999,0.0012435535999999997,0.0001101501333333333,0.0008597243999999999,0.3841149533333333,0.28304254679999996,0.26737896799999994,1.2669066666666664e-05,1.653333333333333e-08,2.710799999999999e-06,1.876933333333333e-06,0.0,4.266666666666666e-09,0.0,0.0,0.0,0.0
2023-09-05,0.0007700704000000098,0.007583022533333334,4.482666666666667e-06,1.6666666663706072e-08,0.06322268626666666,0.0012435535999999999,0.00010854853333333333,0.0008597726666666666,0.3873651804,0.2598341726666667,0.278989426,1.4453866666666666e-05,1.6533333333333332e-08,2.716e-06,1.8769333333333332e-06,0.0,4.266666666666667e-09,0.0,0.0,0.0,0.0
2023-09-06,0.00029654216216216695,0.0069618532432432455,4.0270270270270276e-08,1.689189188889129e-08,0.05676153432432433,0.0006670031081081082,0.00011001540540540541,0.0008725105405405404,0.3939365548648649,0.2514793259459459,0.28889353540540536,1.6388648648648648e-05,1.9864864864864863e-08,2.7527027027027025e-06,1.9022972972972972e-06,0.0,4.324324324324324e-09,0.0,0.0,0.0,0.0
2023-09-07,7.296041095890958e-05,0.00969626493150685,5.616438356164383e-08,1.7123287668191168e-08,0.05868186082191781,0.0006769915068493151,0.00011152246575342466,0.001238148904109589,0.39123622712328765,0.22309961698630137,0.3151524598630137,2.9105890410958903e-05,2.6575342465753425e-08,2.7932876712328767e-06,1.9327397260273973e-06,0.0,1.5205479452054794e-08,0.0,0.0,0.0,0.0
2023-09-08,7.509972972973361e-05,0.010219478783783785,5.54054054054054e-08,2.216216215916156e-08,0.0580501972972973,0.000667842972972973,0.00011001540540540541,0.0012244752702702704,0.3825227575675676,0.22134562378378378,0.3257510087837838,2.8719459459459452e-05,2.6216216216216218e-08,2.7555405405405402e-06,1.9066216216216215e-06,0.0,1.5e-08,0.0,0.0,0.0,0.0
2023-09-09,7.552440000000087e-05,0.010098033333333334,6.786666666666667e-08,2.493333333037274e-08,0.0593734628,0.0006589384,0.00010854853333333333,0.0012092689333333333,0.36558128426666664,0.22184021346666669,0.3410216677333333,2.8320133333333334e-05,3.3866666666666666e-08,2.715333333333333e-06,1.8811999999999999e-06,0.0,1.48e-08,0.0,0.0,0.0,0.0
2023-09-10,7.552440000000087e-05,0.010098033333333334,6.786666666666667e-08,2.493333333037274e-08,0.0593734628,0.0006589384,0.00010854853333333333,0.0012092689333333333,0.36558128426666664,0.22184021346666669,0.3410216677333333,2.8320133333333334e-05,3.3866666666666666e-08,2.715333333333333e-06,1.8811999999999999e-06,0.0,1.48e-08,0.0,0.0,0.0,0.0
2023-09-11,7.552440000000087e-05,0.010098033333333334,6.786666666666667e-08,2.493333333037274e-08,0.0593734628,0.0006589384,0.00010854853333333333,0.0012092689333333333,0.36558128426666664,0.22184021346666669,0.3410216677333333,2.8320133333333334e-05,3.3866666666666666e-08,2.715333333333333e-06,1.8811999999999999e-06,0.0,1.48e-08,0.0,0.0,0.0,0.0
2023-09-12,7.874944444444236e-05,0.010217621250000001,6.347222222222223e-08,2.249999999691605e-08,0.06096387708333333,0.0006863941666666667,0.00010288930555555555,0.001259645,0.3542207201388889,0.22629762097222222,0.34613807069444447,2.9490555555555556e-05,3.194444444444444e-08,2.828472222222222e-06,1.959583333333333e-06,0.0,1.5416666666666666e-08,0.0,0.0,0.0,0.0
2023-09-13,7.947894736840772e-05,0.009901083947368425,7.026315789473685e-08,2.9342105260236258e-08,0.06976257013157897,0.000650268157894737,0.00010498618421052634,0.001198226447368421,0.34309515500000004,0.20515919421052634,0.37001353934210535,3.078631578947369e-05,4.210526315789474e-08,2.6943421052631582e-06,1.8564473684210529e-06,0.0,1.4605263157894739e-08,4.210526315789474e-09,0.0,0.0,0.0
2023-09-14,7.815986486485406e-05,0.010348671621621624,6.621621621621623e-08,2.689189188889129e-08,0.07243081959459462,0.00036823689189189197,9.452527027027028e-05,0.0012065071621621623,0.3440653720270271,0.20141638121621624,0.3699548893243244,3.161040540540541e-05,4.324324324324325e-08,2.7643243243243248e-06,1.9066216216216219e-06,0.0,1.5000000000000002e-08,4.324324324324325e-09,0.0,0.0,0.0
2023-09-15,7.932905405404329e-05,0.010029638783783785,6.621621621621622e-08,2.6891891888891282e-08,0.07248745972972973,0.0003682368918918919,9.89262162162162e-05,0.001210107837837838,0.3569068967567568,0.19836217986486487,0.3604207878378379,3.16104054054054e-05,4.324324324324324e-08,2.764324324324324e-06,1.9066216216216215e-06,0.0,1.5e-08,4.324324324324324e-09,0.0,0.0,0.0
2023-09-16,8.23531944444351e-05,0.01030898805555556,6.805555555555557e-08,2.7638888885804935e-08,0.07449870486111113,0.0003784656944444445,0.00010299611111111113,0.0012436808333333336,0.348295462638889,0.2183072530555556,0.3467426406944445,3.450180555555556e-05,4.125000000000001e-08,2.841111111111111e-06,1.9595833333333336e-06,0.0,1.0972222222222224e-08,4.444444444444445e-09,0.0,0.0,0.0
2023-09-17,8.23531944444351e-05,0.01030898805555556,6.805555555555557e-08,2.7638888885804935e-08,0.07449870486111113,0.0003784656944444445,0.00010299611111111113,0.0012436808333333336,0.348295462638889,0.2183072530555556,0.3467426406944445,3.450180555555556e-05,4.125000000000001e-08,2.841111111111111e-06,1.9595833333333336e-06,0.0,1.0972222222222224e-08,4.444444444444445e-09,0.0,0.0,0.0
2023-09-18,8.23531944444351e-05,0.01030898805555556,6.805555555555557e-08,2.7638888885804935e-08,0.07449870486111113,0.0003784656944444445,0.00010299611111111113,0.0012436808333333336,0.348295462638889,0.2183072530555556,0.3467426406944445,3.450180555555556e-05,4.125000000000001e-08,2.841111111111111e-06,1.9595833333333336e-06,0.0,1.0972222222222224e-08,4.444444444444445e-09,0.0,0.0,0.0
2023-09-19,8.664520547944042e-05,0.01057314273972603,5.67123287671233e-08,2.7260273969561033e-08,0.07329383684931508,0.0003732812328767124,0.00010062027397260277,0.0012316130136986302,0.3448552902739727,0.23364390191780826,0.33580118958904115,3.56041095890411e-05,4.068493150684932e-08,2.802191780821918e-06,1.9327397260273973e-06,0.0,1.0821917808219179e-08,4.3835616438356174e-09,0.0,0.0,0.0
2023-09-20,9.317710526314655e-05,0.007951263421052634,6.092105263157897e-08,2.618421052339415e-08,0.06736094486842106,0.00036060815789473695,9.891276315789475e-05,0.0008428314473684212,0.35534649000000007,0.23625585184210526,0.33164695315789483,3.893223684210527e-05,3.907894736842106e-08,2.037763157894737e-06,1.8564473684210529e-06,0.0,1.0394736842105265e-08,4.210526315789474e-09,0.0,0.0,0.0
2023-09-21,7.028780821917224e-05,0.007254921095890412,6.397260273972603e-08,2.21917808188761e-08,0.07105533191780823,0.0003738646575342466,0.0001032835616438356,0.0008625360273972601,0.34276769150684927,0.23333122164383563,0.34413615410958903,4.0511369863013696e-05,4.068493150684931e-08,2.1215068493150684e-06,1.9327397260273973e-06,0.0,1.0821917808219177e-08,4.383561643835617e-09,0.0,0.0,0.0
2023-09-22,7.1244520547933e-05,0.008005173424657536,8.000000000000002e-07,2.2191780818876103e-08,0.0720963589041096,0.0003738646575342467,0.00010328356164383563,0.0008604160273972603,0.3415540254794521,0.2507987909589041,0.32609614383561647,3.5758767123287675e-05,4.068493150684932e-08,2.129041095890411e-06,1.9327397260273973e-06,0.0,1.0821917808219179e-08,4.3835616438356174e-09,0.0,0.0,0.0
2023-09-23,7.072740259739229e-05,0.007601394805194806,7.584415584415585e-07,2.103896103607734e-08,0.08434917415584414,0.0003544431168831169,0.00010525155844155843,0.0008167705194805192,0.32975161519480517,0.2403135322077922,0.33659334454545453,3.8946103896103895e-05,1.5571428571428572e-07,2.0184415584415585e-06,1.8323376623376623e-06,0.0,1.025974025974026e-08,4.155844155844156e-09,0.0,0.0,0.0
2023-09-24,7.072740259739229e-05,0.007601394805194806,7.584415584415585e-07,2.103896103607734e-08,0.08434917415584414,0.0003544431168831169,0.00010525155844155843,0.0008167705194805192,0.32975161519480517,0.2403135322077922,0.33659334454545453,3.8946103896103895e-05,1.5571428571428572e-07,2.0184415584415585e-06,1.8323376623376623e-06,0.0,1.025974025974026e-08,4.155844155844156e-09,0.0,0.0,0.0
2023-09-25,6.466931506848222e-05,0.006046842191780822,8.000000000000001e-07,2.21917808188761e-08,0.08231583534246574,2.997808219178082e-06,0.0001010313698630137,0.0008549282191780821,0.33572658972602737,0.24642426890410962,0.32842375999999995,3.607972602739726e-05,1.6424657534246577e-07,6.301369863013698e-08,1.9327397260273973e-06,0.0,1.0821917808219177e-08,4.383561643835617e-09,0.0,0.0,0.0
2023-09-26,6.770249999999225e-05,0.0058141389473684215,7.684210526315789e-07,2.131578947076257e-08,0.09248508565789475,2.879473684210526e-06,9.868065789473684e-05,0.0008231351315789474,0.3301748786842105,0.2376696760526316,0.3328252017105263,3.5742105263157895e-05,1.5776315789473686e-07,6.052631578947368e-08,1.8564473684210525e-06,0.0,1.0394736842105262e-08,4.210526315789474e-09,0.0,0.0,0.0
2023-09-27,6.771714285713747e-05,0.005280447261904763,6.94404761904762e-07,6.926190476164044e-07,0.07799680607142859,0.002018857023809524,2.7213928571428566e-05,0.0007516278571428573,0.334446330952381,0.22925411023809528,0.3501193391666667,3.428107142857143e-05,1.3869047619047623e-07,5.071428571428572e-08,1.6796428571428573e-06,0.0,9.404761904761906e-09,3.8095238095238104e-09,0.0,0.0,0.0
2023-09-28,7.357522727271921e-05,0.005055272272727274,6.628409090909093e-07,6.611363636338406e-07,0.07500457397727274,0.0019270907954545456,3.015034090909091e-05,0.0007209573863636364,0.3316787677272728,0.22464676340909095,0.36081839113636366,3.868454545454546e-05,5.401136363636365e-07,4.840909090909092e-08,3.848068181818183e-06,0.0,8.977272727272728e-09,3.6363636363636372e-09,0.0,0.0,0.0
2023-09-29,7.444609195401336e-05,0.005085303103448276,6.704597701149426e-07,6.687356321813558e-07,0.07585608206896552,0.001949241264367816,3.049689655172413e-05,0.0007292322988505745,0.33282367402298846,0.22258430241379312,0.3608222650574713,3.9117241379310343e-05,5.463218390804598e-07,4.896551724137931e-08,3.892298850574713e-06,0.0,9.080459770114942e-09,3.67816091954023e-09,0.0,0.0,0.0
2023-09-30,7.531569767440725e-05,0.005146334186046512,6.782558139534884e-07,6.765116279043949e-07,0.0661218096511628,0.0019850796511627906,3.085151162790697e-05,0.0003689411627906977,0.32761060220930227,0.221905758372093,0.3767114679069768,3.9569069767441865e-05,5.526744186046512e-07,4.953488372093023e-08,2.3006976744186046e-06,0.0,9.186046511627906e-09,3.7209302325581395e-09,0.0,0.0,0.0
2023-10-01,7.531569767440725e-05,0.005146334186046512,6.782558139534884e-07,6.765116279043949e-07,0.0661218096511628,0.0019850796511627906,3.085151162790697e-05,0.0003689411627906977,0.32761060220930227,0.221905758372093,0.3767114679069768,3.9569069767441865e-05,5.526744186046512e-07,4.953488372093023e-08,2.3006976744186046e-06,0.0,9.186046511627906e-09,3.7209302325581395e-09,0.0,0.0,0.0
2023-10-02,7.531569767440725e-05,0.005146334186046512,6.782558139534884e-07,6.765116279043949e-07,0.0661218096511628,0.0019850796511627906,3.085151162790697e-05,0.0003689411627906977,0.32761060220930227,0.221905758372093,0.3767114679069768,3.9569069767441865e-05,5.526744186046512e-07,4.953488372093023e-08,2.3006976744186046e-06,0.0,9.186046511627906e-09,3.7209302325581395e-09,0.0,0.0,0.0
2023-10-03,7.848305882352624e-05,0.005201181882352942,6.92e-07,6.844705882326819e-07,0.058240013529411765,0.002008433529411765,3.121447058823529e-05,0.0003732565882352941,0.3256812624705882,0.2205641148235294,0.3876936425882353,0.0001240750588235294,5.591764705882353e-07,4.552941176470588e-08,2.327764705882353e-06,0.0,9.294117647058823e-09,3.764705882352941e-09,0.0,0.0,0.0
2023-10-04,8.399750000000475e-05,0.005390933636363638,7.150000000000001e-07,6.709090909065679e-07,0.056891163977272736,0.001939964204545455,3.015034090909091e-05,0.0003759092045454546,0.30016452238636365,0.19441870943181822,0.4405766378409091,0.00012373022727272729,5.59659090909091e-07,6.079545454545454e-08,2.259204545454546e-06,0.0,1.2045454545454548e-08,3.6363636363636372e-09,0.0,0.0,0.0
2023-10-05,7.964500000001098e-05,0.0032064439772727274,7.049999999999999e-07,6.709090909065678e-07,0.05669659340909092,0.0019392579545454544,3.0150340909090902e-05,8.255352272727273e-05,0.28211492829545454,0.19308770522727273,0.46263968613636364,0.00011877999999999998,5.543181818181819e-07,6.363636363636363e-08,2.255568181818182e-06,0.0,3.0681818181818184e-09,3.6363636363636364e-09,0.0,0.0,0.0
2023-10-06,7.531244444445297e-05,0.004102136333333334,6.893333333333333e-07,6.516666666641995e-07,0.061728130888888885,0.002055871111111111,2.9480333333333326e-05,9.611866666666667e-05,0.28894927899999995,0.18239265344444447,0.46045072577777774,0.00011613477777777778,5.420000000000001e-07,6.222222222222221e-08,2.2054444444444445e-06,0.0,3e-09,3.555555555555556e-09,0.0,0.0,0.0
2023-10-07,7.33201111111177e-05,0.004105063333333334,6.877777777777778e-07,6.491111111086441e-07,0.06069408377777778,0.002055871111111111,2.9480333333333326e-05,9.857977777777776e-05,0.2971607372222222,0.16170751944444445,0.4739520895555555,0.000116168,5.305555555555555e-07,6.977777777777776e-08,5.143555555555555e-06,0.0,3e-09,3.555555555555556e-09,0.0,0.0,0.0
2023-10-08,7.33201111111177e-05,0.004105063333333334,6.877777777777778e-07,6.491111111086441e-07,0.06069408377777778,0.002055871111111111,2.9480333333333326e-05,9.857977777777776e-05,0.2971607372222222,0.16170751944444445,0.4739520895555555,0.000116168,5.305555555555555e-07,6.977777777777776e-08,5.143555555555555e-06,0.0,3e-09,3.555555555555556e-09,0.0,0.0,0.0
2023-10-09,7.33201111111177e-05,0.004105063333333334,6.877777777777778e-07,6.491111111086441e-07,0.06069408377777778,0.002055871111111111,2.9480333333333326e-05,9.857977777777776e-05,0.2971607372222222,0.16170751944444445,0.4739520895555555,0.000116168,5.305555555555555e-07,6.977777777777776e-08,5.143555555555555e-06,0.0,3e-09,3.555555555555556e-09,0.0,0.0,0.0
2023-10-10,7.020393617022296e-05,0.00429763340425532,6.585106382978723e-07,6.214893616997655e-07,0.05878757234042553,0.00219965414893617,2.9947234042553183e-05,9.438489361702126e-05,0.29975448425531914,0.16055947372340426,0.4740850562765957,0.00011480404255319149,5.079787234042553e-07,6.680851063829786e-08,4.92468085106383e-06,0.0,2.872340425531915e-09,3.4042553191489364e-09,0.0,0.0,0.0
2023-10-11,6.373938144331977e-05,0.005202735154639175,6.430927835051545e-07,1.2098969072142055e-06,0.05234914938144329,0.0021344802061855667,2.3135257731958752e-05,9.602556701030926e-05,0.3031187043298969,0.16237391845360824,0.4745121286597937,0.00011830896907216493,4.829896907216495e-07,7.835051546391751e-08,4.772371134020618e-06,0.0,2.7835051546391748e-09,4.851546391752577e-07,0.0,0.0,0.0
2023-10-12,6.240350515466e-05,0.006624427628865979,6.44020618556701e-07,1.2098969072142055e-06,0.05372413268041235,0.0021344802061855667,2.3135257731958752e-05,0.00010080938144329896,0.3042033490721649,0.15332788474226802,0.4783132516494844,0.0014784503092783502,4.829896907216495e-07,7.835051546391751e-08,4.772371134020618e-06,0.0,2.7835051546391748e-09,4.851546391752577e-07,0.0,0.0,0.0
2023-10-13,6.089582524273984e-05,0.006886601941747573,6.06504854368932e-07,1.1394174757259996e-06,0.053128840388349516,0.0020114605825242715,2.0710970873786398e-05,0.0001801602912621359,0.27921384436893204,0.15749074475728153,0.49959175805825246,0.0014077520388349515,4.5485436893203883e-07,7.611650485436892e-08,4.494368932038835e-06,0.0,2.621359223300971e-09,4.5689320388349516e-07,0.0,0.0,0.0
2023-10-14,5.92480000000214e-05,0.007252356571428571,5.982857142857142e-07,1.1204761904740758e-06,0.05309120533333333,0.001973147047619047,2.2738857142857134e-05,0.00018312571428571428,0.2830523238095238,0.1477433456190476,0.5052317566666665,0.0013836448571428568,4.545714285714285e-07,7.466666666666665e-08,4.408761904761904e-06,0.0,2.5714285714285712e-09,4.4819047619047614e-07,0.0,0.0,0.0
2023-10-15,5.92480000000214e-05,0.007252356571428571,5.982857142857142e-07,1.1204761904740758e-06,0.05309120533333333,0.001973147047619047,2.2738857142857134e-05,0.00018312571428571428,0.2830523238095238,0.1477433456190476,0.5052317566666665,0.0013836448571428568,4.545714285714285e-07,7.466666666666665e-08,4.408761904761904e-06,0.0,2.5714285714285712e-09,4.4819047619047614e-07,0.0,0.0,0.0
2023-10-16,5.92480000000214e-05,0.007252356571428571,5.982857142857142e-07,1.1204761904740758e-06,0.05309120533333333,0.001973147047619047,2.2738857142857134e-05,0.00018312571428571428,0.2830523238095238,0.1477433456190476,0.5052317566666665,0.0013836448571428568,4.545714285714285e-07,7.466666666666665e-08,4.408761904761904e-06,0.0,2.5714285714285712e-09,4.4819047619047614e-07,0.0,0.0,0.0
2023-10-17,5.52800000000288e-05,0.006839446635514018,5.909345794392523e-07,1.0995327102782987e-06,0.05220419943925233,0.0019373565420560744,2.416747663551401e-05,0.0001793516822429906,0.2760380780373831,0.1276598272897196,0.533695006542056,0.0013603053271028034,4.460747663551401e-07,7.327102803738317e-08,4.328878504672897e-06,0.0,2.5233644859813082e-09,4.398130841121495e-07,0.0,0.0,0.0
2023-10-18,5.216247524755683e-05,0.007469964257425743,6.245544554455445e-07,1.1648514851463166e-06,0.059034107920792084,0.0021966136633663363,2.6334257425742566e-05,0.00017210217821782178,0.2566258781188119,0.10367928534653466,0.5692977653465346,0.001438017128712871,4.7257425742574257e-07,5.792079207920793e-08,4.586039603960397e-06,0.0,3.9742574257425747e-07,4.6594059405940595e-07,0.0,0.0,0.0
2023-10-19,5.437764705885123e-05,0.0068396097058823525,6.181372549019608e-07,1.153431372546843e-06,0.057493286862745095,0.0021750782352941175,2.6387352941176464e-05,0.00016954392156862745,0.2360461104901961,0.1106107724509804,0.5851511544117647,0.001425247745098039,4.7215686274509805e-07,5.735294117647059e-08,4.5410784313725495e-06,0.0,3.9352941176470594e-07,1.1954901960784315e-06,0.0,0.0,0.0
2023-10-20,5.705048543692731e-05,0.008683063883495146,9.048543689320389e-08,1.1422330097065822e-06,0.06115153504854369,0.0021545633009708736,2.9807864077669897e-05,0.00017491135922330096,0.23327247854368935,0.10027741601941748,0.5927782797087379,0.0014130714563106795,4.6757281553398057e-07,5.145631067961165e-08,4.496990291262136e-06,0.0,3.897087378640777e-07,1.1838834951456312e-06,0.0,0.0,0.0
2023-10-21,5.843280000003494e-05,0.0089365398,9.32e-08,1.1764999999977796e-06,0.0512412736,0.0022200987,2.683819999999999e-05,0.0001793491,0.2380898837,0.10243963049999999,0.5953475561,0.0014524306999999998,3.914e-07,5.3e-08,4.6319000000000005e-06,0.0,4.0140000000000003e-07,1.2194e-06,0.0,0.0,0.0
2023-10-22,5.843280000003494e-05,0.0089365398,9.32e-08,1.1764999999977796e-06,0.05124127359999999,0.0022200987,2.683819999999999e-05,0.0001793491,0.2380898837,0.10243963049999999,0.5953475561,0.0014524306999999998,3.914e-07,5.3e-08,4.6319000000000005e-06,0.0,4.0140000000000003e-07,1.2194e-06,0.0,0.0,0.0
2023-10-23,5.843280000003494e-05,0.0089365398,9.32e-08,1.1764999999977796e-06,0.05124127359999999,0.0022200987,2.683819999999999e-05,0.0001793491,0.2380898837,0.10243963049999999,0.5953475561,0.0014524306999999998,3.914e-07,5.3e-08,4.6319000000000005e-06,0.0,4.0140000000000003e-07,1.2194e-06,0.0,0.0,0.0
2023-10-24,5.951070000003228e-05,0.009478242200000002,9.320000000000001e-08,1.1764999999977798e-06,0.043133423500000004,0.0022545644000000003,2.6333999999999996e-05,0.00018614250000000002,0.23520003080000002,0.1052364907,0.6029617814,0.001455513,3.914000000000001e-07,5.300000000000001e-08,4.631900000000001e-06,0.0,4.014000000000001e-07,1.2194000000000001e-06,0.0,0.0,0.0
2023-10-25,6.286073684213516e-05,0.010493141789473685,9.431578947368422e-08,6.902105263134523e-07,0.041211546631578944,0.000592203894736842,2.4806105263157887e-05,0.00019677410526315787,0.22241857578947372,0.10332614715789475,0.6201306975789473,0.0015346492631578945,8.543157894736842e-07,3.763157894736842e-07,4.8756842105263165e-06,0.0,4.2252631578947376e-07,1.283578947368421e-06,0.0,0.0,0.0
2023-10-26,8.396666666669996e-05,0.010688872395833335,9.333333333333334e-08,7.769791666643537e-07,0.04102819458333334,0.0005860351041666667,2.4082499999999995e-05,0.00020363197916666663,0.21920132270833337,0.10310454343750002,0.6235557548958334,0.001517425833333333,4.7166666666666667e-07,3.7239583333333335e-07,2.7671875000000003e-06,0.0,4.1812500000000007e-07,1.2702083333333333e-06,0.0,0.0,0.0
2023-10-27,8.23790000000356e-05,0.0102775164,1.3119999999999998e-07,7.490999999977795e-07,0.0395843066,0.0005625967999999999,2.311919999999999e-05,0.00019857059999999992,0.2147262786,0.1060040604,0.6262648134999999,0.0022676136999999993,2.2552999999999994e-06,3.7779999999999996e-07,3.6109999999999994e-06,0.0,4.014e-07,1.2194e-06,0.0,0.0,0.0
2023-10-28,9.018000000004031e-05,0.012680471287128712,1.3386138613861385e-07,7.416831683146332e-07,0.04731326039603961,0.0005469558415841584,2.5259801980198013e-05,0.00019244188118811877,0.2068815396039604,0.1034201796039604,0.6265938364356436,0.00224630504950495,3.14049504950495e-06,3.7405940594059405e-07,3.5752475247524754e-06,0.0,3.9742574257425747e-07,1.2073267326732674e-06,0.0,0.0,0.0
2023-10-29,9.161509803925626e-05,0.01273498588235294,1.3254901960784312e-07,7.344117647037055e-07,0.04720941352941176,0.0005415935294117647,2.7705392156862735e-05,0.00019265147058823525,0.2073209435294118,0.10388675950980392,0.6257590146078431,0.002225841176470588,3.109705882352941e-06,3.703921568627451e-07,3.5401960784313727e-06,0.0,3.9352941176470594e-07,1.1954901960784315e-06,0.0,0.0,0.0
2023-10-30,9.161509803925626e-05,0.01273498588235294,1.3254901960784312e-07,7.344117647037055e-07,0.04720941352941176,0.0005415935294117647,2.7705392156862735e-05,0.00019265147058823525,0.2073209435294118,0.10388675950980392,0.6257590146078431,0.002225841176470588,3.109705882352941e-06,3.703921568627451e-07,3.5401960784313727e-06,0.0,3.9352941176470594e-07,1.1954901960784315e-06,0.0,0.0,0.0
2023-10-31,9.780931372552176e-05,0.0131522081372549,1.2774509803921566e-07,7.344117647037054e-07,0.04797298803921568,0.0005437869607843136,3.0238921568627434e-05,0.0002000095098039215,0.20322672656862745,0.10460946313725487,0.6267565474509803,0.0034000644117647047,3.1097058823529404e-06,3.7039215686274505e-07,3.540196078431372e-06,0.0,1.0796078431372549e-06,1.1954901960784313e-06,0.0,0.0,0.0
2023-11-01,0.0001056963917526071,0.024005138453608243,9.206185567010309e-08,3.7585567010286385e-06,0.04984809649484536,0.0005718172164948453,3.261525773195875e-05,0.00019504123711340204,0.20854623247422685,0.10571180670103093,0.6071846188659793,0.003776047731958762,3.604123711340206e-06,3.7422680412371137e-07,1.2180927835051545e-05,0.0,1.6221649484536082e-06,1.2571134020618558e-06,0.0,0.0,0.0
2023-11-02,0.00011126938144333043,0.024015909793814436,9.288659793814435e-08,3.758556701028639e-06,0.053904044329896914,0.0005727979381443299,3.3020824742268036e-05,0.00019621453608247423,0.20959936484536085,0.11019929463917527,0.5975704377319588,0.003773965257731959,4.002164948453608e-06,6.154639175257733e-07,1.2180927835051547e-05,0.0,1.7736082474226809e-06,1.2571134020618558e-06,0.0,0.0,0.0
2023-11-03,0.00011731293478264459,0.02380645771739131,9.793478260869566e-08,3.9628260869541085e-06,0.05054383010869566,0.00044769239130434783,3.481543478260869e-05,0.00018934945652173915,0.20010886695652177,0.11056704347826088,0.6101805917391305,0.0039790720652173915,4.219673913043478e-06,6.48913043478261e-07,1.2842934782608697e-05,0.0,1.8700000000000005e-06,1.3254347826086959e-06,0.0,0.0,0.0
2023-11-04,0.0005544912222222643,0.024338511777777787,4.4798888888888895e-06,4.0508888888864225e-06,0.05200629033333334,0.0004576411111111111,3.7370444444444446e-05,0.0005506051111111113,0.19449670755555562,0.11305598011111113,0.6104058071111113,0.004069638555555555,4.313444444444445e-06,6.557777777777779e-07,1.0190222222222224e-05,0.0,1.911555555555556e-06,1.3548888888888892e-06,0.0,0.0,0.0
2023-11-05,0.0005544912222222643,0.024338511777777787,4.4798888888888895e-06,4.0508888888864225e-06,0.05200629033333334,0.0004576411111111111,3.7370444444444446e-05,0.0005506051111111113,0.19449670755555562,0.11305598011111113,0.6104058071111113,0.004069638555555555,4.313444444444445e-06,6.557777777777779e-07,1.0190222222222224e-05,0.0,1.911555555555556e-06,1.3548888888888892e-06,0.0,0.0,0.0
2023-11-06,0.0005544912222222643,0.024338511777777787,4.4798888888888895e-06,4.0508888888864225e-06,0.05200629033333334,0.0004576411111111111,3.7370444444444446e-05,0.0005506051111111113,0.19449670755555562,0.11305598011111113,0.6104058071111113,0.004069638555555555,4.313444444444445e-06,6.557777777777779e-07,1.0190222222222224e-05,0.0,1.911555555555556e-06,1.3548888888888892e-06,0.0,0.0,0.0
2023-11-07,0.0005802773255814351,0.02506911883720931,4.688255813953489e-06,4.239302325578814e-06,0.05368606825581396,0.0002261466279069768,3.7227093023255814e-05,0.0005762146511627909,0.18688661058139538,0.11204795848837212,0.6166071559302326,0.0042550117441860465,4.5140697674418605e-06,6.86279069767442e-07,1.066418604651163e-05,0.0,2.00046511627907e-06,1.4179069767441863e-06,0.0,0.0,0.0
2023-11-08,0.0006722668918919334,0.027539725270270272,5.431621621621622e-06,4.122027027024026e-06,0.05594766351351351,0.0002590745945945946,4.326391891891891e-05,0.0006573841891891893,0.15890253202702703,0.11165352945945947,0.6393604252702703,0.00493284027027027,5.2460810810810805e-06,7.645945945945945e-07,1.2393513513513514e-05,0.0,2.324864864864865e-06,1.011891891891892e-06,0.0,0.0,0.0
2023-11-09,0.0007210004347826501,0.027278216666666667,5.818840579710145e-06,4.420724637677941e-06,0.05519636449275362,0.000277848115942029,4.6398985507246365e-05,0.000698256811594203,0.14431210579710144,0.11764541246376813,0.6504126488405797,0.0033781914492753617,5.6262318840579706e-06,8.2e-07,1.329159420289855e-05,0.0,2.4933333333333333e-06,1.085217391304348e-06,0.0,0.0,0.0
2023-11-10,0.0008195388333333765,0.03025313933333333,6.6916666666666656e-06,5.083833333329631e-06,0.058886118499999994,0.000317261,4.9779166666666646e-05,0.0006522545000000001,0.1436612723333333,0.10744644099999999,0.6540171695,0.0038584404999999987,6.470166666666665e-06,9.389999999999999e-07,1.528533333333333e-05,0.0,2.867333333333333e-06,1.248e-06,0.0,0.0,0.0
2023-11-11,0.0008756141071429007,0.03147696285714286,7.163392857142858e-06,5.441785714281748e-06,0.06126537696428571,0.00033992250000000005,4.709321428571427e-05,0.0006868496428571431,0.13264307821428573,0.10841206946428572,0.6600862007142857,0.004125518035714286,6.916607142857142e-06,1.0060714285714286e-06,1.6377142857142856e-05,0.0,3.0721428571428573e-06,1.3371428571428572e-06,0.0,0.0,0.0
2023-11-12,0.0008756141071429007,0.03147696285714286,7.163392857142858e-06,5.441785714281748e-06,0.06126537696428571,0.00033992250000000005,4.709321428571427e-05,0.0006868496428571431,0.13264307821428573,0.10841206946428572,0.6600862007142857,0.004125518035714286,6.916607142857142e-06,1.0060714285714286e-06,1.6377142857142856e-05,0.0,3.0721428571428573e-06,1.3371428571428572e-06,0.0,0.0,0.0
2023-11-13,0.0008756141071429007,0.03147696285714286,7.163392857142858e-06,5.441785714281748e-06,0.06126537696428571,0.00033992250000000005,4.709321428571427e-05,0.0006868496428571431,0.13264307821428573,0.10841206946428572,0.6600862007142857,0.004125518035714286,6.916607142857142e-06,1.0060714285714286e-06,1.6377142857142856e-05,0.0,3.0721428571428573e-06,1.3371428571428572e-06,0.0,0.0,0.0
2023-11-14,0.0009746528000000363,0.03524572659999999,8.0148e-06,6.094799999995558e-06,0.0674534872,0.000378379,4.877759999999998e-05,0.0007614182,0.11973911179999998,0.1208304314,0.6499088917999999,0.004612865199999998,7.746599999999998e-06,1.1267999999999997e-06,1.8336999999999997e-05,0.0,3.4407999999999997e-06,1.4975999999999999e-06,0.0,0.0,0.0
2023-11-15,0.0010662513333333677,0.03845492111111111,8.897777777777777e-06,6.771999999995065e-06,0.06561727822222221,9.336511111111111e-05,4.87322222222222e-05,0.0008410148888888891,0.11677975111111112,0.13099379755555557,0.6409338948888889,0.005120488888888888,8.607333333333333e-06,1.252e-06,2.0374444444444445e-05,0.0,2.9371111111111112e-06,1.664e-06,0.0,0.0,0.0
2023-11-16,0.0011766331707317506,0.04215870463414634,9.759999999999998e-06,7.432682926823851e-06,0.06930849292682925,0.00010247390243902437,5.041390243902436e-05,0.0009187707317073172,0.11515394780487803,0.11516179219512192,0.6462113843902437,0.00970379707317073,9.436585365853658e-06,1.3741463414634144e-06,2.2362195121951217e-05,0.0,3.2236585365853655e-06,0.0,0.0,0.0,0.0
2023-11-17,0.001255425263157932,0.03886902842105262,1.0530526315789471e-05,8.019473684204681e-06,0.060931196578947355,0.00010893131578947366,4.4428157894736804e-05,0.0009722363157894737,0.11717072947368418,0.11496981052631577,0.6551550539473682,0.010465339999999998,1.018157894736842e-05,1.4826315789473682e-06,2.4127631578947362e-05,0.0,3.4781578947368415e-06,0.0,0.0,0.0,0.0
2023-11-18,0.0012836194594594956,0.03991337675675675,1.0815135135135133e-05,8.236216216210213e-06,0.061027405675675654,0.000109447027027027,4.081054054054051e-05,0.000998512972972973,0.11386848999999999,0.11507117189189187,0.6568818978378376,0.010745885135135132,1.0456756756756756e-05,1.5227027027027025e-06,2.4779729729729725e-05,0.0,3.5721621621621615e-06,0.0,0.0,0.0,0.0
2023-11-19,0.0012836194594594956,0.03991337675675675,1.0815135135135133e-05,8.236216216210213e-06,0.061027405675675654,0.000109447027027027,4.081054054054051e-05,0.000998512972972973,0.11386848999999999,0.11507117189189187,0.6568818978378376,0.010745885135135132,1.0456756756756756e-05,1.5227027027027025e-06,2.4779729729729725e-05,0.0,3.5721621621621615e-06,0.0,0.0,0.0,0.0
2023-11-20,0.0012836194594594956,0.03991337675675675,1.0815135135135133e-05,8.236216216210213e-06,0.061027405675675654,0.000109447027027027,4.081054054054051e-05,0.000998512972972973,0.11386848999999999,0.11507117189189187,0.6568818978378376,0.010745885135135132,1.0456756756756756e-05,1.5227027027027025e-06,2.4779729729729725e-05,0.0,3.5721621621621615e-06,0.0,0.0,0.0,0.0
2023-11-21,0.001341759714285756,0.040633417714285705,1.1433142857142855e-05,8.706857142850796e-06,0.05854252828571427,1.7227714285714282e-05,4.1027714285714254e-05,0.0010319180000000002,0.12617339142857142,0.11154353114285713,0.6492636525714285,0.011348769714285712,1.1054285714285713e-05,1.6097142857142854e-06,2.6195714285714278e-05,0.0,3.7762857142857138e-06,0.0,0.0,0.0,0.0
2023-11-22,0.00145031906250005,0.0428557715625,1.2505e-05,9.37093749999306e-06,0.07025218937499998,1.35903125e-05,4.293812499999997e-05,0.0011079890625000002,0.11891692406250001,0.10678866781250002,0.6461053909375,0.0123999753125,1.07775e-05,8.090624999999999e-07,2.86515625e-05,0.0,4.1303125e-06,0.0,0.0,0.0,0.0
2023-11-23,0.0015436310344828113,0.046234311034482764,1.3798620689655173e-05,1.002931034481993e-05,0.0750272244827586,1.4996206896551724e-05,3.6255862068965486e-05,0.0011825175862068967,0.09646688034482759,0.09736604344827587,0.668386616551724,0.013668737241379311,1.1892413793103448e-05,8.92758620689655e-07,3.1615517241379307e-05,0.0,4.557586206896552e-06,0.0,0.0,0.0,0.0
2023-11-24,0.0019879085185185615,0.06357605555555555,1.4666666666666666e-05,1.0760370370362147e-05,0.08068984370370369,1.6095555555555557e-05,3.8941481481481447e-05,0.0012586896296296298,0.09923515925925927,0.08556628555555557,0.6437525214814814,0.023810773703703703,6.097407407407407e-06,8.837037037037036e-07,3.042222222222222e-05,0.0,4.895185185185185e-06,0.0,0.0,0.0,0.0
2023-11-25,0.002295787391304379,0.06359402913043478,1.72e-05,1.2631739130425128e-05,0.0483242752173913,1.3863478260869566e-05,3.530869565217387e-05,0.001474699130434783,0.1164523452173913,0.09094887260869566,0.6488385591304348,0.027946758695652173,3.172608695652174e-06,1.037391304347826e-06,3.571304347826086e-05,0.0,5.746521739130435e-06,0.0,0.0,0.0,0.0
2023-11-26,0.0023893886363636663,0.06565553227272727,1.7981818181818184e-05,1.3205909090898998e-05,0.04885170227272726,1.4493636363636365e-05,2.4426818181818143e-05,0.0015320118181818185,0.11030469090909091,0.08821876090909092,0.6537202204545455,0.029209839090909094,3.3168181818181817e-06,1.0845454545454546e-06,3.733636363636363e-05,0.0,6.0077272727272726e-06,0.0,0.0,0.0,0.0
2023-11-27,0.0023893886363636663,0.06565553227272727,1.7981818181818184e-05,1.3205909090898998e-05,0.04885170227272726,1.4493636363636365e-05,2.4426818181818143e-05,0.0015320118181818185,0.11030469090909091,0.08821876090909092,0.6537202204545455,0.029209839090909094,3.3168181818181817e-06,1.0845454545454546e-06,3.733636363636363e-05,0.0,6.0077272727272726e-06,0.0,0.0,0.0,0.0
2023-11-28,0.0027140145000000286,0.0857123595,1.978e-05,1.4526499999988898e-05,0.049767935499999985,4.7565e-06,1.3948499999999955e-05,0.0016476125000000005,0.08317082950000002,0.083928851,0.625128515,0.06782785,3.6485e-06,1.1929999999999998e-06,4.107e-05,0.0,3.1095e-06,0.0,0.0,0.0,0.0
2023-11-29,0.002984484444444472,0.04894198499999999,2.197777777777778e-05,0.0,0.04981737777777776,5.285e-06,1.1092222222222172e-05,0.001812572777777778,0.06733723833333334,0.08059153777777778,0.6742156988888889,0.07425646333333333,2.145e-06,1.3255555555555555e-06,0.0,0.0,8.161111111111111e-07,0.0,0.0,0.0,0.0
2023-11-30,0.003698309333333338,0.07276538666666667,2.6351999999999998e-05,0.0,0.03904950133333333,0.0,1.068799999999994e-05,0.002167247333333334,0.061096773333333326,0.021462586666666672,0.710633706,0.08908944933333333,0.0,0.0,0.0,0.0,0.0,0.0,0.0,0.0,0.0
2023-12-01,0.003698309333333338,0.07276538666666667,2.6351999999999998e-05,0.0,0.03904950133333333,0.0,1.068799999999994e-05,0.002167247333333334,0.06109677333333333,0.021462586666666672,0.710633706,0.08908944933333333,0.0,0.0,0.0,0.0,0.0,0.0,0.0,0.0,0.0
2023-12-02,0.0012602284615384524,0.08381134692307694,0.0,0.0,0.03775900615384616,0.0,0.0,0.0,0.06253291615384617,0.01454187076923077,0.697314296923077,0.10278033461538463,0.0,0.0,0.0,0.0,0.0,0.0,0.0,0.0,0.0
2023-12-03,0.0012602284615384524,0.08381134692307694,0.0,0.0,0.03775900615384616,0.0,0.0,0.0,0.06253291615384617,0.01454187076923077,0.697314296923077,0.10278033461538463,0.0,0.0,0.0,0.0,0.0,0.0,0.0,0.0,0.0
2023-12-04,0.0012602284615384524,0.08381134692307694,0.0,0.0,0.03775900615384616,0.0,0.0,0.0,0.06253291615384617,0.01454187076923077,0.697314296923077,0.10278033461538463,0.0,0.0,0.0,0.0,0.0,0.0,0.0,0.0,0.0
2023-12-05,0.001271531999999986,0.08244860600000001,0.0,0.0,0.032724472000000004,0.0,0.0,0.0,0.08387672133333335,0.012602954666666668,0.697999424,0.08907629000000002,0.0,0.0,0.0,0.0,0.0,0.0,0.0,0.0,0.0
2023-12-06,0.0013875074999999887,0.077295568125,0.0,0.0,0.030679192500000004,0.0,0.0,0.0,0.10105338187500001,0.011815270000000001,0.6942600581250001,0.08350902187500002,0.0,0.0,0.0,0.0,0.0,0.0,0.0,0.0,0.0
2023-12-07,0.0013890535294117522,0.07481347235294117,0.0,0.0,0.02887453411764706,0.0,0.0,0.0,0.10192286529411765,0.011120254117647058,0.703283094117647,0.07859672647058824,0.0,0.0,0.0,0.0,0.0,0.0,0.0,0.0,0.0
2023-12-08,0.0013890535294117522,0.07481347235294117,0.0,0.0,0.02887453411764706,0.0,0.0,0.0,0.10192286529411765,0.011120254117647058,0.703283094117647,0.07859672647058824,0.0,0.0,0.0,0.0,0.0,0.0,0.0,0.0,0.0
2023-12-09,0.0013228647368420895,0.06693837,0.0,0.0,0.025835109473684212,0.0,0.0,0.0,0.09119414263157895,0.009949701052631578,0.7182857868421052,0.08647402526315791,0.0,0.0,0.0,0.0,0.0,0.0,0.0,0.0,0.0
2023-12-10,0.0013228647368420895,0.06693837,0.0,0.0,0.025835109473684212,0.0,0.0,0.0,0.09119414263157895,0.009949701052631578,0.7182857868421052,0.08647402526315791,0.0,0.0,0.0,0.0,0.0,0.0,0.0,0.0,0.0
2023-12-11,0.0013228647368420895,0.06693837,0.0,0.0,0.025835109473684212,0.0,0.0,0.0,0.09119414263157895,0.009949701052631578,0.7182857868421052,0.08647402526315791,0.0,0.0,0.0,0.0,0.0,0.0,0.0,0.0,0.0
2023-12-12,0.0013228647368420895,0.06693837,0.0,0.0,0.025835109473684212,0.0,0.0,0.0,0.09119414263157895,0.009949701052631578,0.7182857868421052,0.08647402526315791,0.0,0.0,0.0,0.0,0.0,0.0,0.0,0.0,0.0
2023-12-13,0.0013228647368420895,0.06693837,0.0,0.0,0.025835109473684212,0.0,0.0,0.0,0.09119414263157895,0.009949701052631578,0.7182857868421052,0.08647402526315791,0.0,0.0,0.0,0.0,0.0,0.0,0.0,0.0,0.0
2023-12-14,0.0013510716666666476,0.07065716833333334,0.0,0.0,0.02727039333333334,0.0,0.0,0.0,0.0962604838888889,0.010502462222222224,0.7119897127777779,0.0819687077777778,0.0,0.0,0.0,0.0,0.0,0.0,0.0,0.0,0.0
2023-12-15,0.0012899099999999816,0.06693837,0.0,0.0,0.025835109473684212,0.0,0.0,0.0,0.09119414263157895,0.009949701052631578,0.7271382015789474,0.07765456526315791,0.0,0.0,0.0,0.0,0.0,0.0,0.0,0.0,0.0
2023-12-16,0.0012899099999999816,0.06693837,0.0,0.0,0.025835109473684212,0.0,0.0,0.0,0.09119414263157895,0.009949701052631578,0.7271382015789474,0.07765456526315791,0.0,0.0,0.0,0.0,0.0,0.0,0.0,0.0,0.0
2023-12-17,0.0012899099999999816,0.06693837,0.0,0.0,0.025835109473684212,0.0,0.0,0.0,0.09119414263157895,0.009949701052631578,0.7271382015789474,0.07765456526315791,0.0,0.0,0.0,0.0,0.0,0.0,0.0,0.0,0.0
2023-12-18,0.0012899099999999816,0.06693837,0.0,0.0,0.025835109473684212,0.0,0.0,0.0,0.09119414263157895,0.009949701052631578,0.7271382015789474,0.07765456526315791,0.0,0.0,0.0,0.0,0.0,0.0,0.0,0.0,0.0
2023-12-19,0.0013615722222221993,0.07065716833333333,0.0,0.0,0.027270393333333334,0.0,0.0,0.0,0.06852720555555554,0.010502462222222222,0.7397124905555557,0.08196870777777779,0.0,0.0,0.0,0.0,0.0,0.0,0.0,0.0,0.0
2023-12-20,0.05050683555555554,0.07065716833333333,0.0,0.0,0.009642183333333334,0.0,0.0,0.0,0.06852720555555554,0.010502462222222222,0.7081954372222223,0.08196870777777779,0.0,0.0,0.0,0.0,0.0,0.0,0.0,0.0,0.0
2023-12-21,0.05674328374999998,0.079489314375,0.0,0.0,0.01084745625,0.0,0.0,0.0,0.07709310624999999,0.01181527,0.6717967731250001,0.09221479625000001,0.0,0.0,0.0,0.0,0.0,0.0,0.0,0.0,0.0
2023-12-22,0.06420051499999997,0.06388933285714286,0.0,0.0,0.010785646428571428,0.0,0.0,0.0,0.06588421785714287,0.0,0.7132509492857143,0.08198933857142857,0.0,0.0,0.0,0.0,0.0,0.0,0.0,0.0,0.0
2023-12-23,0.06420051499999997,0.06388933285714286,0.0,0.0,0.010785646428571428,0.0,0.0,0.0,0.06588421785714285,0.0,0.7132509492857143,0.08198933857142857,0.0,0.0,0.0,0.0,0.0,0.0,0.0,0.0,0.0
2023-12-24,0.06420051499999997,0.06388933285714286,0.0,0.0,0.010785646428571428,0.0,0.0,0.0,0.06588421785714285,0.0,0.7132509492857143,0.08198933857142857,0.0,0.0,0.0,0.0,0.0,0.0,0.0,0.0,0.0
2023-12-25,0.06420051499999997,0.06388933285714286,0.0,0.0,0.010785646428571428,0.0,0.0,0.0,0.06588421785714285,0.0,0.7132509492857143,0.08198933857142857,0.0,0.0,0.0,0.0,0.0,0.0,0.0,0.0,0.0
2023-12-26,0.0640195307142857,0.041554751428571436,0.0,0.0,0.01078564642857143,0.0,0.0,0.0,0.06569720000000001,0.0,0.7648446478571428,0.05309822357142858,0.0,0.0,0.0,0.0,0.0,0.0,0.0,0.0,0.0
2023-12-27,0.07465314166666666,0.03285554333333334,0.0,0.0,0.012583254166666669,0.0,0.0,0.0,0.07664673333333334,0.0,0.7413133999999999,0.061947927500000007,0.0,0.0,0.0,0.0,0.0,0.0,0.0,0.0,0.0
2023-12-28,0.08123231636363636,0.016571047272727273,0.0,0.0,0.0,0.0,0.0,0.0,0.08361461818181819,0.0,0.7510024609090908,0.06757955727272727,0.0,0.0,0.0,0.0,0.0,0.0,0.0,0.0,0.0
2023-12-29,0.07452701666666665,0.017356543333333335,0.0,0.0,0.0,0.0,0.0,0.0,0.07664673333333334,0.0,0.7116548391666666,0.11981486749999999,0.0,0.0,0.0,0.0,0.0,0.0,0.0,0.0,0.0
2023-12-30,0.06888980307692306,0.016021424615384618,0.0,0.0,0.0,0.0,0.0,0.0,0.07075083076923078,0.0,0.6799549715384615,0.16438297,0.0,0.0,0.0,0.0,0.0,0.0,0.0,0.0,0.0
2023-12-31,0.06888980307692306,0.016021424615384618,0.0,0.0,0.0,0.0,0.0,0.0,0.07075083076923078,0.0,0.6799549715384615,0.16438297,0.0,0.0,0.0,0.0,0.0,0.0,0.0,0.0,0.0
2024-01-01,0.06888980307692306,0.016021424615384618,0.0,0.0,0.0,0.0,0.0,0.0,0.07075083076923078,0.0,0.6799549715384615,0.16438297,0.0,0.0,0.0,0.0,0.0,0.0,0.0,0.0,0.0
2024-01-02,0.06381870142857142,0.00926936,0.0,0.0,0.0,0.0,0.0,0.0,0.033895563571428575,0.0,0.7243537171428571,0.16866265785714285,0.0,0.0,0.0,0.0,0.0,0.0,0.0,0.0,0.0
2024-01-03,0.06359533499999999,0.00926936,0.0,0.0,0.0,0.0,0.0,0.0,0.008273899999999999,0.0,0.6787701764285714,0.24009122857142856,0.0,0.0,0.0,0.0,0.0,0.0,0.0,0.0,0.0
2024-01-04,0.06354155999999998,0.006762221428571429,0.0,0.0,0.0,0.0,0.0,0.0,0.0,0.0,0.6182236285714285,0.31147259000000005,0.0,0.0,0.0,0.0,0.0,0.0,0.0,0.0,0.0
2024-01-05,0.05573083624999999,0.02259000625,0.0,0.0,0.0,0.0,0.0,0.0,0.0,0.0,0.59075887375,0.33092028375,0.0,0.0,0.0,0.0,0.0,0.0,0.0,0.0,0.0
2024-01-06,0.06358377571428571,0.02581715,0.0,0.0,0.0,0.0,0.0,0.0,0.0,0.0,0.5543231878571429,0.35627588642857144,0.0,0.0,0.0,0.0,0.0,0.0,0.0,0.0,0.0
2024-01-07,0.06358377571428572,0.025817150000000004,0.0,0.0,0.0,0.0,0.0,0.0,0.0,0.0,0.5543231878571429,0.3562758864285715,0.0,0.0,0.0,0.0,0.0,0.0,0.0,0.0,0.0
2024-01-08,0.06358377571428572,0.025817150000000004,0.0,0.0,0.0,0.0,0.0,0.0,0.0,0.0,0.5543231878571429,0.3562758864285715,0.0,0.0,0.0,0.0,0.0,0.0,0.0,0.0,0.0
2024-01-09,0.05947965666666666,0.024096006666666666,0.0,0.0,0.0,0.0,0.0,0.0,0.0,0.0,0.5708996066666666,0.34552473,0.0,0.0,0.0,0.0,0.0,0.0,0.0,0.0,0.0
2024-01-10,0.052504427647058816,0.021261182352941176,0.0,0.0,0.0,0.0,0.0,0.0,0.0,0.0,0.5437924005882353,0.3824419894117647,0.0,0.0,0.0,0.0,0.0,0.0,0.0,0.0,0.0
2024-01-11,0.04697764578947367,0.019023163157894735,0.0,0.0,0.0,0.0,0.0,0.0,0.0,0.0,0.5749721478947368,0.3590270431578948,0.0,0.0,0.0,0.0,0.0,0.0,0.0,0.0,0.0
2024-01-12,0.04957701499999999,0.020080005555555554,0.0,0.0,0.0,0.0,0.0,0.0,0.0,0.0,0.5513699894444444,0.37897299000000007,0.0,0.0,0.0,0.0,0.0,0.0,0.0,0.0,0.0
2024-01-13,0.04957701499999999,0.020080005555555554,0.0,0.0,0.0,0.0,0.0,0.0,0.0,0.0,0.5513699894444444,0.37897299000000007,0.0,0.0,0.0,0.0,0.0,0.0,0.0,0.0,0.0
2024-01-14,0.04957701499999999,0.020080005555555554,0.0,0.0,0.0,0.0,0.0,0.0,0.0,0.0,0.5513699894444444,0.37897299000000007,0.0,0.0,0.0,0.0,0.0,0.0,0.0,0.0,0.0
2024-01-15,0.04957701499999999,0.020080005555555554,0.0,0.0,0.0,0.0,0.0,0.0,0.0,0.0,0.5513699894444444,0.37897299000000007,0.0,0.0,0.0,0.0,0.0,0.0,0.0,0.0,0.0
2024-01-16,0.04468855749999999,0.018072005,0.0,0.0,0.0,0.0,0.0,0.0,0.0,0.0,0.583549184,0.35369025350000005,0.0,0.0,0.0,0.0,0.0,0.0,0.0,0.0,0.0
2024-01-17,0.0005713995652173743,0.015714786956521738,0.0,0.0,0.0,0.0,0.0,0.0,0.0,0.0,0.5919682960869566,0.39174551739130437,0.0,0.0,0.0,0.0,0.0,0.0,0.0,0.0,0.0
2024-01-18,0.0006207349999999876,0.013901542307692307,0.0,0.0,0.0,0.0,0.0,0.0,0.0,0.0,0.5864103738461538,0.39906734884615386,0.0,0.0,0.0,0.0,0.0,0.0,0.0,0.0,0.0
2024-01-19,0.0006207349999999876,0.013901542307692307,0.0,0.0,0.0,0.0,0.0,0.0,0.0,0.0,0.5864103738461538,0.39906734884615386,0.0,0.0,0.0,0.0,0.0,0.0,0.0,0.0,0.0
2024-01-20,0.000628057857142844,0.012908574999999999,0.0,0.0,0.0,0.0,0.0,0.0,0.0,0.0,0.5954759067857143,0.3909874603571428,0.0,0.0,0.0,0.0,0.0,0.0,0.0,0.0,0.0
2024-01-21,0.000628057857142844,0.012908574999999999,0.0,0.0,0.0,0.0,0.0,0.0,0.0,0.0,0.5954759067857143,0.3909874603571428,0.0,0.0,0.0,0.0,0.0,0.0,0.0,0.0,0.0
2024-01-22,0.000628057857142844,0.012908574999999999,0.0,0.0,0.0,0.0,0.0,0.0,0.0,0.0,0.5954759067857143,0.3909874603571428,0.0,0.0,0.0,0.0,0.0,0.0,0.0,0.0,0.0
2024-01-23,0.0007129703448275654,0.030709506551724136,0.0,0.0,0.0,0.0,0.0,0.0,0.0,0.0,0.5481593458620689,0.4204181772413793,0.0,0.0,0.0,0.0,0.0,0.0,0.0,0.0,0.0
2024-01-24,0.00068611363636362,0.026987142121212122,0.0,0.0,0.0,0.0,0.0,0.0,0.0,0.0,0.5493869818181819,0.42293976242424247,0.0,0.0,0.0,0.0,0.0,0.0,0.0,0.0,0.0
2024-01-25,0.0007138403030302935,0.026987142121212115,0.0,0.0,0.0,0.0,0.0,0.0,0.0,0.0,0.5190839521212122,0.4532150654545454,0.0,0.0,0.0,0.0,0.0,0.0,0.0,0.0,0.0
2024-01-26,0.0007725618181818101,0.0265763403030303,0.0,0.0,0.0,0.0,0.0,0.0,0.0,0.0,0.535705983030303,0.43694511484848486,0.0,0.0,0.0,0.0,0.0,0.0,0.0,0.0,0.0
2024-01-27,0.0007500544117646975,0.027224015588235295,0.0,0.0,0.0,0.0,0.0,0.0,0.0,0.0,0.5221251826470588,0.44990074735294117,0.0,0.0,0.0,0.0,0.0,0.0,0.0,0.0,0.0
2024-01-28,0.0007500544117646975,0.027224015588235295,0.0,0.0,0.0,0.0,0.0,0.0,0.0,0.0,0.5221251826470588,0.44990074735294117,0.0,0.0,0.0,0.0,0.0,0.0,0.0,0.0,0.0
2024-01-29,0.0007500544117646975,0.027224015588235295,0.0,0.0,0.0,0.0,0.0,0.0,0.0,0.0,0.5221251826470588,0.44990074735294117,0.0,0.0,0.0,0.0,0.0,0.0,0.0,0.0,0.0
2024-01-30,0.0008040934285714225,0.024484069428571426,0.0,0.0,1.514285714285714e-08,0.0,0.0,1.0857142857142854e-08,6.682857142857141e-07,0.0,0.5074034825714285,0.46440931428571414,0.0028983459999999996,0.0,0.0,0.0,0.0,0.0,0.0,0.0,0.0
2024-01-31,0.0007941892105263095,0.02439501947368421,0.0,0.0,1.3947368421052632e-08,0.0,0.0,9.999999999999999e-09,6.155263157894737e-07,0.0,0.4997969328947369,0.4723402465789474,0.002669529210526316,0.0,3.443157894736842e-06,0.0,0.0,0.0,0.0,0.0,0.0
2024-02-01,0.0007243292857142898,0.022226329047619047,0.0,0.0,5.1733333333333335e-06,0.0,0.0,1.9523809523809524e-08,0.022282990476190475,0.0005950602380952382,0.4916422854761905,0.4601031378571429,0.0024152883333333334,1.201904761904762e-06,4.184523809523809e-06,0.0,0.0,0.0,0.0,0.0,0.0
2024-02-02,0.0006976953488372139,0.01550550744186047,0.0,0.0,5.0530232558139545e-06,0.0,0.0,1.9069767441860468e-08,0.02176478139534884,0.0005812216279069769,0.49625160186046513,0.46282974023255824,0.0023591188372093026,1.1739534883720933e-06,4.087209302325582e-06,0.0,0.0,0.0,0.0,0.0,0.0
2024-02-03,0.0006818609090908989,0.015172924090909092,0.0,0.0,4.9381818181818185e-06,0.0,0.0,1.8636363636363636e-08,0.02127012727272727,0.0005680120454545455,0.48497955499999995,0.4750087979545455,0.0023055025000000002,1.1472727272727273e-06,7.116136363636364e-06,0.0,0.0,0.0,0.0,0.0,0.0
2024-02-04,0.0006818609090908989,0.01517292409090909,0.0,0.0,4.9381818181818185e-06,0.0,0.0,1.8636363636363636e-08,0.02127012727272727,0.0005680120454545455,0.48497955499999995,0.4750087979545455,0.0023055025000000002,1.1472727272727273e-06,7.116136363636364e-06,0.0,0.0,0.0,0.0,0.0,0.0
2024-02-05,0.0006818609090908989,0.01517292409090909,0.0,0.0,4.9381818181818185e-06,0.0,0.0,1.8636363636363636e-08,0.02127012727272727,0.0005680120454545455,0.48497955499999995,0.4750087979545455,0.0023055025000000002,1.1472727272727273e-06,7.116136363636364e-06,0.0,0.0,0.0,0.0,0.0,0.0
2024-02-06,0.0006439104545454458,0.01517292409090909,0.0,0.0,4.9381818181818185e-06,0.0,0.0,1.8636363636363636e-08,0.02127012727272727,0.0005680120454545455,0.48944951772727274,0.4705767856818182,0.0023055025000000002,1.1472727272727273e-06,7.116136363636364e-06,0.0,0.0,0.0,0.0,0.0,0.0
2024-02-07,0.0006874586666666565,0.014835748,0.0,0.0,4.828444444444444e-06,0.0,0.0,1.822222222222222e-08,0.020797457777777778,0.0005553957777777778,0.4818154035555555,0.4790394795555556,0.0022542691111111113,1.1217777777777778e-06,8.81911111111111e-06,0.0,0.0,0.0,0.0,0.0,0.0
2024-02-08,0.0007323131818181724,0.01517292409090909,0.0,0.0,4.9381818181818185e-06,0.0,0.0,1.8636363636363636e-08,0.02127012727272727,0.0005680184090909091,0.4545839354545454,0.5053520554545454,0.0023055025000000002,1.1472727272727273e-06,9.019545454545454e-06,0.0,0.0,0.0,0.0,0.0,0.0
2024-02-09,0.0007473095555555469,0.014835748,0.0,0.0,4.828444444444444e-06,0.0,0.0,1.822222222222222e-08,0.020797457777777778,0.0005553957777777778,0.462233048,0.4985619842222222,0.0022542691111111113,1.1217777777777778e-06,8.81911111111111e-06,0.0,0.0,0.0,0.0,0.0,0.0
2024-02-10,0.0007155187234042557,0.014204439574468085,0.0,0.0,4.622978723404255e-06,0.0,0.0,2.297872340425532e-08,0.019912459574468085,0.0005317619148936171,0.44740485382978723,0.5150567329787233,0.002158342765957447,1.0740425531914893e-06,1.017063829787234e-05,0.0,0.0,0.0,0.0,0.0,0.0
2024-02-11,0.0007155187234042557,0.014204439574468085,0.0,0.0,4.622978723404255e-06,0.0,0.0,2.297872340425532e-08,0.019912459574468085,0.0005317619148936171,0.44740485382978723,0.5150567329787233,0.002158342765957447,1.0740425531914893e-06,1.017063829787234e-05,0.0,0.0,0.0,0.0,0.0,0.0
2024-02-12,0.0007155187234042557,0.014204439574468085,0.0,0.0,4.622978723404255e-06,0.0,0.0,2.297872340425532e-08,0.019912459574468085,0.0005317619148936171,0.44740485382978723,0.5150567329787233,0.002158342765957447,1.0740425531914893e-06,1.017063829787234e-05,0.0,0.0,0.0,0.0,0.0,0.0
2024-02-13,0.0006580018367347007,0.013627082857142857,0.0,0.0,4.434285714285714e-06,0.0,0.0,4.2040816326530606e-08,0.019099722448979593,0.0005100873469387756,0.44915818102040816,0.5079998559183674,0.008931771836734693,1.0648979591836735e-06,9.755510204081632e-06,0.0,0.0,0.0,0.0,0.0,0.0
2024-02-14,0.0005663752000000191,0.0159562644,0.0,0.0,4.3508e-06,0.0,0.0,4.12e-08,0.018717733,0.0004998916,0.4661107216,0.4893792442,0.0087531364,1.0436e-06,1.1198e-05,0.0,0.0,0.0,0.0,0.0,0.0
2024-02-15,0.0004964582352941293,0.015653164901960784,1.3333333333333332e-08,0.0,4.270392156862745e-06,0.0,0.0,8.725490196078429e-08,0.018350742549019604,0.0004901170588235294,0.44318136529411767,0.5132253674509804,0.008582727450980392,1.0345098039215683e-06,1.4651568627450978e-05,0.0,0.0,0.0,0.0,0.0,0.0
2024-02-16,0.0004777326415094437,0.015063470754716982,1.2830188679245284e-08,0.0,4.109245283018868e-06,0.0,0.0,8.886792452830189e-08,0.01765826811320755,0.00047162207547169816,0.4475124996226415,0.5105382449056604,0.008258850943396227,1.0013207547169812e-06,1.4098679245283018e-05,0.0,0.0,0.0,0.0,0.0,0.0
2024-02-17,0.00045292452830190066,0.015071902264150944,1.9056603773584903e-08,0.0,4.288301886792452e-06,0.0,0.0,1.3943396226415093e-07,0.017658314905660374,0.0004716632075471698,0.44081652245283015,0.5172490628301886,0.008258850943396226,1.001320754716981e-06,1.531075471698113e-05,0.0,0.0,0.0,0.0,0.0,0.0
2024-02-18,0.00045292452830190066,0.015071902264150944,1.9056603773584903e-08,0.0,4.288301886792452e-06,0.0,0.0,1.3943396226415093e-07,0.017658314905660374,0.0004716632075471698,0.44081652245283015,0.5172490628301886,0.008258850943396226,1.001320754716981e-06,1.531075471698113e-05,0.0,0.0,0.0,0.0,0.0,0.0
2024-02-19,0.00045292452830190066,0.015071902264150944,1.9056603773584903e-08,0.0,4.288301886792452e-06,0.0,0.0,1.3943396226415093e-07,0.017658314905660374,0.0004716632075471698,0.44081652245283015,0.5172490628301886,0.008258850943396226,1.001320754716981e-06,1.531075471698113e-05,0.0,0.0,0.0,0.0,0.0,0.0
2024-02-20,0.0004047240384615549,0.005195624423076923,1.9423076923076924e-08,0.0,4.3707692307692306e-06,0.0,0.0,1.4211538461538462e-07,0.017997897884615387,0.00048073365384615393,0.4631559351923077,0.5019127705769231,0.010829247692307694,1.8592307692307693e-06,1.6675e-05,0.0,0.0,0.0,0.0,0.0,0.0
2024-02-21,0.018379160370370382,0.0069979087037037035,5.812962962962963e-07,2.814814814403621e-08,7.144999999999999e-06,0.0,1.6216666666666506e-06,4.016481481481482e-06,0.017331611666666667,0.00046301648148148154,0.43403286185185186,0.5123215074074073,0.010432795185185185,6.035370370370371e-06,2.171037037037037e-05,0.0,0.0,0.0,0.0,0.0,0.0
2024-02-22,0.01739731368421054,0.006629597719298246,5.507017543859649e-07,2.6666666662771153e-08,9.142456140350878e-06,0.0,1.5363157894736693e-06,4.7838596491228085e-06,0.01641942157894737,0.0004399615789473685,0.42386808000000004,0.5253131066666668,0.009886796315789474,7.3445614035087735e-06,2.2337894736842108e-05,0.0,0.0,0.0,0.0,0.0,0.0
2024-02-23,0.017349827719298258,0.006414455263157893,5.507017543859647e-07,2.6666666662771146e-08,9.148596491228069e-06,0.0,1.5363157894736689e-06,4.791754385964912e-06,0.016419427192982453,0.0004399656140350877,0.40936305912280696,0.540075585614035,0.009889114736842104,1.017280701754386e-05,2.23378947368421e-05,0.0,0.0,0.0,0.0,0.0,0.0
2024-02-24,0.017637274285714297,0.0056625707142857135,5.605357142857142e-07,2.7142857138892063e-08,1.16625e-05,0.0,1.5637499999999846e-06,6.713928571428572e-06,0.016712643214285713,0.00044783428571428576,0.42315553999999994,0.5216016416071428,0.01006570607142857,0.004673525178571428,2.2736785714285715e-05,0.0,0.0,0.0,0.0,0.0,0.0
2024-02-25,0.017637274285714297,0.0056625707142857135,5.605357142857142e-07,2.7142857138892063e-08,1.16625e-05,0.0,1.5637499999999846e-06,6.713928571428572e-06,0.016712643214285713,0.00044783428571428576,0.42315553999999994,0.5216016416071428,0.01006570607142857,0.004673525178571428,2.2736785714285715e-05,0.0,0.0,0.0,0.0,0.0,0.0
2024-02-26,0.017637274285714297,0.0056625707142857135,5.605357142857142e-07,2.7142857138892063e-08,1.16625e-05,0.0,1.5637499999999846e-06,6.713928571428572e-06,0.016712643214285713,0.00044783428571428576,0.42315553999999994,0.5216016416071428,0.01006570607142857,0.004673525178571428,2.2736785714285715e-05,0.0,0.0,0.0,0.0,0.0,0.0
2024-02-27,0.018574746792452843,0.005987068113207547,5.922641509433962e-07,2.8679245278829347e-08,1.2312641509433961e-05,0.0,1.65226415094338e-06,7.0867924528301895e-06,0.017658200566037736,0.00047318339622641513,0.4035713896226415,0.5335007967924529,0.01524457396226415,0.004942210566037736,2.615754716981132e-05,0.0,0.0,0.0,0.0,0.0,0.0
2024-02-28,0.018197512222222233,0.00789859537037037,5.812962962962962e-07,2.814814814403621e-08,1.5485925925925927e-05,0.0,1.6216666666666506e-06,7.525370370370371e-06,0.017331235,0.0004644207407407408,0.4067018337037037,0.5295256357407407,0.014962845555555555,0.004863125,2.7927037037037037e-05,1.6272222222222223e-06,0.0,0.0,0.0,0.0,0.0
2024-02-29,0.019251407450980387,0.00824190725490196,6.666666666666667e-07,2.9803921564273634e-08,1.2671176470588233e-05,0.0,1.7170588235293948e-06,8.079411764705883e-06,6.109803921568629e-07,1.741176470588235e-06,0.41040167901960783,0.5410505268627451,0.015847589607843136,0.005149736862745097,2.991372549019608e-05,1.7229411764705881e-06,0.0,0.0,0.0,0.0,0.0
2024-03-01,0.01960445319999999,0.008411321199999999,6.871999999999999e-07,3.0399999995559106e-08,1.3509199999999998e-05,0.0,2.0263999999999824e-06,8.2648e-06,6.596e-07,1.7759999999999996e-06,0.3929583852,0.5575466373999999,0.016166019799999997,0.0052527315999999985,3.17406e-05,1.7573999999999997e-06,0.0,0.0,0.0,0.0,0.0
2024-03-02,0.019604404800000003,0.0096373548,7.046e-07,3.6199999995559105e-08,1.35166e-05,0.0,2.026399999999983e-06,8.290400000000001e-06,6.596000000000001e-07,1.8012e-06,0.4024810436000001,0.546290595,0.016166019799999997,0.005252731599999999,0.000539058,1.7574e-06,0.0,0.0,0.0,0.0,0.0
2024-03-03,0.019604404800000003,0.0096373548,7.046e-07,3.6199999995559105e-08,1.35166e-05,0.0,2.026399999999983e-06,8.290400000000001e-06,6.596000000000001e-07,1.8012e-06,0.4024810436000001,0.546290595,0.016166019799999997,0.005252731599999999,0.000539058,1.7574e-06,0.0,0.0,0.0,0.0,0.0
2024-03-04,0.019604404800000003,0.0096373548,7.046e-07,3.6199999995559105e-08,1.35166e-05,0.0,2.026399999999983e-06,8.290400000000001e-06,6.596000000000001e-07,1.8012e-06,0.4024810436000001,0.546290595,0.016166019799999997,0.005252731599999999,0.000539058,1.7574e-06,0.0,0.0,0.0,0.0,0.0
2024-03-05,0.018844521923076916,0.009268020384615385,6.775e-07,3.480769230342222e-08,1.4419615384615385e-05,0.0,1.9484615384615217e-06,7.971538461538462e-06,2.0971153846153852e-06,1.731923076923077e-06,0.39955195442307695,0.5445095313461539,0.022223128846153843,0.005051976538461538,0.0005196065384615385,2.3790384615384615e-06,0.0,0.0,0.0,0.0,0.0
2024-03-06,0.019155398627450977,0.009455123137254903,7.037254901960785e-07,3.549019607407756e-08,1.4713529411764708e-05,0.0,1.98666666666665e-06,8.15450980392157e-06,2.2139215686274515e-06,1.7660784313725491e-06,0.41077557901960793,0.5322428956862746,0.02265888098039216,0.005151040588235295,0.0005290823529411766,2.425686274509804e-06,0.0,0.0,0.0,0.0,0.0
2024-03-07,0.019130083529411746,0.009461881960784313,7.037254901960783e-07,3.980392156427364e-08,1.4730980392156863e-05,0.0,1.9866666666666496e-06,8.20078431372549e-06,2.2362745098039218e-06,1.7849019607843135e-06,0.41284279647058825,0.5301933547058824,0.022658880980392156,0.005151040588235294,0.0005298529411764706,2.4256862745098036e-06,0.0,0.0,0.0,0.0,0.0
2024-03-08,0.019484542199999982,0.0096511196,7.177999999999999e-07,4.059999999555911e-08,1.50256e-05,0.0,2.026399999999983e-06,8.3648e-06,2.2810000000000003e-06,1.8205999999999998e-06,0.40512377239999997,0.5368012448,0.0231120586,0.005254061399999999,0.00054045,2.4742e-06,0.0,0.0,0.0,0.0,0.0
2024-03-09,0.0198821426530612,0.009848081224489796,7.467346938775512e-07,4.142857142403991e-08,1.5342244897959188e-05,0.0,2.067755102040799e-06,8.539183673469389e-06,2.347551020408164e-06,1.8675510204081635e-06,0.4087498695918368,0.5319843263265308,0.02358396918367347,0.0053642255102040815,0.0005539083673469389,2.5246938775510206e-06,0.0,0.0,0.0,0.0,0.0
2024-03-10,0.0198821426530612,0.009848081224489796,7.467346938775512e-07,4.142857142403991e-08,1.5342244897959188e-05,0.0,2.067755102040799e-06,8.539183673469389e-06,2.347551020408164e-06,1.8675510204081635e-06,0.4087498695918368,0.5319843263265308,0.02358396918367347,0.0053642255102040815,0.0005539083673469389,2.5246938775510206e-06,0.0,0.0,0.0,0.0,0.0
2024-03-11,0.0198821426530612,0.009848081224489796,7.467346938775512e-07,4.142857142403991e-08,1.5342244897959188e-05,0.0,2.067755102040799e-06,8.539183673469389e-06,2.347551020408164e-06,1.8675510204081635e-06,0.4087498695918368,0.5319843263265308,0.02358396918367347,0.0053642255102040815,0.0005539083673469389,2.5246938775510206e-06,0.0,0.0,0.0,0.0,0.0
2024-03-12,0.019883054081632604,0.01146295367346939,8.693877551020409e-07,5.46938775464889e-08,1.682591836734694e-05,0.0,2.0781632653061053e-06,1.1672244897959184e-05,2.5579591836734697e-06,1.9453061224489798e-06,0.3752180332653062,0.5637447761224491,0.018866698163265305,0.010228433877551022,0.000557522448979592,2.5246938775510206e-06,0.0,0.0,0.0,0.0,0.0
2024-03-13,0.027029729199999946,0.008639052800000002,8.640000000000001e-07,5.359999999555912e-08,0.0035824804000000004,0.0,3.416999999999983e-06,1.1461200000000001e-05,2.5104000000000006e-06,1.9246e-06,0.32753652000000005,0.6041188808000001,0.018493048,0.0100238652,0.0005537186000000001,2.4742000000000004e-06,0.0,0.0,0.0,0.0,0.0
2024-03-14,0.027581381224489755,0.00880763306122449,8.677551020408164e-07,5.4693877546488886e-08,0.003655596326530612,0.0,3.4867346938775333e-06,1.1673061224489796e-05,2.6026530612244895e-06,1.935510204081633e-06,0.32394187183673473,0.6063279963265307,0.018869186122448978,0.010228422040816325,0.0005647679591836734,2.52469387755102e-06,0.0,0.0,0.0,0.0,0.0
2024-03-15,0.027581307755102005,0.008811592857142857,8.677551020408165e-07,5.46938775464889e-08,0.0036556122448979595,0.0,3.486734693877534e-06,1.1713469387755104e-05,2.6291836734693885e-06,1.9646938775510205e-06,0.32579837877551027,0.6044640628571429,0.01886918612244898,0.010228415714285715,0.000568202448979592,2.5246938775510206e-06,0.0,0.0,0.0,0.0,0.0
2024-03-16,0.028752178723404215,0.009177046382978725,8.976595744680852e-07,5.702127659102034e-08,0.0038109682978723406,0.0,3.6351063829787057e-06,1.2154893617021278e-05,2.688297872340426e-06,2.0019148936170215e-06,0.3168585463829788,0.6104503810638299,0.01967213021276596,0.01066366744680851,0.0005910144680851065,2.632127659574468e-06,0.0,0.0,0.0,0.0,0.0
2024-03-17,0.028752178723404215,0.009177046382978725,8.976595744680852e-07,5.702127659102034e-08,0.0038109682978723406,0.0,3.6351063829787057e-06,1.2154893617021278e-05,2.688297872340426e-06,2.0019148936170215e-06,0.3168585463829788,0.6104503810638299,0.01967213021276596,0.01066366744680851,0.0005910144680851065,2.632127659574468e-06,0.0,0.0,0.0,0.0,0.0
2024-03-18,0.028752178723404215,0.009177046382978725,8.976595744680852e-07,5.702127659102034e-08,0.0038109682978723406,0.0,3.6351063829787057e-06,1.2154893617021278e-05,2.688297872340426e-06,2.0019148936170215e-06,0.3168585463829788,0.6104503810638299,0.01967213021276596,0.01066366744680851,0.0005910144680851065,2.632127659574468e-06,0.0,0.0,0.0,0.0,0.0
2024-03-19,0.0300271384444444,0.009573865333333332,9.375555555555555e-07,5.955555555062123e-08,0.0039803446666666666,0.0,3.7966666666666475e-06,1.269511111111111e-05,2.807777777777778e-06,2.0908888888888888e-06,0.29743858,0.6294425093333333,0.01775974088888889,0.01113663911111111,0.0006160455555555556,2.749111111111111e-06,0.0,0.0,0.0,0.0,0.0
2024-03-20,0.007870919166666632,0.006746462291666667,3.160416666666667e-07,3.416666666204074e-08,0.003728430833333334,0.0,1.734999999999982e-06,7.726458333333333e-06,2.5406250000000003e-06,2.008125e-06,0.29589373583333334,0.6580752508333334,0.016644576666666664,0.01043865125,0.0005850354166666668,2.5772916666666665e-06,0.0,0.0,0.0,0.0,0.0
2024-03-21,0.007708558367346913,0.006633019387755102,3.285714285714286e-07,3.346938775057052e-08,0.0036526179591836734,0.0,1.6995918367346762e-06,6.4489795918367345e-06,3.2889795918367347e-06,4.7040816326530617e-07,0.32323253224489795,0.6300444759183673,0.017914443877551017,0.010223725102040816,0.0005758324489795919,2.52469387755102e-06,0.0,0.0,0.0,0.0,0.0
2024-03-22,0.007266919230769207,0.006266137307692308,3.217307692307693e-07,3.153846153419145e-08,0.0034418832692307694,0.0,2.81865384615383e-06,6.11423076923077e-06,3.140384615384616e-06,4.6307692307692313e-07,0.34620334461538466,0.6095878403846156,0.017038637307692308,0.00963080230769231,0.0005491669230769232,2.379038461538462e-06,0.0,0.0,0.0,0.0,0.0
2024-03-23,0.0072669357692307516,0.006268117884615386,3.3961538461538474e-07,3.153846153419146e-08,0.0034416398076923082,0.0,2.8186538461538304e-06,4.150576923076923e-06,3.1428846153846163e-06,1.9475000000000004e-06,0.3320421284615385,0.628767191346154,0.017038637307692308,0.004608926153846156,0.0005516134615384617,2.379038461538462e-06,0.0,0.0,0.0,0.0,0.0
2024-03-24,0.0072669357692307516,0.006268117884615386,3.3961538461538474e-07,3.153846153419146e-08,0.0034416398076923082,0.0,2.8186538461538304e-06,4.150576923076923e-06,3.1428846153846163e-06,1.9475000000000004e-06,0.3320421284615385,0.628767191346154,0.017038637307692308,0.004608926153846156,0.0005516134615384617,2.379038461538462e-06,0.0,0.0,0.0,0.0,0.0
2024-03-25,0.0072669357692307516,0.006268117884615386,3.3961538461538474e-07,3.153846153419146e-08,0.0034416398076923082,0.0,2.8186538461538304e-06,4.150576923076923e-06,3.1428846153846163e-06,1.9475000000000004e-06,0.3320421284615385,0.628767191346154,0.017038637307692308,0.004608926153846156,0.0005516134615384617,2.379038461538462e-06,0.0,0.0,0.0,0.0,0.0
2024-03-26,0.006750527857142847,0.005822947321428572,3.153571428571429e-07,2.9285714281749208e-08,0.0031997719642857148,0.0,2.6173214285714132e-06,4.800535714285714e-06,3.4921428571428575e-06,1.8083928571428573e-06,0.3144364844642858,0.6373147417857143,0.027655300535714286,0.004289309285714286,0.000515644642857143,2.209107142857143e-06,0.0,0.0,0.0,0.0,0.0
2024-03-27,0.006517809137931048,0.014613496896551725,3.253448275862069e-07,2.827586206513716e-08,0.0030863118965517244,0.0,3.889137931034468e-06,4.180344827586207e-06,3.429137931034483e-06,1.7791379310344826e-06,0.2921225486206897,0.6517855006896551,0.026704708275862066,0.004134429137931035,0.001017441724137931,6.179310344827587e-07,3.5043103448275862e-06,0.0,0.0,0.0,0.0
2024-03-28,0.007048557288135613,0.020250140338983053,0.0007839318644067795,2.7796610165728056e-08,0.003071813898305085,0.0,5.989830508474562e-06,6.396101694915255e-06,4.4144067796610175e-06,2.6877966101694914e-06,0.2887024622033898,0.6487955591525423,0.026256621525423726,0.004067446779661017,0.0009998986440677966,6.074576271186442e-07,3.444915254237288e-06,0.0,0.0,0.0,0.0
2024-03-29,0.006709682580645186,0.01928385096774194,0.0007459938709677419,2.6451612899644443e-08,0.0029227098387096776,0.0,5.4782258064516e-06,7.84758064516129e-06,4.176612903225807e-06,2.557741935483871e-06,0.3088120170967742,0.6316694301612903,0.02501080467741935,0.0038710422580645163,0.0009505256451612903,5.780645161290323e-07,3.278225806451613e-06,0.0,0.0,0.0,0.0
2024-03-30,0.00660319238095241,0.01799773507936508,0.0007341388888888888,2.507936507584056e-08,0.002876317936507937,0.0,5.391269841269828e-06,7.717142857142856e-06,4.13e-06,2.5076190476190478e-06,0.30471931873015873,0.6380868298412699,0.024618679047619045,0.003809597142857143,0.0005306247619047619,5.68888888888889e-07,3.2261904761904764e-06,0.0,0.0,0.0,0.0
2024-03-31,0.00660319238095241,0.01799773507936508,0.0007341388888888888,2.507936507584056e-08,0.002876317936507937,0.0,5.391269841269828e-06,7.717142857142856e-06,4.13e-06,2.5076190476190478e-06,0.30471931873015873,0.6380868298412699,0.024618679047619045,0.003809597142857143,0.0005306247619047619,5.68888888888889e-07,3.2261904761904764e-06,0.0,0.0,0.0,0.0
2024-04-01,0.00660319238095241,0.01799773507936508,0.0007341388888888888,2.507936507584056e-08,0.002876317936507937,0.0,5.391269841269828e-06,7.717142857142856e-06,4.13e-06,2.5076190476190478e-06,0.30471931873015873,0.6380868298412699,0.024618679047619045,0.003809597142857143,0.0005306247619047619,5.68888888888889e-07,3.2261904761904764e-06,0.0,0.0,0.0,0.0
2024-04-02,0.005945068142857185,0.016213592,0.0006607302857142855,2.25714285682565e-08,0.002588254857142856,0.0,6.106714285714272e-06,1.0472714285714283e-05,3.210714285714285e-06,2.269428571428571e-06,0.2957491961428571,0.632503606142857,0.04239825085714285,0.0034328645714285706,0.00048276742857142845,0.0,3.587428571428571e-06,0.0,0.0,0.0,0.0
2024-04-03,0.005272910000000043,0.016514802405063294,0.0005854645569620253,1.9999999997189307e-08,0.002296045189873418,0.0,6.007088607594926e-06,1.148772151898734e-05,3.7073417721518992e-06,2.056455696202532e-06,0.289675037721519,0.6379842967088607,0.04416947746835442,0.0030429102531645573,0.00043259835443037976,0.0,3.1787341772151904e-06,0.0,0.0,0.0,0.0
2024-04-04,0.004686092921348365,0.01878098561797753,0.0005196858426966291,1.528089887390961e-08,0.0020391451685393257,0.0,5.332134831460665e-06,1.0821797752808987e-05,3.767752808988764e-06,1.820561797752809e-06,0.27862650415730333,0.644337557977528,0.047881605617977524,0.0027170796629213483,0.00038676393258426967,0.0,2.8215730337078656e-06,0.0,0.0,0.0,0.0
2024-04-05,0.004440183617021333,0.021299879361702127,0.0004920492553191489,1.44680851040208e-08,0.0019310831914893618,0.0,5.048510638297863e-06,1.0760744680851064e-05,4.114148936170213e-06,1.729787234042553e-06,0.2837564339361702,0.6397736313829787,0.04534035021276596,0.0025725541489361706,0.00036949574468085107,0.0,2.671489361702128e-06,0.0,0.0,0.0,0.0
2024-04-06,0.004305515154639227,0.02064657989690722,0.00047682690721649487,1.4020618554411912e-08,0.0018717111340206187,0.0,4.8923711340206105e-06,1.1757938144329898e-05,4.945051546391753e-06,2.0280412371134023e-06,0.2814480657731959,0.6430105851546393,0.04536599340206186,0.002491506288659794,0.00035667,0.0,2.9088659793814437e-06,0.0,0.0,0.0,0.0
2024-04-07,0.004305515154639227,0.02064657989690722,0.00047682690721649487,1.4020618554411912e-08,0.0018717111340206187,0.0,4.8923711340206105e-06,1.1757938144329898e-05,4.945051546391753e-06,2.0280412371134023e-06,0.2814480657731959,0.6430105851546393,0.04536599340206186,0.002491506288659794,0.00035667,0.0,2.9088659793814437e-06,0.0,0.0,0.0,0.0
2024-04-08,0.004305515154639227,0.02064657989690722,0.00047682690721649487,1.4020618554411912e-08,0.0018717111340206187,0.0,4.8923711340206105e-06,1.1757938144329898e-05,4.945051546391753e-06,2.0280412371134023e-06,0.2814480657731959,0.6430105851546393,0.04536599340206186,0.002491506288659794,0.00035667,0.0,2.9088659793814437e-06,0.0,0.0,0.0,0.0
2024-04-09,0.004264249285714351,0.019635470306122452,0.00047190000000000003,7.244897956917913e-09,0.001851870204081633,0.0,4.837244897959176e-06,1.0589081632653062e-05,4.789693877551022e-06,1.9534693877551024e-06,0.2820036777551021,0.6388128404081633,0.05174633448979592,3.455142857142858e-05,0.0011540104081632654,0.0,2.918979591836735e-06,0.0,0.0,0.0,0.0
2024-04-10,0.00039876970873792375,0.01870537038834951,0.00044930310679611635,6.893203881339372e-09,9.289922330097086e-05,0.0,4.174951456310671e-06,1.2735825242718444e-05,7.956019417475728e-06,3.4544660194174756e-06,0.2838500448543689,0.6459776118446601,0.049245249417475725,0.00015283776699029123,0.0010968082524271843,0.0,2.7772815533980576e-06,0.0,0.0,0.0,0.0
2024-04-11,0.00038510342592597616,0.017846447962962964,0.000428504074074074,6.5740740720181056e-09,9.105064814814814e-05,0.0,3.981666666666659e-06,1.3079259259259256e-05,8.889722222222222e-06,3.784537037037037e-06,0.27908061055555555,0.6539650014814815,0.04697530287037037,0.00014647814814814814,0.0010491103703703705,0.0,2.6487037037037037e-06,0.0,0.0,0.0,0.0
2024-04-12,0.0003833822935780315,0.01884948513761468,0.00042457284403669716,6.513761465852802e-09,9.020816513761468e-05,0.0,4.583486238532102e-06,1.2938715596330273e-05,8.793119266055045e-06,3.7396330275229355e-06,0.26702152944954133,0.6645754725688073,0.04728981642201835,0.00014753798165137612,0.001185309266055046,0.0,2.6244036697247704e-06,0.0,0.0,0.0,0.0
2024-04-13,0.0003803878181818657,0.018678882363636365,0.0004207130909090909,6.454545452526868e-09,8.951572727272728e-05,0.0,4.541818181818175e-06,1.2821090909090909e-05,8.713181818181819e-06,3.705636363636364e-06,0.2691365405454546,0.663077962,0.046860592545454556,0.00014619672727272728,0.001176820454545455,0.0,2.6005454545454548e-06,0.0,0.0,0.0,0.0
2024-04-14,0.0003803878181818657,0.018678882363636365,0.0004207130909090909,6.454545452526868e-09,8.951572727272728e-05,0.0,4.541818181818175e-06,1.2821090909090909e-05,8.713181818181819e-06,3.705636363636364e-06,0.2691365405454546,0.663077962,0.046860592545454556,0.00014619672727272728,0.001176820454545455,0.0,2.6005454545454548e-06,0.0,0.0,0.0,0.0
2024-04-15,0.00037541705357147686,0.01834750705357143,0.0004132003571428571,6.339285712303173e-09,8.833624999999999e-05,0.0,4.460714285714278e-06,1.2770714285714286e-05,8.557589285714285e-06,3.6394642857142855e-06,0.26916607035714285,0.6516118392857143,0.058665627946428565,0.00014420696428571426,0.0011558058035714288,0.0,2.554107142857143e-06,0.0,0.0,0.0,0.0
2024-04-16,0.00036702974137936046,0.017720906379310345,0.00039895206896551716,6.120689653258236e-09,8.547982758620689e-05,0.0,4.30689655172413e-06,1.3482672413793104e-05,8.262500000000001e-06,3.5139655172413793e-06,0.26614111991379313,0.6568858206034482,0.05664420810344827,0.00014056474137931032,0.001118558879310345,0.00046532155172413793,2.4660344827586206e-06,0.0,0.0,0.0,0.0
2024-04-17,0.00038910445454550343,0.018685158636363636,0.0004206825454545454,2.0909090888905035e-09,9.007218181818181e-05,0.0,4.614818181818174e-06,1.4824727272727273e-05,8.604636363636364e-06,3.6416363636363634e-06,0.2737759672727273,0.6450519963636363,0.059736515,0.00015198581818181816,0.0011735265454545457,0.0004907027272727273,2.6005454545454543e-06,0.0,0.0,0.0,0.0
2024-04-18,0.00040760980952385655,0.019563616095238098,0.0004407061904761905,2.1904761883614804e-09,9.294333333333336e-05,0.0,4.8345714285714215e-06,1.5521904761904766e-05,8.640952380952383e-06,3.800000000000001e-06,0.2643538630476191,0.651376968,0.06182830600000001,0.0001592232380952381,0.0012271707619047622,0.0005140695238095239,2.724380952380953e-06,0.0,0.0,0.0,0.0
2024-04-19,0.0004129985714286173,0.022066399238095245,0.00044070666666666666,2.1904761883614804e-09,0.000689281142857143,0.0,8.634761904761897e-06,1.5927904761904762e-05,8.619904761904763e-06,3.7992380952380957e-06,0.2468663288571429,0.6636280980000001,0.06390228619047619,0.0001605332380952381,0.0012260856190476194,0.0005675740952380953,2.7243809523809527e-06,0.0,0.0,0.0,0.0
2024-04-20,0.0004105846226415609,0.021859825471698114,0.0004365422641509433,2.1698113186599563e-09,0.0006818905660377361,0.0,8.837924528301879e-06,1.687877358490566e-05,8.531037735849058e-06,3.02877358490566e-06,0.24563516396226415,0.6652117909433961,0.06378748141509434,0.00016076396226415092,0.001213759811320755,0.0005622196226415094,2.6986792452830188e-06,0.0,0.0,0.0,0.0
2024-04-21,0.0004105846226415609,0.021859825471698114,0.0004365422641509433,2.1698113186599563e-09,0.0006818905660377361,0.0,8.837924528301879e-06,1.687877358490566e-05,8.531037735849058e-06,3.02877358490566e-06,0.24563516396226415,0.6652117909433961,0.06378748141509434,0.00016076396226415092,0.001213759811320755,0.0005622196226415094,2.6986792452830188e-06,0.0,0.0,0.0,0.0
2024-04-22,0.0004105846226415609,0.021859825471698114,0.0004365422641509433,2.1698113186599563e-09,0.0006818905660377361,0.0,8.837924528301879e-06,1.687877358490566e-05,8.531037735849058e-06,3.02877358490566e-06,0.24563516396226415,0.6652117909433961,0.06378748141509434,0.00016076396226415092,0.001213759811320755,0.0005622196226415094,2.6986792452830188e-06,0.0,0.0,0.0,0.0
2024-04-23,0.0004155720952381456,0.022144727142857146,0.00044069980952380944,2.19047618836148e-09,0.0006865245714285715,0.0,8.922095238095229e-06,1.9455619047619046e-05,8.306285714285714e-06,3.057619047619047e-06,0.2511328391428571,0.6579053338095238,0.06527248933333332,0.00016094885714285713,0.0012304890476190478,0.000567908,2.7243809523809523e-06,0.0,0.0,0.0,0.0
2024-04-24,0.0004263667961165424,0.016097491844660198,0.00044924747572815533,2.2330097065820914e-09,0.00070105572815534,0.0,9.077281553398053e-06,2.0560485436893207e-05,8.426601941747574e-06,3.102815533980583e-06,0.2678366488349515,0.6451744627184466,0.06756507330097088,0.00016894873786407768,0.0009597958252427186,0.0005789353398058253,8.03980582524272e-07,0.0,0.0,0.0,0.0
2024-04-25,5.849330188683483e-05,0.0123764620754717,3.518867924528302e-07,2.1698113186599563e-09,0.0006603316981132075,0.0,7.975849056603766e-06,2.0534622641509434e-05,7.554811320754718e-06,2.488018867924528e-06,0.2620327483962264,0.6523651745283018,0.07009202226415094,0.00016941575471698112,0.0009355064150943397,0.0012701569811320755,7.812264150943396e-07,0.0,0.0,0.0,0.0
2024-04-26,5.800152380957098e-05,0.014820845142857147,3.552380952380953e-07,2.1904761883614804e-09,0.0006682727619047621,0.0,8.051809523809517e-06,2.1404380952380956e-05,7.623714285714288e-06,2.5117142857142864e-06,0.24935924190476197,0.6601161236190477,0.07253708485714287,0.0001721411428571429,0.0009452976190476194,0.0012822537142857147,7.886666666666669e-07,0.0,0.0,0.0,0.0
2024-04-27,5.7621886792493885e-05,0.024069825660377363,3.8415094339622654e-07,0.0,0.0006620001886792454,0.0,7.975849056603768e-06,2.339037735849057e-05,7.643962264150946e-06,2.5110377358490577e-06,0.2442345826415095,0.6525737943396227,0.07598052726415096,0.0001724247169811321,0.0009363797169811323,0.001270156981132076,7.812264150943398e-07,0.0,0.0,0.0,0.0
2024-04-28,5.7621886792493885e-05,0.024069825660377363,3.8415094339622654e-07,0.0,0.0006620001886792454,0.0,7.975849056603768e-06,2.339037735849057e-05,7.643962264150946e-06,2.5110377358490577e-06,0.2442345826415095,0.6525737943396227,0.07598052726415096,0.0001724247169811321,0.0009363797169811323,0.001270156981132076,7.812264150943398e-07,0.0,0.0,0.0,0.0
2024-04-29,5.698747663555717e-05,0.023844874018691592,3.905607476635515e-07,0.0,0.0006558336448598133,0.0,7.903271028037377e-06,2.321401869158879e-05,7.60495327102804e-06,2.5007476635514026e-06,0.2432927543925234,0.6508073202803739,0.07894010056074768,0.00017315897196261683,0.0009282968224299068,0.0012582863551401872,7.7392523364486e-07,0.0,0.0,0.0,0.0
2024-04-30,5.855796116508495e-05,0.024762657087378646,4.0213592233009716e-07,0.0,0.000680886019417476,0.0,7.357572815533973e-06,2.2333009708737867e-05,7.509029126213594e-06,2.5999029126213595e-06,0.24188075466019418,0.6591216255339806,0.07100951398058254,0.00017637009708737868,0.000961941941747573,0.0013071518446601943,3.392233009708738e-07,0.0,0.0,0.0,0.0
2024-05-01,5.6312500000045414e-05,0.0258213544,4.0500000000000004e-07,0.0,0.0006996363000000001,0.0,7.107399999999991e-06,2.12736e-05,7.053000000000001e-06,2.6488999999999997e-06,0.2514575946,0.649090392,0.0679483676,0.0017890168,0.0013143978,0.0017840907000000001,3.494e-07,0.0,0.0,0.0,0.0
2024-05-02,5.515505376348792e-05,0.023818973010752684,4.3182795698924726e-07,0.0,0.0007512682795698924,0.0,7.642365591397839e-06,2.2276451612903224e-05,7.1174193548387095e-06,2.885376344086021e-06,0.252465076344086,0.6503400969892472,0.06728973548387096,0.0019091866666666663,0.0014114019354838708,0.0019183770967741932,3.7569892473118274e-07,0.0,0.0,0.0,0.0
2024-05-03,5.4086914893656985e-05,0.024568109787234046,4.24468085106383e-07,0.0,0.0007442305319148938,0.0,7.990638297872331e-06,2.1732021276595745e-05,6.530000000000001e-06,2.858829787234042e-06,0.24231139904255317,0.6486735134042553,0.06670094074468084,0.012434728723404256,0.0025751143617021278,0.001897968829787234,3.7170212765957446e-07,0.0,0.0,0.0,0.0
2024-05-04,5.393358695656972e-05,0.025099013913043478,4.3065217391304345e-07,0.0,0.0007613080434782609,0.0,8.164347826086945e-06,2.0803043478260865e-05,6.1553260869565206e-06,2.5547826086956517e-06,0.2426412713043478,0.6393332189130434,0.07432739847826085,0.013176082826086954,0.002630393369565217,0.0019392290217391302,4.239130434782608e-08,0.0,0.0,0.0,0.0
2024-05-05,5.393358695656972e-05,0.025099013913043478,4.3065217391304345e-07,0.0,0.0007613080434782609,0.0,8.164347826086945e-06,2.0803043478260865e-05,6.155326086956522e-06,2.5547826086956517e-06,0.2426412713043478,0.6393332189130434,0.07432739847826085,0.013176082826086954,0.002630393369565217,0.0019392290217391302,4.239130434782608e-08,0.0,0.0,0.0,0.0
2024-05-06,5.393358695656972e-05,0.025099013913043478,4.3065217391304345e-07,0.0,0.0007613080434782609,0.0,8.164347826086945e-06,2.0803043478260865e-05,6.155326086956522e-06,2.5547826086956517e-06,0.2426412713043478,0.6393332189130434,0.07432739847826085,0.013176082826086954,0.002630393369565217,0.0019392290217391302,4.239130434782608e-08,0.0,0.0,0.0,0.0
2024-05-07,5.2442553191532143e-05,0.024960859042553185,4.2148936170212764e-07,0.0,0.0007451263829787234,0.0,7.99063829787233e-06,1.9831702127659572e-05,6.295425531914893e-06,2.500425531914893e-06,0.2369363492553191,0.6373564849999999,0.08284979904255317,0.012902768191489361,0.0017414279787234042,0.0024177028723404255,0.0,0.0,0.0,0.0,0.0
2024-05-08,0.0001492866666667106,0.02574553172043011,9.731182795698924e-08,3.440860212666187e-09,0.0006868866666666668,0.0,7.807849462365581e-06,1.867e-05,2.6430107526881723e-06,7.849462365591398e-07,0.22202002333333334,0.6311540398924731,0.0866632305376344,0.023905558494623655,0.007201736451612903,0.002443699677419355,0.0,0.0,0.0,0.0,0.0
2024-05-09,0.00014632119565222197,0.02602129586956522,1.0445652173913044e-07,6.847826084542993e-09,0.0006914785869565218,0.0,8.781956521739122e-06,1.778663043478261e-05,1.1284782608695653e-06,2.2782608695652174e-07,0.22236537684782612,0.6262367272826086,0.0878328454347826,0.025093472173913046,0.009114184782608696,0.0024702616304347826,0.0,0.0,0.0,0.0,0.0
2024-05-10,0.0001411325263158306,0.02432427757894737,1.0378947368421053e-07,6.6315789450311096e-09,0.0006698641052631579,0.0,7.77221052631578e-06,1.724105263157895e-05,1.6172631578947368e-06,1.985894736842105e-06,0.22577682494736842,0.6251855009473684,0.08420770294736842,0.02530602242105263,0.011869118315789472,0.0024908293684210527,0.0,0.0,0.0,0.0,0.0
2024-05-11,0.00014053810526320083,0.024325080421052633,1.088421052631579e-07,6.6315789450311096e-09,0.0006703647368421054,0.0,7.77221052631578e-06,1.7247578947368422e-05,1.6308421052631578e-06,1.9886315789473685e-06,0.22707408673684212,0.6238837868421052,0.08421085094736841,0.025307048631578944,0.01186865947368421,0.0024908293684210527,0.0,0.0,0.0,0.0,0.0
2024-05-12,0.00014053810526320083,0.024325080421052633,1.088421052631579e-07,6.6315789450311096e-09,0.0006703647368421054,0.0,7.77221052631578e-06,1.7247578947368422e-05,1.6308421052631578e-06,1.9886315789473685e-06,0.22707408673684212,0.6238837868421052,0.08421085094736841,0.025307048631578944,0.01186865947368421,0.0024908293684210527,0.0,0.0,0.0,0.0,0.0
2024-05-13,0.00014136634408606338,0.024845579677419353,1.1118279569892472e-07,6.774193545999519e-09,0.000684276559139785,0.0,7.939354838709666e-06,1.7403440860215053e-05,1.6659139784946233e-06,2.031397849462365e-06,0.22613395505376344,0.6368495652688171,0.07079726548387096,0.025850538494623647,0.012123899462365589,0.002544395591397849,0.0,0.0,0.0,0.0,0.0
2024-05-14,0.00013598715789477788,0.026182288210526324,2.932631578947369e-07,5.263157894503112e-08,0.0006710769473684212,3.0526315789473685e-09,7.776105263157887e-06,1.9058421052631583e-05,1.970526315789474e-06,2.0148421052631582e-06,0.22655188673684215,0.6212917452631579,0.08324008315789475,0.025605403473684212,0.014330048947368421,0.001960311263157895,0.0,0.0,0.0,0.0,0.0
2024-05-15,0.008795096597938194,0.02567220206185568,7.446391752577323e-07,5.154639175028822e-08,0.0006572403092783508,2.989690721649485e-09,7.5329896907216435e-06,1.906917525773196e-05,2.45958762886598e-06,1.9732989690721657e-06,0.2124561073195877,0.6272894368041239,0.08406453505154642,0.025077674226804132,0.014034584020618558,0.0019198924742268048,8.237113402061858e-07,5.7319587628866e-07,0.0,0.0,0.0
2024-05-16,0.008795096597938193,0.025672202061855675,7.446391752577322e-07,5.154639175028821e-08,0.0006572403092783507,2.9896907216494847e-09,7.532989690721642e-06,1.906917525773196e-05,2.4595876288659795e-06,1.9732989690721653e-06,0.21245610731958764,0.6272894368041237,0.0840645350515464,0.02507767422680413,0.014034584020618556,0.0019198924742268046,8.237113402061857e-07,5.731958762886599e-07,0.0,0.0,0.0
2024-05-17,0.008882158750000044,0.023196526250000002,7.453125e-07,5.208333333102037e-08,1.2349270833333333e-05,3.020833333333333e-09,3.548124999999991e-06,1.9381041666666665e-05,3.018958333333333e-06,1.9815625e-06,0.21318761781249998,0.6213896745833333,0.08347584000000001,0.025352554583333336,0.022591766458333332,0.0018813707291666668,8.322916666666667e-07,5.791666666666667e-07,0.0,0.0,0.0
2024-05-18,0.009069484361702164,0.023686347234042553,7.589361702127659e-07,5.319148935933995e-08,1.2347659574468082e-05,3.0851063829787228e-09,3.3026595744680753e-06,1.854382978723404e-05,3.0831914893617016e-06,2.023723404255319e-06,0.2164840478723404,0.615133644574468,0.08470157085106382,0.025890002659574463,0.02307194478723404,0.0019213998936170212,8.499999999999999e-07,5.914893617021275e-07,0.0,0.0,0.0
2024-05-19,0.009069484361702164,0.023686347234042553,7.589361702127659e-07,5.319148935933995e-08,1.2347659574468082e-05,3.0851063829787228e-09,3.3026595744680753e-06,1.854382978723404e-05,3.0831914893617016e-06,2.023723404255319e-06,0.2164840478723404,0.615133644574468,0.08470157085106382,0.025890002659574463,0.02307194478723404,0.0019213998936170212,8.499999999999999e-07,5.914893617021275e-07,0.0,0.0,0.0
2024-05-20,0.009069484361702164,0.023686347234042553,7.589361702127659e-07,5.319148935933995e-08,1.2347659574468082e-05,3.0851063829787228e-09,3.3026595744680753e-06,1.854382978723404e-05,3.0831914893617016e-06,2.023723404255319e-06,0.2164840478723404,0.615133644574468,0.08470157085106382,0.025890002659574463,0.02307194478723404,0.0019213998936170212,8.499999999999999e-07,5.914893617021275e-07,0.0,0.0,0.0
2024-05-21,0.009469661111111147,0.024645646888888886,7.926666666666666e-07,5.5555555553088386e-08,1.2600444444444443e-05,3.2222222222222216e-09,3.449444444444434e-06,1.596033333333333e-05,3.2202222222222217e-06,2.1136666666666664e-06,0.21410828133333332,0.622370792222222,0.07623774033333332,0.027033829888888885,0.024087941222222218,0.002006405888888889,8.877777777777777e-07,6.177777777777777e-07,0.0,0.0,0.0
2024-05-22,0.010020534235294159,0.02569985047058824,8.367058823529414e-07,5.882352940915243e-08,1.1857058823529415e-05,3.411764705882353e-09,2.744823529411755e-06,1.5966352941176474e-05,3.395882352941177e-06,2.2325882352941184e-06,0.19895384682352946,0.6295656791764707,0.0794776231764706,0.028615005176470594,0.02550434141176471,0.002124429764705883,9.400000000000002e-07,6.541176470588237e-07,0.0,0.0,0.0
2024-05-23,0.010779357594936747,0.027634687468354444,8.935443037974685e-07,6.329113923769566e-08,1.2199493670886081e-05,3.670886075949368e-09,2.4683544303797368e-06,1.4647721518987346e-05,3.639746835443039e-06,2.3750632911392415e-06,0.20262232759493679,0.6198231762025318,0.07955120455696205,0.030777953291139252,0.027436955189873425,0.0013363320253164562,1.0113924050632916e-06,7.037974683544306e-07,0.0,0.0,0.0
2024-05-24,0.011352699333333358,0.025837163733333335,9.411999999999998e-07,6.666666666370608e-08,1.0534133333333335e-05,3.8666666666666665e-09,2.5999999999999882e-06,1.3013466666666667e-05,3.8338666666666664e-06,2.5017333333333335e-06,0.2037696976,0.6149969258666665,0.08128403293333332,0.03241755066666667,0.028899025199999998,0.0014076030666666667,1.0653333333333334e-06,7.413333333333334e-07,0.0,0.0,0.0
2024-05-25,0.011206214210526356,0.012401924868421055,8.98026315789474e-07,6.57894736812889e-08,1.035263157894737e-05,3.815789473684211e-09,2.568684210526305e-06,1.0800000000000002e-05,3.6706578947368422e-06,2.4280263157894742e-06,0.21422530684210528,0.6043208521052632,0.07529667710526317,0.045045979210526325,0.036081393157894735,0.0013890819736842109,1.0513157894736845e-06,7.315789473684212e-07,0.0,0.0,0.0
2024-05-26,0.011206214210526356,0.012401924868421055,8.98026315789474e-07,6.57894736812889e-08,1.035263157894737e-05,3.815789473684211e-09,2.568684210526305e-06,1.0800000000000002e-05,3.6706578947368422e-06,2.4280263157894742e-06,0.21422530684210528,0.6043208521052632,0.07529667710526317,0.045045979210526325,0.036081393157894735,0.0013890819736842109,1.0513157894736845e-06,7.315789473684212e-07,0.0,0.0,0.0
2024-05-27,0.011355767200000037,0.01256728386666667,8.957333333333336e-07,6.666666666370609e-08,1.0461600000000002e-05,3.866666666666667e-09,2.6001333333333223e-06,1.0883733333333336e-05,3.673333333333334e-06,2.441600000000001e-06,0.21516885813333336,0.6061976492000001,0.07106523453333334,0.04564324573333334,0.03656152493333334,0.0014076030666666669,1.0653333333333336e-06,7.413333333333335e-07,0.0,0.0,0.0
2024-05-28,0.0118283016666667,0.013087708194444443,9.330555555555556e-07,6.94444444413605e-08,1.0885555555555556e-05,4.027777777777777e-09,2.70847222222221e-06,1.0466805555555554e-05,3.821805555555556e-06,2.5281944444444445e-06,0.19906843833333332,0.6134493663888889,0.07157392847222221,0.04755024597222222,0.04194245847222222,0.0014662531944444445,1.1097222222222223e-06,7.722222222222223e-07,0.0,0.0,0.0
2024-05-29,0.01252878323529414,0.010926208529411764,9.832352941176472e-07,2.79411764702617e-07,1.1295588235294117e-05,4.2647058823529406e-09,4.605882352941164e-06,1.2260735294117647e-05,4.640294117647059e-06,2.662352941176471e-06,0.16904588544117646,0.6168449204411764,0.07575045058823528,0.048417896323529414,0.062464628970588236,0.00398250205882353,1.175e-06,8.176470588235294e-07,0.0,0.0,0.0
2024-05-30,0.012908496818181832,0.01126160106060606,1.0130303030303032e-06,2.878787878754236e-07,1.1614242424242424e-05,4.393939393939393e-09,4.745454545454533e-06,1.2613333333333333e-05,4.794090909090909e-06,2.682727272727273e-06,0.16959771333333334,0.5958416321212122,0.07450062212121211,0.05660050136363636,0.07514644106060606,0.00410318393939394,1.2106060606060606e-06,8.424242424242425e-07,0.0,0.0,0.0
2024-05-31,0.01373690951612905,0.005140442741935485,1.0730645161290323e-06,3.0645161289964446e-07,1.0312419354838712e-05,4.67741935483871e-09,4.400322580645147e-06,1.586483870967742e-05,5.088225806451613e-06,2.8403225806451616e-06,0.16399820225806452,0.6106373720967742,0.07910593564516127,0.044264621451612904,0.07870635919354838,0.0043679054838709685,1.4645161290322583e-06,8.967741935483871e-07,0.0,0.0,0.0
2024-06-01,0.013736619193548402,0.00514773741935484,1.0730645161290323e-06,3.064516128996445e-07,1.0992903225806454e-05,4.67741935483871e-09,5.357419354838696e-06,1.746951612903226e-05,4.34e-06,2.825645161290323e-06,0.16122606451612903,0.6123258003225807,0.07681083112903227,0.04763328677419355,0.07870635919354839,0.0043679054838709685,1.4645161290322585e-06,1.5617741935483875e-06,0.0,0.0,0.0
2024-06-02,0.013736619193548402,0.00514773741935484,1.0730645161290323e-06,3.064516128996445e-07,1.0992903225806454e-05,4.67741935483871e-09,5.357419354838696e-06,1.746951612903226e-05,4.34e-06,2.825645161290323e-06,0.16122606451612903,0.6123258003225807,0.07681083112903227,0.04763328677419355,0.07870635919354839,0.0043679054838709685,1.4645161290322585e-06,1.5617741935483875e-06,0.0,0.0,0.0
2024-06-03,0.013736619193548402,0.00514773741935484,1.0730645161290323e-06,3.064516128996445e-07,1.0992903225806454e-05,4.67741935483871e-09,5.357419354838696e-06,1.746951612903226e-05,4.34e-06,2.825645161290323e-06,0.16122606451612903,0.6123258003225807,0.07681083112903227,0.04763328677419355,0.07870635919354839,0.0043679054838709685,1.4645161290322585e-06,1.5617741935483875e-06,0.0,0.0,0.0
2024-06-04,0.015479981272727287,0.005111695636363637,1.209636363636364e-06,3.454545454505083e-07,1.2364000000000002e-05,5.272727272727273e-09,6.039272727272711e-06,1.9656363636363638e-05,4.4140000000000004e-06,3.1852727272727278e-06,0.15685657200000003,0.6208515416363637,0.055214604181818186,0.05368264272727273,0.08871678381818182,0.004035548000000001,1.6509090909090913e-06,1.760545454545455e-06,0.0,0.0,0.0
2024-06-05,0.01651067784313728,0.024174909607843135,1.2686274509803922e-06,3.662745097995677e-07,8.989411764705884e-06,5.686274509803921e-09,7.66823529411763e-06,2.3117254901960785e-05,4.727647058823529e-06,4.574705882352942e-06,0.14697484470588237,0.6056245919607842,0.0583119305882353,0.04459524921568627,0.09760482764705883,0.006147773725490196,1.7803921568627453e-06,2.6964705882352943e-06,0.0,0.0,0.0
2024-06-06,0.016196586346153875,0.023715830384615385,1.6651923076923075e-06,3.532692307649607e-07,1.4157115384615384e-05,5.576923076923076e-09,6.3357692307692134e-06,2.9950961538461533e-05,4.627884615384615e-06,4.577307692307692e-06,0.13307645923076922,0.5781272263461538,0.07768222942307691,0.07145977519230769,0.09362575134615383,0.0060500778846153845,1.7461538461538461e-06,2.6446153846153842e-06,0.0,0.0,0.0
2024-06-07,0.018306132391304387,0.025846781739130426,1.8769565217391296e-06,3.9934782608212936e-07,1.5545869565217386e-05,6.304347826086954e-09,7.162173913043457e-06,3.382434782608694e-05,4.148478260869564e-06,1.521739130434782e-06,0.12515803739130432,0.5582731573913041,0.08780670978260867,0.07869942652173911,0.09920466847826083,0.006635637608695651,1.9739130434782605e-06,2.9895652173913035e-06,0.0,0.0,0.0
2024-06-08,0.01792132702127663,0.02530228702127659,1.8268085106382975e-06,3.9085106382506285e-07,1.3904468085106382e-05,6.1702127659574456e-09,7.009787234042534e-06,3.480021276595744e-05,4.045106382978723e-06,1.4838297872340422e-06,0.11044602957446806,0.5444640357446808,0.08701793999999999,0.11119609531914891,0.0970895063829787,0.006494453829787234,1.9319148936170214e-06,2.9259574468085103e-06,0.0,0.0,0.0
2024-06-09,0.01792132702127663,0.02530228702127659,1.8268085106382975e-06,3.9085106382506285e-07,1.3904468085106382e-05,6.1702127659574456e-09,7.009787234042534e-06,3.480021276595744e-05,4.045106382978723e-06,1.4838297872340422e-06,0.11044602957446806,0.5444640357446808,0.08701793999999999,0.11119609531914891,0.0970895063829787,0.006494453829787234,1.9319148936170214e-06,2.9259574468085103e-06,0.0,0.0,0.0
2024-06-10,0.01792132702127663,0.02530228702127659,1.8268085106382975e-06,3.9085106382506285e-07,1.3904468085106382e-05,6.1702127659574456e-09,7.009787234042534e-06,3.480021276595744e-05,4.045106382978723e-06,1.4838297872340422e-06,0.11044602957446806,0.5444640357446808,0.08701793999999999,0.11119609531914891,0.0970895063829787,0.006494453829787234,1.9319148936170214e-06,2.9259574468085103e-06,0.0,0.0,0.0
2024-06-11,0.019141934772727298,0.030598767954545456,1.5531818181818179e-06,3.181818181767717e-07,3.360613636363636e-05,0.0,1.079749999999998e-05,3.774772727272727e-05,5.742727272727273e-06,1.528409090909091e-06,0.09257437886363636,0.5588485931818181,0.07273431704545454,0.11813535204545454,0.10098665749999998,0.006882005681818183,2.063636363636364e-06,4.6354545454545455e-06,0.0,0.0,0.0
2024-06-12,5.31102272727439e-05,0.031932548181818184,5.504545454545455e-07,3.181818181767717e-07,3.360613636363636e-05,0.0,1.9095227272727252e-05,4.121454545454545e-05,4.823863636363637e-06,1.542727272727273e-06,0.08237584454545455,0.5438900052272727,0.08787486227272727,0.13563139999999999,0.10975612886363635,0.008381330000000001,2.477272727272727e-07,3.3718181818181816e-06,0.0,0.0,0.0
2024-06-13,5.329215686274945e-05,0.02763154117647059,4.868627450980392e-07,2.745098039172148e-07,3.467039215686275e-05,2.6078431372549018e-08,1.8867254901960766e-05,4.18178431372549e-05,5.7113725490196075e-06,2.5121568627450983e-06,0.0712382743137255,0.5761031741176471,0.08623842411764705,0.12627782549019606,0.10201351666666665,0.010336441568627452,2.1372549019607843e-07,2.9301960784313726e-06,0.0,0.0,0.0
2024-06-14,5.061450980392334e-05,0.02762638529411765,4.913725490196079e-07,2.745098039172148e-07,0.0033099035294117648,2.6078431372549018e-08,2.1210196078431356e-05,4.134392156862745e-05,4.7101960784313725e-06,2.5205882352941176e-06,0.07591255901960785,0.5531452301960784,0.08503816607843137,0.1387284594117647,0.08617661705882351,0.02993834411764706,2.1372549019607843e-07,2.9301960784313726e-06,0.0,0.0,0.0
2024-06-15,4.7793703703702997e-05,0.02609908851851852,4.688888888888889e-07,2.592592592551473e-07,0.0031260199999999998,2.462962962962963e-08,2.0031851851851836e-05,3.905407407407408e-05,4.454814814814814e-06,2.3805555555555557e-06,0.07423743629629628,0.5629770505555556,0.08811110833333334,0.13178219222222223,0.08527456425925926,0.02827510277777778,2.0185185185185187e-07,2.7674074074074074e-06,0.0,0.0,0.0
2024-06-16,4.7793703703702997e-05,0.02609908851851852,4.688888888888889e-07,2.592592592551473e-07,0.0031260199999999998,2.462962962962963e-08,2.0031851851851836e-05,3.905407407407408e-05,4.454814814814814e-06,2.3805555555555557e-06,0.07423743629629628,0.5629770505555556,0.08811110833333334,0.13178219222222223,0.08527456425925926,0.02827510277777778,2.0185185185185187e-07,2.7674074074074074e-06,0.0,0.0,0.0
2024-06-17,4.7793703703702997e-05,0.02609908851851852,4.688888888888889e-07,2.592592592551473e-07,0.0031260199999999998,2.462962962962963e-08,2.0031851851851836e-05,3.905407407407408e-05,4.454814814814814e-06,2.3805555555555557e-06,0.07423743629629628,0.5629770505555556,0.08811110833333334,0.13178219222222223,0.08527456425925926,0.02827510277777778,2.0185185185185187e-07,2.7674074074074074e-06,0.0,0.0,0.0
2024-06-18,4.772344827587348e-05,0.02430286879310345,4.403448275862069e-07,2.4137931034099915e-07,0.002910484310344827,2.2931034482758616e-08,1.865793103448274e-05,3.6863965517241376e-05,4.1631034482758615e-06,2.2163793103448273e-06,0.0763781172413793,0.5689190884482759,0.08204827137931033,0.12814812827586206,0.09085485189655171,0.02632509568965517,1.879310344827586e-07,2.5765517241379307e-06,0.0,0.0,0.0
2024-06-19,4.9083880597028284e-05,0.022997716567164175,3.844776119402985e-07,6.913432835787753e-07,0.0025211499999999993,1.985074626865671e-08,1.7180149253731327e-05,3.411447761194029e-05,3.625671641791044e-06,1.926567164179104e-06,0.06964918746268654,0.5635803258208953,0.09217606432835819,0.12517610597014925,0.08404716761194028,0.03974094029850746,1.6268656716417907e-07,4.1528358208955216e-06,0.0,0.0,0.0
2024-06-20,4.558791666668105e-05,0.02141320055555555,3.648611111111111e-07,6.433333333302493e-07,0.002347435277777777,1.8472222222222217e-08,1.6605416666666652e-05,3.177569444444444e-05,3.416805555555555e-06,1.8048611111111105e-06,0.06737032680555555,0.5834003979166665,0.08671215749999998,0.11977225513888887,0.08187916638888887,0.03700082722222222,1.5138888888888887e-07,3.864444444444444e-06,0.0,0.0,0.0
2024-06-21,4.376266666668309e-05,0.020633533199999998,3.5026666666666665e-07,6.175999999970393e-07,0.002253990133333333,1.773333333333333e-08,1.7235599999999988e-05,3.0504666666666663e-05,3.2801333333333327e-06,1.7326666666666661e-06,0.06471083613333332,0.5665031466666666,0.09073338959999998,0.1408823937333333,0.07863877279999998,0.0355386208,4.105733333333332e-06,3.7098666666666664e-06,0.0,0.0,0.0
2024-06-22,4.113013513514608e-05,0.020912355270270272,3.404054054054054e-07,6.259459459429454e-07,0.0022844482432432434,1.797297297297297e-08,1.8351216216216207e-05,2.987175675675676e-05,3.2990540540540537e-06,1.7725675675675677e-06,0.0489396354054054,0.5813467641891893,0.09772186459459459,0.14073609121621622,0.07193561797297296,0.03601887243243243,4.161216216216216e-06,4.780405405405405e-06,0.0,0.0,0.0
2024-06-23,4.113013513514608e-05,0.020912355270270272,3.404054054054054e-07,6.259459459429454e-07,0.0022844482432432434,1.797297297297297e-08,1.8351216216216207e-05,2.987175675675676e-05,3.2990540540540537e-06,1.7725675675675677e-06,0.0489396354054054,0.5813467641891893,0.09772186459459459,0.14073609121621622,0.07193561797297296,0.03601887243243243,4.161216216216216e-06,4.780405405405405e-06,0.0,0.0,0.0
2024-06-24,4.113013513514608e-05,0.020912355270270272,3.404054054054054e-07,6.259459459429454e-07,0.0022844482432432434,1.797297297297297e-08,1.8351216216216207e-05,2.987175675675676e-05,3.2990540540540537e-06,1.7725675675675677e-06,0.0489396354054054,0.5813467641891893,0.09772186459459459,0.14073609121621622,0.07193561797297296,0.03601887243243243,4.161216216216216e-06,4.780405405405405e-06,0.0,0.0,0.0
2024-06-25,4.090368421054657e-05,0.02036493105263158,3.5618421052631576e-07,6.094736842076046e-07,0.002224335921052631,1.7499999999999998e-08,1.78682894736842e-05,2.9701578947368418e-05,3.2285526315789463e-06,1.7259210526315787e-06,0.04457940276315788,0.5654217698684209,0.08916820776315788,0.15087849999999997,0.09218872776315788,0.035071007368421045,4.051710526315788e-06,4.654605263157894e-06,0.0,0.0,0.0
2024-06-26,3.572820512823115e-05,0.02045265141025641,3.5615384615384617e-07,4.1435897435612764e-07,0.0021681411538461534,1.705128205128205e-08,1.5894871794871784e-05,2.9025769230769235e-05,2.5964102564102564e-06,1.7203846153846153e-06,0.03682643153846154,0.5659969264102563,0.09372394192307693,0.16533185205128204,0.0839122367948718,0.03149210538461538,4.067692307692307e-06,5.892435897435898e-06,0.0,0.0,0.0
2024-06-27,3.434777777780148e-05,0.01969474283950617,3.4765432098765425e-07,3.99012345676271e-07,0.002087864444444444,1.641975308641975e-08,1.5866790123456775e-05,2.8099999999999995e-05,2.5270370370370366e-06,1.6704938271604936e-06,0.037108312345679004,0.5731738739506171,0.0931621774074074,0.15739108111111108,0.08695583222222221,0.030333249259259253,3.917037037037036e-06,5.674197530864197e-06,0.0,0.0,0.0
2024-06-28,3.5155243902459215e-05,0.01945144341463415,3.478048780487805e-07,3.941463414607068e-07,0.0020623971951219517,1.621951219512195e-08,1.5673292682926818e-05,2.619768292682927e-05,2.472073170731707e-06,1.6530487804878048e-06,0.03485327451219512,0.5770158169512195,0.0920283637804878,0.1590197037804878,0.08551441792682928,0.029963331585365852,3.736341463414634e-06,5.6050000000000005e-06,0.0,0.0,0.0
2024-06-29,3.416000000001952e-05,0.01968308074074074,3.5209876543209877e-07,3.9901234567627106e-07,0.0020858896296296297,1.6419753086419752e-08,1.5134197530864186e-05,2.528641975308642e-05,2.5025925925925925e-06,1.6734567901234566e-06,0.03526743271604938,0.5695644504938272,0.08619592691358025,0.17021134691358025,0.08657015148148149,0.03033324925925926,3.782469135802469e-06,5.165185185185185e-06,0.0,0.0,0.0
2024-06-30,3.416000000001952e-05,0.01968308074074074,3.5209876543209877e-07,3.9901234567627106e-07,0.0020858896296296297,1.6419753086419752e-08,1.5134197530864186e-05,2.528641975308642e-05,2.5025925925925925e-06,1.6734567901234566e-06,0.03526743271604938,0.5695644504938272,0.08619592691358025,0.17021134691358025,0.08657015148148149,0.03033324925925926,3.782469135802469e-06,5.165185185185185e-06,0.0,0.0,0.0
2024-07-01,3.416000000001952e-05,0.01968308074074074,3.5209876543209877e-07,3.9901234567627106e-07,0.0020858896296296297,1.6419753086419752e-08,1.5134197530864186e-05,2.528641975308642e-05,2.5025925925925925e-06,1.6734567901234566e-06,0.03526743271604938,0.5695644504938272,0.08619592691358025,0.17021134691358025,0.08657015148148149,0.03033324925925926,3.782469135802469e-06,5.165185185185185e-06,0.0,0.0,0.0
2024-07-02,3.411428571430051e-05,0.029261061547619052,3.453571428571429e-07,3.847619047592614e-07,0.0020114100000000004,1.5833333333333333e-08,1.4593690476190466e-05,2.4419166666666665e-05,2.4539285714285715e-06,1.6363095238095238e-06,0.03956804880952381,0.5630144026190477,0.08919634488095239,0.16413386142857142,0.08347836035714286,0.029249918928571428,3.647380952380952e-06,4.980714285714286e-06,0.0,0.0,0.0
2024-07-03,3.295418604652155e-05,0.01810687151162791,3.424418604651163e-07,3.758139534857902e-07,0.001964625348837209,1.546511627906977e-08,1.3569186046511616e-05,2.1826976744186045e-05,2.377209302325581e-06,8.812790697674417e-07,0.03641660453488372,0.5579761955813953,0.08468143244186047,0.19409558186046513,0.07917360267441861,0.02750478918604651,3.5625581395348834e-06,4.391744186046511e-06,0.0,0.0,0.0
2024-07-04,3.182357142857566e-05,0.018538743571428578,2.298809523809524e-07,3.8476190475926147e-07,0.0020093654761904767,1.5833333333333336e-08,1.3651904761904753e-05,1.816166666666667e-05,2.4309523809523816e-06,8.357142857142859e-07,0.03469918571428572,0.5454204127380953,0.08084027809523811,0.18368163500000004,0.10413571345238097,0.030598585952380956,4.038690476190476e-06,4.50702380952381e-06,0.0,0.0,0.0
2024-07-05,3.1095348837212215e-05,0.018109711976744193,2.2453488372093027e-07,3.7581395348579025e-07,0.0019626360465116286,1.546511627906977e-08,1.3334418604651154e-05,1.7745697674418607e-05,2.374418604651163e-06,8.162790697674419e-07,0.037414978488372094,0.5489405961627908,0.0789649031395349,0.182931901627907,0.10171395267441863,0.029886990930232563,3.944767441860466e-06,4.402209302325582e-06,0.0,0.0,0.0
2024-07-06,2.9842727272737672e-05,0.01771797068181818,2.1943181818181814e-07,3.67272727270204e-07,0.0019180306818181816,1.511363636363636e-08,1.3132499999999988e-05,1.7626363636363632e-05,2.313863636363636e-06,7.977272727272726e-07,0.035926293863636355,0.5394702697727272,0.0803982459090909,0.1832406461363636,0.10069079454545453,0.040563241136363636,3.855113636363635e-06,6.3371590909090905e-06,0.0,0.0,0.0
2024-07-07,2.9842727272737672e-05,0.01771797068181818,2.1943181818181814e-07,3.67272727270204e-07,0.0019180306818181816,1.511363636363636e-08,1.3132499999999988e-05,1.7626363636363632e-05,2.313863636363636e-06,7.977272727272726e-07,0.035926293863636355,0.5394702697727272,0.0803982459090909,0.1832406461363636,0.10069079454545453,0.040563241136363636,3.855113636363635e-06,6.3371590909090905e-06,0.0,0.0,0.0
2024-07-08,2.9842727272737672e-05,0.01771797068181818,2.1943181818181814e-07,3.67272727270204e-07,0.0019180306818181816,1.511363636363636e-08,1.3132499999999988e-05,1.7626363636363632e-05,2.313863636363636e-06,7.977272727272726e-07,0.035926293863636355,0.5394702697727272,0.0803982459090909,0.1832406461363636,0.10069079454545453,0.040563241136363636,3.855113636363635e-06,6.3371590909090905e-06,0.0,0.0,0.0
2024-07-09,2.5520108695667243e-05,0.01853388608695652,2.2978260869565214e-07,3.6010869564976034e-07,0.0019663624999999994,2.3695652173913037e-08,1.2528586956521728e-05,1.6131521739130434e-05,1.4889130434782605e-06,7.894565217391303e-07,0.03577625880434782,0.5359381192391304,0.08594682076086956,0.17828379369565212,0.10468133076086955,0.03878716108695652,3.687499999999999e-06,5.3465217391304335e-06,0.0,0.0,2.016086956521739e-05
2024-07-10,0.0005240484693877667,0.01677751091836735,2.222448979591837e-07,3.380612244875302e-07,0.0018485816326530612,2.224489795918367e-08,8.817040816326522e-06,1.699561224489796e-05,1.3213265306122448e-06,7.495918367346937e-07,0.030688654897959182,0.5224141177551019,0.08741160428571428,0.20131604102040818,0.09939291408163266,0.03956574540816326,3.461734693877551e-06,9.927142857142858e-06,0.0,0.0,1.89265306122449e-05
2024-07-11,0.0005379166315789655,0.017269803789473685,7.868421052631578e-07,3.4873684210292585e-07,0.0019062382105263153,8.94736842105263e-09,7.810842105263147e-06,1.4174315789473684e-05,8.884210526315788e-07,1.4326315789473683e-07,0.034375847789473675,0.4981407317894736,0.09087543505263157,0.20380774021052625,0.11307184315789472,0.03995661736842105,3.9111578947368414e-06,1.0229263157894735e-05,0.0,0.0,1.9524210526315786e-05
2024-07-12,0.0005425218085106626,0.017457962765957447,7.927659574468085e-07,3.5244680850827617e-07,0.0001490151063829787,9.042553191489362e-09,5.854361702127651e-06,1.4555425531914895e-05,1.3088297872340424e-06,1.4021276595744682e-07,0.03023177627659574,0.5091576738297872,0.09607439776595746,0.2023082685106383,0.11427473510638297,0.029746612978723403,3.952765957446809e-06,1.0338085106382978e-05,0.0,0.0,1.973191489361702e-05
2024-07-13,0.000560412417582444,0.018029048021978022,8.160439560439559e-07,3.64065934063494e-07,0.00015392769230769223,9.34065934065934e-09,6.047362637362627e-06,1.5031098901098901e-05,1.3482417582417577e-06,1.4483516483516482e-07,0.02971984527472527,0.5018732675824175,0.09461472538461538,0.20852626692307688,0.11573633076923076,0.030727270549450545,4.083076923076923e-06,1.0678901098901096e-05,0.0,0.0,2.0382417582417577e-05
2024-07-14,0.000560412417582444,0.018029048021978022,8.160439560439559e-07,3.64065934063494e-07,0.00015392769230769223,9.34065934065934e-09,6.047362637362627e-06,1.5031098901098901e-05,1.3482417582417577e-06,1.4483516483516482e-07,0.02971984527472527,0.5018732675824175,0.09461472538461538,0.20852626692307688,0.11573633076923076,0.030727270549450545,4.083076923076923e-06,1.0678901098901096e-05,0.0,0.0,2.0382417582417577e-05
2024-07-15,0.000560412417582444,0.018029048021978022,8.160439560439559e-07,3.64065934063494e-07,0.00015392769230769223,9.34065934065934e-09,6.047362637362627e-06,1.5031098901098901e-05,1.3482417582417577e-06,1.4483516483516482e-07,0.02971984527472527,0.5018732675824175,0.09461472538461538,0.20852626692307688,0.11573633076923076,0.030727270549450545,4.083076923076923e-06,1.0678901098901096e-05,0.0,0.0,2.0382417582417577e-05
2024-07-16,0.0012113488421052782,0.017320842315789474,7.793684210526316e-07,3.487368421029259e-07,0.0004155975789473683,8.947368421052632e-09,5.788105263157886e-06,1.7395894736842107e-05,1.2819999999999998e-06,1.3873684210526316e-07,0.02404519663157895,0.4845941636842105,0.13190565494736842,0.2035553834736842,0.10585730378947368,0.031032708210526314,3.911157894736842e-06,1.1714526315789475e-05,0.0,0.0,2.0433052631578948e-05
2024-07-17,0.001199241979166677,0.016675456562500007,7.689583333333334e-07,8.437499997687036e-09,0.0005956611458333333,8.854166666666667e-09,5.009999999999992e-06,1.893916666666667e-05,2.3770833333333334e-06,1.4281250000000004e-07,0.026355921770833336,0.48460168239583346,0.12315446885416668,0.20871104104166666,0.10775335031250001,0.030876646354166672,5.9747916666666674e-06,1.0250833333333335e-05,0.0,0.0,3.304864583333334e-05
2024-07-18,0.0011654905050505163,0.019839384848484853,7.432323232323233e-07,8.181818179575308e-09,0.000576620303030303,8.585858585858588e-09,4.846060606060598e-06,1.877858585858586e-05,2.2915151515151515e-06,6.696969696969698e-07,0.02568060484848485,0.45436943111111117,0.12200344444444446,0.2295998568686869,0.10890522202020203,0.03778481808080809,5.793737373737374e-06,9.940202020202023e-06,0.0,0.0,3.204717171717172e-05
2024-07-19,0.0011538410000000098,0.019586728900000003,7.358e-07,8.099999997779554e-09,0.0005705148999999999,8.5e-09,3.826799999999992e-06,1.8590799999999998e-05,2.2685999999999998e-06,6.629999999999999e-07,0.0274241711,0.4530457663,0.1151661212,0.2096045767,0.11375121070000001,0.0596266346,2.7654999999999996e-06,9.8408e-06,0.0,0.0,3.1726699999999996e-05
2024-07-20,0.0011538576000000064,0.019586276700000002,7.358e-07,8.099999997779554e-09,0.0005986912999999999,8.5e-09,4.080199999999992e-06,1.85916e-05,2.2629999999999998e-06,6.508e-07,0.0284021546,0.45261817009999994,0.11276041280000001,0.20684961359999995,0.1137503431,0.0641844546,2.7654999999999996e-06,9.0857e-06,0.0,0.0,5.7836399999999994e-05
2024-07-21,0.0011424337623762474,0.019392353168316834,7.285148514851485e-07,8.019801977999558e-09,0.0005927636633663365,8.415841584158416e-09,4.0398019801980116e-06,2.0645049504950496e-05,2.2405940594059405e-06,6.443564356435643e-07,0.02812094514851485,0.4580355541584158,0.11164397306930694,0.20480159762376232,0.11262410207920792,0.06354896495049504,2.7381188118811877e-06,8.995742574257426e-06,0.0,0.0,5.726376237623762e-05
2024-07-22,0.0011424337623762474,0.019392353168316834,7.285148514851485e-07,8.019801977999558e-09,0.0005927636633663365,8.415841584158416e-09,4.0398019801980116e-06,2.0645049504950496e-05,2.2405940594059405e-06,6.443564356435643e-07,0.02812094514851485,0.4580355541584158,0.11164397306930694,0.20480159762376232,0.11262410207920792,0.06354896495049504,2.7381188118811877e-06,8.995742574257426e-06,0.0,0.0,5.726376237623762e-05
2024-07-23,0.001140686534653474,0.019391707227722772,7.367326732673267e-07,1.0198019799781735e-08,0.0005927831683168315,8.415841584158414e-09,4.039801980198011e-06,2.0867326732673264e-05,2.3242574257425743e-06,6.584158415841583e-07,0.02811518544554455,0.45340537089108907,0.1176616906930693,0.22283803613861383,0.0932079321782178,0.06354896495049504,2.7381188118811873e-06,8.995742574257424e-06,0.0,0.0,5.726376237623761e-05
2024-07-24,0.0011407101980198077,0.01931917623762376,7.321782178217821e-07,1.0198019799781735e-08,0.0005918695049504949,3.6891089108910886e-07,4.884059405940586e-06,2.1335544554455444e-05,2.332475247524752e-06,6.285148514851484e-07,0.028287696039603957,0.4553665824752475,0.11336793059405939,0.2298512035643564,0.08623713861386137,0.06573954396039602,2.645544554455445e-06,7.947623762376237e-06,0.0,0.0,5.726376237623761e-05
2024-07-25,0.0011077446153846282,0.01877089673076923,7.493269230769229e-07,1.8846153844018798e-08,0.0006445070192307691,1.592403846153846e-06,4.943749999999991e-06,2.232759615384615e-05,2.5032692307692306e-06,6.12403846153846e-07,0.025785398076923073,0.4478820873076922,0.11085956769230769,0.24015902163461533,0.07259515951923075,0.08200408403846153,3.3729807692307688e-06,1.0078557692307693e-05,0.0,0.0,0.00014533423076923074
2024-07-26,0.0011300563725490315,0.01914440274509804,7.604901960784313e-07,1.9215686272332892e-08,0.0006571444117647057,1.623627450980392e-06,5.040686274509795e-06,2.2346568627450975e-05,2.5486274509803922e-06,6.220588235294117e-07,0.026294110784313724,0.43184358892156854,0.11485829931372547,0.24824693568627446,0.07401859401960782,0.08361200725490195,3.4391176470588235e-06,1.0276176470588235e-05,0.0,0.0,0.00014818392156862743
2024-07-27,0.0011412451485148629,0.019333951287128715,7.68019801980198e-07,1.940594059186094e-08,0.0006636507920792078,1.6397029702970296e-06,5.090594059405931e-06,2.2567821782178215e-05,2.573861386138614e-06,6.282178217821781e-07,0.026554448514851482,0.43611625564356427,0.11599551019801978,0.24080684831683166,0.0747514513861386,0.08443984891089108,3.473168316831683e-06,1.0377920792079209e-05,0.0,0.0,0.00014965108910891086
2024-07-28,0.0011412451485148629,0.019333951287128715,7.68019801980198e-07,1.940594059186094e-08,0.0006636507920792078,1.6397029702970296e-06,5.090594059405931e-06,2.2567821782178215e-05,2.573861386138614e-06,6.282178217821781e-07,0.026554448514851482,0.43611625564356427,0.11599551019801978,0.24080684831683166,0.0747514513861386,0.08443984891089108,3.473168316831683e-06,1.0377920792079209e-05,0.0,0.0,0.00014965108910891086
2024-07-29,0.0011412451485148629,0.019333951287128715,7.68019801980198e-07,1.940594059186094e-08,0.0006636507920792078,1.6397029702970296e-06,5.090594059405931e-06,2.2567821782178215e-05,2.573861386138614e-06,6.282178217821781e-07,0.026554448514851482,0.43611625564356427,0.11599551019801978,0.24080684831683166,0.0747514513861386,0.08443984891089108,3.473168316831683e-06,1.0377920792079209e-05,0.0,0.0,0.00014965108910891086
2024-07-30,0.0010798336448598284,0.014971855794392527,7.474766355140188e-07,2.186915887642949e-08,0.0006295705607476634,1.5477570093457945e-06,5.137196261682235e-06,2.2654953271028036e-05,2.4171962616822433e-06,6.316822429906541e-07,0.020736753738317758,0.4594903342056074,0.10472593775700935,0.24166478280373832,0.07638340317757009,0.08012806476635513,5.25e-06,9.795981308411217e-06,0.0,0.0,0.00014125943925233643
2024-07-31,0.001048777207207228,0.013748480810810813,7.145945945945946e-07,2.1081081079080678e-08,0.0006104878378378376,1.4919819819819818e-06,5.245675675675667e-06,2.3433513513513508e-05,3.0927027027027022e-06,6.089189189189187e-07,0.020221219369369367,0.4468401359459459,0.10206739288288288,0.23128818675675672,0.08360773027027026,0.1003796736036036,7.219459459459458e-06,9.918378378378379e-06,0.0,0.0,0.00013616900900900898
2024-08-01,0.001028384298245638,0.014020352368421056,5.858771929824561e-07,1.0485964912261223e-06,0.0005941796491228068,1.452719298245614e-06,5.676052631578939e-06,2.7216578947368417e-05,3.001052631578947e-06,1.5793859649122803e-06,0.025585879649122803,0.43957678052631577,0.1016873651754386,0.24283427763157892,0.07162136412280701,0.10282097035087717,7.35877192982456e-06,9.649473684210525e-06,0.0,0.0,0.00017287771929824558
2024-08-02,0.0010053552991453245,0.014030902051282056,9.510256410256411e-07,1.021709401707504e-06,0.0005791210256410256,1.4154700854700858e-06,5.530512820512814e-06,2.78082905982906e-05,2.9241025641025648e-06,1.538888888888889e-06,0.02234179128205128,0.4298336802564103,0.10375683863247864,0.2531980565811966,0.06978602786324786,0.1051244447863248,0.0001239006837606838,9.775042735042735e-06,0.0,4.715384615384616e-07,0.00016844495726495729
2024-08-03,0.0010121206034483102,0.014134975603448282,1.0024137931034482e-06,1.039999999998086e-06,0.0005841780172413792,1.4310344827586208e-06,5.501465517241372e-06,2.723836206896552e-05,3.0896551724137932e-06,1.6025862068965518e-06,0.022535359224137932,0.44472204224137935,0.10176191137931036,0.24807813500000003,0.06941053422413794,0.0974161727586207,0.00012497724137931036,8.315517241379311e-06,0.0,4.756034482758621e-07,0.00016989706896551726
2024-08-04,0.0010121206034483102,0.014134975603448282,1.0024137931034482e-06,1.039999999998086e-06,0.0005841780172413792,1.4310344827586208e-06,5.501465517241372e-06,2.723836206896552e-05,3.0896551724137932e-06,1.6025862068965518e-06,0.022535359224137932,0.44472204224137935,0.10176191137931036,0.24807813500000003,0.06941053422413794,0.0974161727586207,0.00012497724137931036,8.315517241379311e-06,0.0,4.756034482758621e-07,0.00016989706896551726
2024-08-05,0.0010121206034483102,0.014134975603448282,1.0024137931034482e-06,1.039999999998086e-06,0.0005841780172413792,1.4310344827586208e-06,5.501465517241372e-06,2.723836206896552e-05,3.0896551724137932e-06,1.6025862068965518e-06,0.022535359224137932,0.44472204224137935,0.10176191137931036,0.24807813500000003,0.06941053422413794,0.0974161727586207,0.00012497724137931036,8.315517241379311e-06,0.0,4.756034482758621e-07,0.00016989706896551726
2024-08-06,0.0015613257522124199,0.010263930353982303,1.0205309734513273e-06,1.0604424778741413e-06,0.0004839559292035398,1.461504424778761e-06,4.382300884955744e-06,2.5481946902654867e-05,2.935221238938053e-06,1.6272566371681418e-06,0.021099760265486725,0.43244826398230085,0.09662152814159293,0.2737566838938053,0.06342883752212389,0.1000024375221239,0.00012829522123893806,8.530530973451328e-06,0.0,4.882300884955753e-07,0.0001579934513274336
2024-08-07,0.0011128664035088063,0.010172882543859655,1.043508771929825e-06,1.0541228070155962e-06,0.0004778101754385965,1.448684210526316e-06,4.202982456140344e-06,2.2612017543859655e-05,2.9793859649122813e-06,1.684385964912281e-06,0.02091231885964913,0.448152217017544,0.08430469543859652,0.247604098508772,0.06528537500000002,0.12165421307017547,0.00012716982456140356,4.236578947368422e-06,0.0,4.839473684210528e-07,0.00015660754385964914
2024-08-08,0.001092923103448312,0.010188398534482761,5.750862068965518e-07,1.035948275860155e-06,0.0004676878448275862,1.4237068965517243e-06,4.130517241379304e-06,2.226594827586207e-05,2.6617241379310345e-06,1.67e-06,0.01825205853448276,0.44235797732758625,0.07806715922413794,0.2549789912068966,0.05788387448275863,0.13639200715517244,0.000125943275862069,4.833362068965519e-06,0.0,4.756034482758621e-07,0.00015390741379310346
2024-08-09,0.0011020150434782941,0.010271706782608697,5.800869565217391e-07,1.0449565217371995e-06,0.00047175147826086946,1.436086956521739e-06,4.166434782608688e-06,2.199547826086956e-05,2.3452173913043475e-06,1.6845217391304345e-06,0.018406446608695653,0.4437267829565217,0.07507525539130434,0.2546599125217391,0.05838721252173912,0.13757802460869564,0.0001270384347826087,4.875391304347826e-06,0.0,4.797391304347825e-07,0.00015524573913043476
2024-08-10,0.0010739997457627443,0.010011354745762717,5.653389830508476e-07,1.0183898305065929e-06,0.0004597577966101695,1.399576271186441e-06,4.060508474576265e-06,2.1440677966101693e-05,2.285593220338983e-06,1.6416949152542373e-06,0.01794285559322034,0.44381671771186443,0.0733864568644068,0.25919530745762714,0.05690279186440678,0.13689802000000004,0.00012380864406779665,4.751440677966103e-06,0.0,4.67542372881356e-07,0.00015129881355932206
2024-08-11,0.0010739997457627443,0.010011354745762717,5.653389830508476e-07,1.0183898305065929e-06,0.0004597577966101695,1.399576271186441e-06,4.060508474576265e-06,2.1440677966101693e-05,2.285593220338983e-06,1.6416949152542373e-06,0.01794285559322034,0.44381671771186443,0.0733864568644068,0.25919530745762714,0.05690279186440678,0.13689802000000004,0.00012380864406779665,4.751440677966103e-06,0.0,4.67542372881356e-07,0.00015129881355932206
2024-08-12,0.0010739997457627443,0.010011354745762717,5.653389830508476e-07,1.0183898305065929e-06,0.0004597577966101695,1.399576271186441e-06,4.060508474576265e-06,2.1440677966101693e-05,2.285593220338983e-06,1.6416949152542373e-06,0.01794285559322034,0.44381671771186443,0.0733864568644068,0.25919530745762714,0.05690279186440678,0.13689802000000004,0.00012380864406779665,4.751440677966103e-06,0.0,4.67542372881356e-07,0.00015129881355932206
2024-08-13,0.0005402300862069304,0.010145553706896557,6.095689655172415e-07,1.9780172413773965e-06,0.00025714637931034483,1.428275862068966e-06,4.666982758620683e-06,1.9185689655172417e-05,2.424913793103449e-06,1.715344827586207e-06,0.018601022931034484,0.45056439146551724,0.04264331163793104,0.28191013129310344,0.05697179793103449,0.13805120439655177,0.00012594568965517244,3.6169827586206903e-06,0.0,4.756034482758621e-07,0.00015316310344827588
2024-08-14,0.0005214535294118009,0.009173121260504203,6.289915966386554e-07,1.93134453781326e-06,0.00010106546218487393,1.3944537815126052e-06,4.5540336134453706e-06,1.6750588235294114e-05,1.587563025210084e-06,1.7273109243697474e-06,0.01409203176470588,0.4576138570588234,0.0359612112605042,0.2806290270588235,0.054282023361344536,0.14733361974789913,0.00012107294117647059,3.525798319327731e-06,0.0,4.636134453781512e-07,0.00013895285714285712
2024-08-15,0.0005379491304348221,0.0063375568695652204,6.505217391304349e-07,2.0003478260850262e-06,0.00010458391304347826,1.4429565217391308e-06,4.335739130434776e-06,1.829634782608696e-05,1.6305217391304351e-06,1.3287826086956524e-06,0.012883142869565217,0.45890679860869565,0.03571435373913044,0.27356550095652177,0.05205539600000001,0.15959065460869568,0.00012646391304347828,3.6484347826086968e-06,0.0,4.797391304347826e-07,0.00014378600000000002
2024-08-16,0.00053327974137935,0.0062820137931034505,6.494827586206897e-07,1.9850862068946375e-06,0.00010478767241379307,1.4305172413793103e-06,4.298362068965509e-06,1.8807241379310343e-05,1.6188793103448275e-06,1.32801724137931e-06,0.011025805689655168,0.4654740737931034,0.03972335525862068,0.27933040198275855,0.047487114999999996,0.14973703672413793,0.00012537370689655173,3.61698275862069e-06,0.0,4.75603448275862e-07,0.00014254646551724136
2024-08-17,0.0005293994871795306,0.007178878290598294,6.461538461538463e-07,1.9681196581177607e-06,8.013589743589742e-05,1.4182905982905986e-06,3.4848717948717877e-06,1.8662307692307697e-05,1.8101709401709407e-06,2.2005128205128207e-06,0.010118226153846154,0.4580611930769231,0.049956510085470085,0.27438696452991457,0.04708124222222223,0.15232988794871796,0.00012430213675213679,3.586068376068377e-06,0.0,4.715384615384616e-07,0.00011901213675213676
2024-08-18,0.0005339628448276268,0.0072407651724137965,6.517241379310346e-07,1.985086206894638e-06,8.082672413793104e-05,1.4305172413793107e-06,3.514913793103441e-06,1.6875000000000004e-05,1.825775862068966e-06,2.2194827586206897e-06,0.010205452241379311,0.45339125543103453,0.05038716965517241,0.27675236939655173,0.04748711500000001,0.15364307663793106,0.00012537370689655176,3.6169827586206907e-06,0.0,4.756034482758621e-07,0.00012003810344827587
2024-08-19,0.0005339628448276268,0.0072407651724137965,6.517241379310346e-07,1.985086206894638e-06,8.082672413793104e-05,1.4305172413793107e-06,3.514913793103441e-06,1.6875000000000004e-05,1.825775862068966e-06,2.2194827586206897e-06,0.010205452241379311,0.45339125543103453,0.05038716965517241,0.27675236939655173,0.04748711500000001,0.15364307663793106,0.00012537370689655176,3.6169827586206907e-06,0.0,4.756034482758621e-07,0.00012003810344827587
2024-08-20,0.0005483154867257007,0.007433669557522126,6.482300884955751e-07,2.035840707962637e-06,8.295699115044248e-05,1.4684955752212392e-06,3.608230088495567e-06,1.670858407079646e-05,1.7943362831858406e-06,2.26787610619469e-06,0.010476393451327433,0.46085671548672563,0.046342785132743355,0.2675045754867257,0.04874783203539823,0.15772209637168141,0.00012870221238938054,3.7130088495575227e-06,0.0,4.882300884955753e-07,0.00012322495575221238
2024-08-21,0.0005396736521739504,0.006950302695652178,6.482608695652176e-07,2.0029565217372e-06,8.234182608695653e-05,1.1263478260869568e-06,2.803999999999993e-06,1.723121739130435e-05,2.48704347826087e-06,2.2546086956521737e-06,0.009624394434782609,0.4599495111304348,0.044672058956521744,0.25468533252173914,0.05186746026086957,0.1713486899130435,0.00012646800000000005,3.6505217391304357e-06,0.0,4.797391304347826e-07,0.00012108191304347827
2024-08-22,0.0005501119469026916,0.00707199115044248,6.576106194690265e-07,2.030176991148478e-06,1.965309734513274e-05,1.8761061946902656e-08,2.269380530973444e-06,1.729088495575221e-05,2.3373451327433623e-06,2.2983185840707964e-06,0.012367853805309734,0.45308505902654866,0.04515342530973451,0.2570855368141593,0.05679017938053098,0.16767682805309736,0.00012977522123893805,1.5468141592920353e-06,0.0,4.882300884955753e-07,4.064867256637168e-05
2024-08-23,0.000539984173913081,0.0069543580869565235,6.461739130434783e-07,1.994869565215461e-06,0.0007839617391304347,1.8434782608695653e-08,2.2299130434782535e-06,1.6990173913043477e-05,2.2986956521739124e-06,2.2583478260869565e-06,0.012151456608695651,0.4550630266956522,0.04334390556521739,0.2538224630434782,0.05974424260869565,0.16739871808695653,0.00012950539130434784,1.5199130434782609e-06,0.0,4.797391304347826e-07,3.9941739130434784e-05
2024-08-24,0.0005353211206896937,0.006894406724137934,6.406034482758621e-07,1.9776724137911897e-06,0.0007772055172413793,1.827586206896552e-08,2.210689655172407e-06,1.6843706896551726e-05,2.28198275862069e-06,2.238879310344828e-06,0.012046702672413794,0.45486967560344826,0.04297025120689655,0.2532938291379311,0.05922920603448277,0.1691872213793104,0.0001283889655172414,1.5068103448275863e-06,0.0,4.756034482758621e-07,3.9597413793103454e-05
2024-08-25,0.0005353211206896937,0.006894406724137934,6.406034482758621e-07,1.9776724137911897e-06,0.0007772055172413793,1.827586206896552e-08,2.210689655172407e-06,1.6843706896551726e-05,2.28198275862069e-06,2.238879310344828e-06,0.012046702672413794,0.45486967560344826,0.04297025120689655,0.2532938291379311,0.05922920603448277,0.1691872213793104,0.0001283889655172414,1.5068103448275863e-06,0.0,4.756034482758621e-07,3.9597413793103454e-05
2024-08-26,0.0005353211206896937,0.006894406724137934,6.406034482758621e-07,1.9776724137911897e-06,0.0007772055172413793,1.827586206896552e-08,2.210689655172407e-06,1.6843706896551726e-05,2.28198275862069e-06,2.238879310344828e-06,0.012046702672413794,0.45486967560344826,0.04297025120689655,0.2532938291379311,0.05922920603448277,0.1691872213793104,0.0001283889655172414,1.5068103448275863e-06,0.0,4.756034482758621e-07,3.9597413793103454e-05
2024-08-27,0.0005560181081081462,0.002591516666666669,6.46036036036036e-07,2.063333333331333e-06,0.0008091854954954955,1.90990990990991e-08,1.9901801801801725e-06,1.6533243243243245e-05,2.3868468468468467e-06,2.2911711711711713e-06,0.012554906306306306,0.422844148018018,0.04490627576576577,0.26250358108108107,0.056283426576576576,0.1967492834234234,0.00013227171171171172,1.578828828828829e-06,0.0,4.970270270270271e-07,4.138108108108108e-05
2024-08-28,0.0005845986538461834,0.0025193829807692333,6.949038461538463e-07,2.202211538459404e-06,0.0008598116346153845,2.0384615384615387e-08,1.814807692307684e-06,1.5308269230769233e-05,1.7635576923076923e-06,2.5043269230769235e-06,0.013154740096153847,0.4154580879807693,0.046741800192307704,0.26718050528846155,0.04563283567307693,0.2076591838461539,0.0001388706730769231,1.1776923076923079e-06,0.0,5.304807692307693e-07,4.416634615384616e-05
2024-08-29,0.0006046487878788134,0.0019118408080808099,7.299999999999999e-07,1.1295959595937165e-06,0.0009024301010101007,2.141414141414141e-08,1.2519191919191829e-06,1.2478585858585855e-05,1.86050505050505e-06,1.5128282828282826e-06,0.003571620909090909,0.4202095403030302,0.04842263202020202,0.2584958545454545,0.03942161828282827,0.22629386181818179,0.0001451731313131313,1.237171717171717e-06,0.0,5.572727272727273e-07,0.0
2024-08-30,0.0006128318556701272,0.001516574432989693,2.927835051546392e-07,1.1528865979358553e-06,0.0009208334020618555,2.1855670103092785e-08,1.2777319587628774e-06,1.1253092783505155e-05,1.9447422680412367e-06,1.6271134020618556e-06,0.0036558230927835056,0.42607710896907214,0.045004310824742266,0.24468313237113404,0.042196447628865985,0.22500126701030929,0.010313285154639175,8.150515463917525e-07,0.0,0.0,0.0
2024-08-31,0.0006329309574468192,0.0015628182978723428,2.4882978723404257e-07,1.1779787234018932e-06,0.0009501420212765956,1.8404255319148934e-08,1.318510638297863e-06,1.1491170212765956e-05,1.8336170212765956e-06,1.6168085106382979e-06,0.003766710106382979,0.4200248923404255,0.04644057234042554,0.2402361609574468,0.043542645957446814,0.2321821585106383,0.010642422127659572,8.41063829787234e-07,0.0,0.0,0.0
2024-09-01,0.0006329309574468192,0.0015628182978723428,2.4882978723404257e-07,1.1779787234018932e-06,0.0009501420212765956,1.8404255319148934e-08,1.318510638297863e-06,1.1491170212765956e-05,1.8336170212765956e-06,1.6168085106382979e-06,0.003766710106382979,0.4200248923404255,0.04644057234042554,0.2402361609574468,0.043542645957446814,0.2321821585106383,0.010642422127659572,8.41063829787234e-07,0.0,0.0,0.0
2024-09-02,0.0006329309574468192,0.0015628182978723428,2.4882978723404257e-07,1.1779787234018932e-06,0.0009501420212765956,1.8404255319148934e-08,1.318510638297863e-06,1.1491170212765956e-05,1.8336170212765956e-06,1.6168085106382979e-06,0.003766710106382979,0.4200248923404255,0.04644057234042554,0.2402361609574468,0.043542645957446814,0.2321821585106383,0.010642422127659572,8.41063829787234e-07,0.0,0.0,0.0
2024-09-03,5.472717391320612e-06,0.0015925338043478283,2.519565217391304e-07,1.2035869565193258e-06,0.0009707671739130433,1.8804347826086956e-08,1.3471739130434686e-06,1.1699891304347827e-05,1.8665217391304346e-06,1.6518478260869565e-06,0.0038472481521739134,0.4254772488043478,0.04565799423913044,0.22983671391304347,0.04448846554347825,0.23722959673913044,0.01087377913043478,2.14e-06,0.0,0.0,0.0
2024-09-04,6.498571428588763e-06,0.001748142142857145,2.2928571428571427e-07,1.314166666664023e-06,0.0010627674999999996,2.059523809523809e-08,1.8844047619047514e-06,1.2284999999999998e-05,1.923214285714285e-06,1.759285714285714e-06,0.004207037023809524,0.41768453142857137,0.046856325238095235,0.24751918821428567,0.03962383333333333,0.22936053964285713,0.011909377142857138,2.343809523809523e-06,0.0,0.0,0.0
2024-09-05,5.480246913613062e-06,0.0015410823456790152,3.1098765432098766e-07,1.3728395061700986e-06,0.001103511111111111,2.135802469135803e-08,1.959876543209866e-06,1.450913580246914e-05,2.186296296296296e-06,1.875061728395062e-06,0.004375165802469137,0.42311365185185185,0.052115694444444464,0.23907590222222228,0.033108098888888896,0.2331890018518519,0.012348695308641976,1.4803703703703706e-06,0.0,0.0,0.0
2024-09-06,6.086790123488724e-06,0.001541082345679015,3.1098765432098766e-07,1.3728395061700984e-06,0.001107437283950617,2.1358024691358025e-08,1.9598765432098658e-06,1.4509135802469138e-05,2.1862962962962958e-06,1.8750617283950616e-06,0.004404844691358026,0.4151910650617283,0.05211569444444445,0.24696374382716052,0.03310809888888889,0.23318900185185187,0.012349228888888888,1.4803703703703704e-06,0.0,0.0,0.0
2024-09-07,5.890875000037711e-06,0.0015701050000000026,3.37625e-07,1.3899999999972245e-06,0.0011212991249999998,2.1625e-08,1.990624999999989e-06,1.4784375000000002e-05,2.2722499999999997e-06,1.952e-06,0.004454745375000001,0.421462693625,0.053985181500000014,0.23938496174999999,0.0335371065,0.2319476995,0.012506069375000001,1.498875e-06,0.0,0.0,0.0
2024-09-08,5.890875000037711e-06,0.0015701050000000026,3.37625e-07,1.3899999999972245e-06,0.0011212991249999998,2.1625e-08,1.990624999999989e-06,1.4784375000000002e-05,2.2722499999999997e-06,1.952e-06,0.004454745375000001,0.421462693625,0.053985181500000014,0.23938496174999999,0.0335371065,0.2319476995,0.012506069375000001,1.498875e-06,0.0,0.0,0.0
2024-09-09,5.890875000037711e-06,0.0015701050000000026,3.37625e-07,1.3899999999972245e-06,0.0011212991249999998,2.1625e-08,1.990624999999989e-06,1.4784375000000002e-05,2.2722499999999997e-06,1.952e-06,0.004454745375000001,0.421462693625,0.053985181500000014,0.23938496174999999,0.0335371065,0.2319476995,0.012506069375000001,1.498875e-06,0.0,0.0,0.0
2024-09-10,3.497142857186742e-06,0.001627362207792211,2.9883116883116885e-07,2.493506493218124e-08,0.0011512858441558443,1.5584415584415586e-08,1.259999999999989e-06,1.5236883116883122e-05,2.2102597402597404e-06,1.9597402597402603e-06,0.004094416753246755,0.4066688780519481,0.05337526207792209,0.2150805677922078,0.03376073636363637,0.2711965438961039,0.012993315194805196,1.5572727272727274e-06,0.0,0.0,2.5571168831168836e-05
2024-09-11,4.819230769280051e-06,0.001906850153846157,2.903076923076923e-07,2.369230768889162e-08,0.0013637006153846153,1.4461538461538463e-08,1.4839999999999868e-06,1.6805384615384618e-05,2.379846153846154e-06,2.2041538461538463e-06,0.004824575384615386,0.3673191967692307,0.06258995123076924,0.21869567015384614,0.03229673676923077,0.29555108,0.015392081076923077,1.8447692307692307e-06,0.0,0.0,3.0292e-05
2024-09-12,1.5478676470630343e-05,0.0018663373529411798,2.741176470588235e-07,1.9558823526146403e-08,0.001314341176470588,1.3823529411764708e-08,1.4185294117646932e-06,1.464014705882353e-05,2.2698529411764704e-06,4.781470588235294e-06,0.004598958676470589,0.3639521325,0.0576706180882353,0.21936952397058823,0.0374482755882353,0.2989991739705882,0.014711023529411766,1.7633823529411765e-06,0.0,0.0,2.8955588235294116e-05
2024-09-13,1.8441093750038208e-05,0.0019793443750000033,2.8296874999999996e-07,1.7187499996530554e-08,0.0013944840624999998,1.4687500000000002e-08,1.5071874999999866e-06,1.4343281249999999e-05,2.40734375e-06,5.0609375e-06,0.004885197187500001,0.3595204431249999,0.05345067968750001,0.22680762593749998,0.03794118546875,0.29831358406249997,0.0156327425,1.87359375e-06,0.0,0.0,3.07653125e-05
2024-09-14,2.2142419354874328e-05,0.00024830870967742293,2.879032258064516e-07,1.77419354802896e-08,0.0014388538709677416,1.5161290322580645e-08,1.5558064516128891e-06,2.2646935483870967e-05,2.1082258064516124e-06,3.5714516129032254e-06,0.005000810161290324,0.3581304033870967,0.03119628693548387,0.23889989080645158,0.04871784209677418,0.3001445420967741,0.01613702451612903,1.934032258064516e-06,0.0,0.0,3.175774193548387e-05
2024-09-15,2.2142419354874328e-05,0.00024830870967742293,2.879032258064516e-07,1.77419354802896e-08,0.0014388538709677416,1.5161290322580645e-08,1.5558064516128891e-06,2.2646935483870967e-05,2.1082258064516124e-06,3.5714516129032254e-06,0.005000810161290324,0.3581304033870967,0.03119628693548387,0.23889989080645158,0.04871784209677418,0.3001445420967741,0.01613702451612903,1.934032258064516e-06,0.0,0.0,3.175774193548387e-05
2024-09-16,2.2142419354874328e-05,0.00024830870967742293,2.879032258064516e-07,1.77419354802896e-08,0.0014388538709677416,1.5161290322580645e-08,1.5558064516128891e-06,2.2646935483870967e-05,2.1082258064516124e-06,3.5714516129032254e-06,0.005000810161290324,0.3581304033870967,0.03119628693548387,0.23889989080645158,0.04871784209677418,0.3001445420967741,0.01613702451612903,1.934032258064516e-06,0.0,0.0,3.175774193548387e-05
2024-09-17,2.146765625004012e-05,0.0002528976562500035,2.7328125e-07,1.7187499996530554e-08,0.00139388078125,1.4687500000000002e-08,1.5071874999999866e-06,2.1942031249999998e-05,2.03609375e-06,3.45625e-06,0.004850300468750001,0.33905416281249995,0.030227423906250005,0.25986999296875,0.054112069374999995,0.29452317624999996,0.0156327425,1.87359375e-06,0.0,0.0,3.07653125e-05
2024-09-18,2.2134603174630944e-05,0.00025612285714286066,2.5301587301587306e-07,1.285714285361834e-08,0.0014248390476190476,1.4920634920634923e-08,1.5311111111110977e-06,2.0382222222222224e-05,7.11904761904762e-07,3.471746031746032e-06,0.004969527301587303,0.33312003317460315,0.03085509873015874,0.26245924111111113,0.050750917619047625,0.293385823968254,0.015901317936507935,1.8995238095238097e-06,0.0,0.0,0.006826666349206351
2024-09-19,2.0732063492082273e-05,0.00026481301587301934,1.9571428571428568e-07,1.2857142853618338e-08,0.0014320814285714283,1.5547619047619047e-06,1.5271428571428433e-06,1.797079365079365e-05,6.180952380952381e-07,4.7130158730158724e-06,0.000562420634920635,0.34693174793650783,0.02639660253968254,0.2576506682539682,0.047653896190476185,0.289857716031746,0.022374170634920632,1.8925396825396822e-06,0.0,0.0,0.006826666349206349
2024-09-20,2.5016093750020482e-05,0.0004600278125000034,1.9265624999999998e-07,1.2656249996530553e-08,3.572390625e-05,1.5304687500000001e-06,1.5032812499999865e-06,1.77109375e-05,6.0484375e-07,4.639375e-06,0.0005641317187500001,0.33802995390624996,0.024923245781250002,0.24396820859374999,0.05533947734375,0.3071620959375,0.022744062031249998,1.86296875e-06,0.0,0.0,0.0067199996875000004
2024-09-21,3.0086119403001517e-05,0.0015179147761194064,1.840298507462687e-07,1.2089552235491874e-08,3.867462686567165e-05,1.4619402985074632e-06,1.4359701492537187e-06,1.6917910447761196e-05,2.0764179104477616e-06,5.760149253731344e-06,0.0005466891044776122,0.3261479676119403,0.02411967820895523,0.23017702910447765,0.0559398904477612,0.31852082492537315,0.0365125128358209,1.7795522388059705e-06,0.0,0.0,0.00641910417910448
2024-09-22,3.0086119403001517e-05,0.0015179147761194064,1.840298507462687e-07,1.2089552235491874e-08,3.867462686567165e-05,1.4619402985074632e-06,1.4359701492537187e-06,1.6917910447761196e-05,2.0764179104477616e-06,5.760149253731344e-06,0.0005466891044776122,0.3261479676119403,0.02411967820895523,0.23017702910447765,0.0559398904477612,0.31852082492537315,0.0365125128358209,1.7795522388059705e-06,0.0,0.0,0.00641910417910448
2024-09-23,3.0086119403001517e-05,0.0015179147761194064,1.840298507462687e-07,1.2089552235491874e-08,3.867462686567165e-05,1.4619402985074632e-06,1.4359701492537187e-06,1.6917910447761196e-05,2.0764179104477616e-06,5.760149253731344e-06,0.0005466891044776122,0.3261479676119403,0.02411967820895523,0.23017702910447765,0.0559398904477612,0.31852082492537315,0.0365125128358209,1.7795522388059705e-06,0.0,0.0,0.00641910417910448
2024-09-24,0.0012093992857142935,0.0014419182857142887,1.7185714285714283e-07,1.1571428568256505e-08,3.701071428571429e-05,3.4992857142857145e-06,1.374428571428559e-06,1.578342857142857e-05,1.9541428571428576e-06,5.507428571428571e-06,0.0005374324285714287,0.3572198742857143,0.037363326,0.20319100814285715,0.054129481714285714,0.3037488597142857,0.03494769085714285,1.6967142857142856e-06,0.0,0.0,0.006143999714285715
2024-09-25,0.0011443327027027231,0.003066490405405408,1.6567567567567563e-07,1.0945945942945343e-08,3.499472972972973e-05,3.3101351351351356e-06,1.2944594594594477e-06,1.4893243243243242e-05,1.8067567567567567e-06,5.187837837837837e-06,0.000532135945945946,0.37760937391891886,0.03765825270270271,0.19596181189189188,0.05244965243243243,0.29117824783783786,0.033058626486486484,1.6049999999999999e-06,0.0,0.0,0.007277806891891893
2024-09-26,0.0010856692307692573,0.0029322555128205156,1.688461538461538e-07,1.0384615381768658e-08,3.320641025641025e-05,3.1403846153846155e-06,1.228076923076912e-06,1.1926153846153845e-05,1.714102564102564e-06,4.929487179487179e-06,0.0004633489743589744,0.37114499217948715,0.030697851666666665,0.20328646987179488,0.049926241923076924,0.3021285041025641,0.03137223397435897,1.5226923076923075e-06,0.0,0.0,0.0069045860256410265
2024-09-27,0.001100062077922104,0.002953302727272729,1.6636363636363632e-07,1.051948051659682e-08,3.3632467532467526e-05,3.181168831168831e-06,1.2440259740259625e-06,1.1990649350649349e-05,1.684545454545454e-06,4.892467532467531e-06,0.000454038961038961,0.3691884966233765,0.03104207311688311,0.2008989545454545,0.0481013235064935,0.32041226428571423,0.018796886363636363,1.5396103896103892e-06,0.0,0.0,0.006994255974025974
2024-09-28,0.0010859603846154091,0.0032171343589743615,1.6423076923076922e-07,1.0384615381768658e-08,3.320128205128205e-05,3.1403846153846155e-06,1.228076923076912e-06,1.1836923076923077e-05,1.6629487179487176e-06,4.829743589743589e-06,0.0004482179487179488,0.36958360948717944,0.03064409782051282,0.19930681846153844,0.047484639871794874,0.3163180134615385,0.024949328333333333,1.519871794871795e-06,0.0,0.0,0.0069045860256410265
2024-09-29,0.0010859603846154091,0.0032171343589743615,1.6423076923076922e-07,1.0384615381768658e-08,3.320128205128205e-05,3.1403846153846155e-06,1.228076923076912e-06,1.1836923076923077e-05,1.6629487179487176e-06,4.829743589743589e-06,0.0004482179487179488,0.36958360948717944,0.03064409782051282,0.19930681846153844,0.047484639871794874,0.3163180134615385,0.024949328333333333,1.519871794871795e-06,0.0,0.0,0.0069045860256410265
2024-09-30,0.0010859603846154091,0.0032171343589743615,1.6423076923076922e-07,1.0384615381768658e-08,3.320128205128205e-05,3.1403846153846155e-06,1.228076923076912e-06,1.1836923076923077e-05,1.6629487179487176e-06,4.829743589743589e-06,0.0004482179487179488,0.36958360948717944,0.03064409782051282,0.19930681846153844,0.047484639871794874,0.3163180134615385,0.024949328333333333,1.519871794871795e-06,0.0,0.0,0.0069045860256410265
2024-10-01,0.0011001075324675554,0.003255897532467535,1.5779220779220778e-07,1.0519480516596822e-08,3.363246753246753e-05,3.1811688311688313e-06,1.2440259740259629e-06,1.199064935064935e-05,1.6737662337662338e-06,4.887272727272727e-06,0.000456974025974026,0.36761024337662335,0.028247005194805195,0.18894120675324674,0.04810132350649351,0.3299628533766234,0.025273345584415585,9.480519480519481e-09,0.0,0.0,0.006994255974025975
2024-10-02,0.0010722459493671048,0.005866686202531648,1.562025316455696e-07,1.8734177212379182e-08,3.280303797468354e-05,3.1006329113924054e-06,1.2151898734166235e-08,1.0410126582278481e-05,1.6388607594936709e-06,4.749367088607595e-06,0.0004457372151898735,0.36840649430379746,0.02753350683544304,0.18060445949367088,0.04680623506329114,0.3371729865822785,0.025221563797468354,9.240506329113923e-09,0.0,0.0,0.006817186202531646
2024-10-03,0.0010595826249999965,0.005795525500000003,7.300000000000002e-08,8.374999997224444e-09,3.0971750000000004e-05,3.0618750000000006e-06,6.249999999989158e-09,8.440375000000001e-06,1.4017500000000002e-06,4.616250000000001e-06,0.00042896862500000016,0.36686447350000007,0.023076964000000002,0.208996431625,0.04622003700000001,0.31587118450000007,0.024906281625000005,0.0,0.0,0.0,0.006731971375000002
2024-10-04,0.0010589706249999969,0.0057955255000000025,7.3e-08,8.374999997224442e-09,2.6996499999999998e-05,3.0618750000000002e-06,6.249999999989156e-09,8.440375e-06,1.40175e-06,4.61625e-06,0.000398518375,0.372473215875,0.023076964,0.201009992,0.046220037000000005,0.31828445949999995,0.024905741375000002,0.0,0.0,0.0,0.006731971375000001
2024-10-05,0.0010592471249999788,0.005787199500000001,5.025e-08,8.374999997224442e-09,2.8777500000000004e-05,4.1872500000000004e-06,0.0,1.0141625e-05,1.343125e-06,4.5627500000000005e-06,0.00039723325000000007,0.36907123175,0.021534966250000002,0.196420250375,0.04750230425,0.32654325900000003,0.02490326625,0.0,0.0,0.0,0.006731971375000001
2024-10-06,0.0010592471249999788,0.005787199500000001,5.025e-08,8.374999997224442e-09,2.8777500000000004e-05,4.1872500000000004e-06,0.0,1.0141625e-05,1.343125e-06,4.5627500000000005e-06,0.00039723325000000007,0.36907123175,0.021534966250000002,0.196420250375,0.04750230425,0.32654325900000003,0.02490326625,0.0,0.0,0.0,0.006731971375000001
2024-10-07,0.0010592471249999788,0.005787199500000001,5.025e-08,8.374999997224442e-09,2.8777500000000004e-05,4.1872500000000004e-06,0.0,1.0141625e-05,1.343125e-06,4.5627500000000005e-06,0.00039723325000000007,0.36907123175,0.021534966250000002,0.196420250375,0.04750230425,0.32654325900000003,0.02490326625,0.0,0.0,0.0,0.006731971375000001
2024-10-08,0.0010332997560975393,0.005655079024390247,5.2317073170731724e-08,1.0975609753389702e-08,2.8098048780487812e-05,4.0851219512195134e-06,0.0,9.922804878048782e-06,1.3350000000000001e-06,4.45939024390244e-06,0.00038621402439024396,0.37032102060975614,0.021010557926829272,0.21343674146341468,0.04635279536585367,0.30284017926829276,0.032372381097560986,2.804878048780488e-09,0.0,0.0,0.006543765000000002
2024-10-09,0.0009566111235954871,0.005231384831460675,4.8202247191011223e-08,1.0112359548066913e-08,2.6036966292134828e-05,3.763820224719101e-06,0.0,1.3523595505617975e-05,1.2358426966292133e-06,4.108651685393258e-06,0.00041632910112359545,0.3742223195505618,0.021226671235955053,0.21155447089887638,0.04270706988764044,0.307778831235955,0.029827514606741566,9.834831460674156e-07,0.0,0.0,0.006029086853932584
2024-10-10,0.0009640809090908986,0.0069170857954545485,4.875e-08,1.0227272724749496e-08,2.186761363636364e-05,3.80659090909091e-06,0.0,1.3318181818181821e-05,1.2651136363636364e-06,2.080454545454546e-06,0.00047574863636363644,0.3910646545454546,0.021423645454545455,0.2033101231818182,0.035723635000000004,0.3024307764772728,0.03154925920454546,9.94659090909091e-07,0.0,0.0,0.0060975992045454565
2024-10-11,0.000933258571428567,0.01003474,6.175824175824174e-08,9.890109887669839e-09,2.1457582417582415e-05,3.6810989010989008e-06,3.94615384615375e-07,1.3553296703296701e-05,1.2709890109890106e-06,2.028241758241758e-06,0.00046242989010989,0.3789526485714285,0.025708209999999995,0.20563201461538458,0.037634274395604385,0.3036636024175824,0.031038822747252743,9.618681318681317e-07,0.0,0.0,0.00589657945054945
2024-10-12,0.0009403850000000004,0.010143048555555556,8.644444444444443e-08,9.999999997532836e-09,2.1699666666666665e-05,3.7219999999999997e-06,3.989999999999903e-07,8.310555555555554e-06,1.302222222222222e-06,2.083555555555555e-06,0.0004671245555555555,0.37851632166666654,0.025990910777777772,0.2127793613333333,0.03147165144444444,0.30230681066666665,0.031383703,9.725555555555554e-07,0.0,0.0,0.0059620969999999995
2024-10-13,0.0009403850000000004,0.010143048555555556,8.644444444444443e-08,9.999999997532836e-09,2.1699666666666665e-05,3.7219999999999997e-06,3.989999999999903e-07,8.310555555555554e-06,1.302222222222222e-06,2.083555555555555e-06,0.0004671245555555555,0.37851632166666654,0.025990910777777772,0.2127793613333333,0.03147165144444444,0.30230681066666665,0.031383703,9.725555555555554e-07,0.0,0.0,0.0059620969999999995
2024-10-14,0.0009403850000000004,0.010143048555555556,8.644444444444443e-08,9.999999997532836e-09,2.1699666666666665e-05,3.7219999999999997e-06,3.989999999999903e-07,8.310555555555554e-06,1.302222222222222e-06,2.083555555555555e-06,0.0004671245555555555,0.37851632166666654,0.025990910777777772,0.2127793613333333,0.03147165144444444,0.30230681066666665,0.031383703,9.725555555555554e-07,0.0,0.0,0.0059620969999999995
2024-10-15,0.0009509166292134769,0.01554273359550562,8.741573033707865e-08,1.3258426963797253e-08,2.195202247191011e-05,3.7638202247191013e-06,4.0348314606740597e-07,8.401797752808989e-06,1.3314606741573033e-06,2.1069662921348316e-06,0.0004689515730337079,0.37808784876404494,0.028618389101123597,0.183507556741573,0.02685148764044944,0.31688545134831464,0.04301186292134832,7.654606741573033e-06,0.0,0.0,0.006029086853932585
2024-10-16,0.0009495122471910088,0.015528102471910115,9.000000000000001e-08,1.3258426963797253e-08,1.4782696629213482e-05,3.7638202247191013e-06,4.0348314606740597e-07,7.1743820224719105e-06,1.3420224719101122e-06,2.1092134831460674e-06,0.0004330624719101124,0.3472966869662921,0.028508143258426967,0.18228224865168538,0.03486692617977528,0.34147270056179774,0.04740643280898877,7.654606741573033e-06,0.0,0.0,0.0012188508988764044
2024-10-17,0.0009601796590909119,0.018401789886363637,9.431818181818181e-08,1.3409090906567674e-08,9.739431818181818e-06,2.693522727272727e-06,4.080681818181719e-07,8.085909090909091e-06,1.3836363636363634e-06,1.2289772727272726e-06,0.0001921451136363636,0.3261990489772727,0.02882913113636363,0.1687403827272727,0.04354355749999999,0.3685607929545454,0.04330884579545454,7.777499999999998e-06,0.0,0.0,0.001232701477272727
2024-10-18,0.0009779944186046549,0.01867472244186047,9.651162790697675e-08,1.3720930229976227e-08,9.965930232558141e-06,2.7561627906976742e-06,4.1755813953487363e-07,8.258372093023258e-06,1.415813953488372e-06,1.2575581395348836e-06,0.0001868477906976744,0.3291393280232558,0.029491962093023256,0.17850895290697674,0.03444953767441861,0.3618192674418605,0.04545787825581396,7.958372093023255e-06,0.0,0.0,0.001261368953488372
2024-10-19,0.0009963585714285756,0.01826125214285715,9.880952380952381e-08,1.4047619044975662e-08,6.5709523809523826e-06,2.8217857142857143e-06,4.2749999999998966e-07,8.455000000000001e-06,2.4988095238095235e-07,2.2785714285714285e-07,0.00018506154761904764,0.3365444380952381,0.029950298333333333,0.18378489166666667,0.03832132761904762,0.35547190916666666,0.03516604761904762,8.147857142857142e-06,0.0,0.0,0.0012914015476190475
2024-10-20,0.0009963585714285756,0.01826125214285715,9.880952380952381e-08,1.4047619044975662e-08,6.5709523809523826e-06,2.8217857142857143e-06,4.2749999999998966e-07,8.455000000000001e-06,2.4988095238095235e-07,2.2785714285714285e-07,0.00018506154761904764,0.3365444380952381,0.029950298333333333,0.18378489166666667,0.03832132761904762,0.35547190916666666,0.035166047619047625,8.147857142857142e-06,0.0,0.0,0.0012914015476190475
2024-10-21,0.0009963585714285756,0.01826125214285715,9.880952380952381e-08,1.4047619044975662e-08,6.5709523809523826e-06,2.8217857142857143e-06,4.2749999999998966e-07,8.455000000000001e-06,2.4988095238095235e-07,2.2785714285714285e-07,0.00018506154761904764,0.3365444380952381,0.029950298333333333,0.18378489166666667,0.03832132761904762,0.35547190916666666,0.035166047619047625,8.147857142857142e-06,0.0,0.0,0.0012914015476190475
2024-10-22,1.3193875000012649e-05,0.019177466625000004,1.0375e-07,1.4749999997224445e-08,6.9022500000000016e-06,1.125375e-06,4.4887499999998915e-07,8.87275e-06,2.67e-07,2.4837499999999997e-07,0.00018570437500000002,0.31448185125,0.018945143875,0.20015839624999998,0.03972375574999999,0.369007628,0.03692435000000001,8.555249999999999e-06,0.0,0.0,0.001355971625
2024-10-23,1.4083466666669628e-05,0.018782367600000002,1.0013333333333333e-07,1.573333333037274e-08,8.7376e-06,1.2004e-06,4.787999999999884e-07,9.434e-06,2.6853333333333336e-07,2.156e-07,0.00016694306666666667,0.29331792706666665,0.017916254666666666,0.19732689333333334,0.04110248466666667,0.3908193144,0.04052415533333334,9.1256e-06,0.0,0.0,0.0
2024-10-24,1.4242054794516548e-05,0.020442302191780826,1.1164383561643835e-07,2.0547945202437746e-08,8.9913698630137e-06,1.2332876712328769e-06,4.919178082191662e-07,1.0709863013698631e-05,3.4109589041095886e-07,2.3082191780821921e-07,0.00017458808219178085,0.29858944684931504,0.012945351643835618,0.19485072643835613,0.043390899726027395,0.3764345524657534,0.05312565410958904,9.375616438356163e-06,7.302739726027398e-07,0.0,0.0
2024-10-25,1.4659859154927584e-05,0.02101814169014085,1.1126760563380283e-07,2.1126760560252894e-08,9.237042253521127e-06,1.2680281690140847e-06,5.057746478873117e-07,1.1002535211267606e-05,3.44225352112676e-07,2.3338028169014082e-07,0.0001795060563380282,0.2960243025352113,0.011690663239436622,0.2003394756338028,0.04461317859154929,0.37146480704225354,0.054622151408450705,9.639718309859154e-06,7.508450704225353e-07,0.0,0.0
2024-10-26,1.486742857142832e-05,0.020982227000000003,1.1285714285714287e-07,2.1428571425399363e-08,9.369000000000001e-06,1.2861428571428572e-06,5.129999999999876e-07,1.1159714285714287e-05,3.491428571428571e-07,2.367142857142857e-07,0.00018207042857142859,0.29453883114285717,0.011857672714285717,0.20210557757142858,0.045250509714285715,0.3767562942857143,0.04827836271428572,9.777428571428571e-06,7.615714285714286e-07,0.0,0.0
2024-10-27,1.486742857142832e-05,0.020982227000000003,1.1285714285714287e-07,2.1428571425399363e-08,9.369000000000001e-06,1.2861428571428572e-06,5.129999999999876e-07,1.1159714285714287e-05,3.491428571428571e-07,2.367142857142857e-07,0.00018207042857142859,0.29453883114285717,0.011857672714285717,0.20210557757142858,0.045250509714285715,0.3767562942857143,0.04827836271428572,9.777428571428571e-06,7.615714285714286e-07,0.0,0.0
2024-10-28,1.486742857142832e-05,0.020982227000000003,1.1285714285714287e-07,2.1428571425399363e-08,9.369000000000001e-06,1.2861428571428572e-06,5.129999999999876e-07,1.1159714285714287e-05,3.491428571428571e-07,2.367142857142857e-07,0.00018207042857142859,0.29453883114285717,0.011857672714285717,0.20210557757142858,0.045250509714285715,0.3767562942857143,0.04827836271428572,9.777428571428571e-06,7.615714285714286e-07,0.0,0.0
2024-10-29,1.3211232876708261e-05,0.020129257945205484,1.7643835616438355e-07,5.7397260270930904e-08,9.07082191780822e-06,1.2332876712328769e-06,4.919178082191662e-07,1.1025205479452056e-05,5.257534246575342e-07,2.9876712328767125e-07,0.00017343452054794522,0.2791044016438356,0.011368716712328768,0.2133842793150685,0.05395776917808219,0.3755415938356164,0.046294327808219175,9.397945205479451e-06,7.302739726027398e-07,0.0,0.0
2024-10-30,1.3370273972602533e-05,0.025411536164383575,1.6547945205479456e-07,4.821917807915009e-08,9.034931506849318e-06,1.233287671232877e-06,4.919178082191663e-07,1.0998219178082193e-05,5.049315068493152e-07,2.400000000000001e-07,0.00016909232876712333,0.2362254552054795,0.011366227671232878,0.21742606506849319,0.053956292054794526,0.4059330535616439,0.04946606246575344,9.397945205479453e-06,7.302739726027399e-07,0.0,0.0
2024-10-31,7.422307692314023e-06,0.036289943846153846,6.184615384615385e-07,8.525641025356355e-08,9.98871794871795e-06,1.175e-06,4.880769230769119e-07,1.1379230769230769e-05,1.7461538461538449e-06,6.992307692307691e-07,0.0001585448717948718,0.23991469166666668,0.01063805141025641,0.19061769705128204,0.05284995564102564,0.4103558328205128,0.05913216192307692,8.834871794871794e-06,6.834615384615385e-07,0.0,0.0
2024-11-01,8.281125000002774e-06,0.03542920325,6.231250000000001e-07,8.312499999722446e-08,9.759750000000001e-06,1.1456250000000001e-06,4.7587499999998917e-07,1.1126500000000001e-05,1.7484999999999986e-06,6.869999999999998e-07,0.00015120662500000003,0.226930749375,0.010375359625,0.194390988125,0.05212231075,0.42289955025000003,0.057654478875000005,1.1556125e-05,6.66375e-07,0.0,0.0
2024-11-02,8.08275000001511e-06,0.035433902375,6.36e-07,8.312499999722443e-08,7.97375e-06,2.0249999999999996e-08,8.602499999999891e-07,9.351249999999998e-06,1.7983749999999983e-06,7.201249999999997e-07,0.000151206625,0.21640544037499995,0.010375111499999999,0.19340805012499995,0.065238018875,0.42129059399999996,0.05765447887499999,1.3001374999999997e-05,6.699999999999999e-07,0.0,0.0
2024-11-03,8.08275000001511e-06,0.035433902375,6.36e-07,8.312499999722443e-08,7.97375e-06,2.0249999999999996e-08,8.602499999999891e-07,9.351249999999998e-06,1.7983749999999983e-06,7.201249999999997e-07,0.000151206625,0.21640544037499995,0.010375111499999999,0.19340805012499995,0.065238018875,0.42129059399999996,0.05765447887499999,1.3001374999999997e-05,6.699999999999999e-07,0.0,0.0
2024-11-04,8.08275000001511e-06,0.035433902375,6.36e-07,8.312499999722443e-08,7.97375e-06,2.0249999999999996e-08,8.602499999999891e-07,9.351249999999998e-06,1.7983749999999983e-06,7.201249999999997e-07,0.000151206625,0.21640544037499995,0.010375111499999999,0.19340805012499995,0.065238018875,0.42129059399999996,0.05765447887499999,1.3001374999999997e-05,6.699999999999999e-07,0.0,0.0
2024-11-05,8.5119480519614e-06,0.03793553701298702,6.572727272727274e-07,8.337662337373968e-08,8.412337662337662e-06,2.103896103896104e-08,8.937662337662227e-07,1.1974805194805196e-05,1.842207792207791e-06,7.397402597402596e-07,0.00015527896103896104,0.20935447493506493,0.010779760389610392,0.18110245142857145,0.06777008610389611,0.4415552767532468,0.05129979688311688,1.3504935064935064e-05,6.961038961038962e-07,0.0,0.0
2024-11-06,3.288108108121406e-06,0.03964765405405406,6.889189189189188e-07,8.675675675375615e-08,9.357972972972971e-06,2.1891891891891888e-08,9.299999999999882e-07,7.21635135135135e-06,1.9470270270270255e-06,7.697297297297294e-07,8.882081081081079e-05,0.19022337986486482,0.008973738108108106,0.18350011162162158,0.0765524539189189,0.424863924054054,0.07611201378378377,1.28727027027027e-05,7.243243243243242e-07,0.0,0.0
2024-11-07,-2.6249999999996975e-06,0.03876411986111111,7.216666666666667e-07,8.916666666358272e-08,4.870277777777778e-06,2.25e-08,1.3724999999999881e-06,7.795277777777777e-06,2.0194444444444432e-06,8.019444444444443e-07,2.5318333333333335e-05,0.17685468124999998,0.009223119166666667,0.18699197930555556,0.0784307075,0.4331448791666667,0.07653615291666666,1.3230277777777777e-05,7.444444444444444e-07,0.0,0.0
2024-11-08,-5.894117647062444e-06,0.03656704176470588,7.445588235294119e-07,9.4411764702617e-08,4.740735294117647e-06,2.3823529411764706e-08,9.251470588235167e-07,7.351617647058822e-06,2.0745588235294102e-06,8.272058823529411e-07,2.3026617647058823e-05,0.18200516558823526,0.0030867392647058824,0.17542200838235295,0.07891135073529412,0.4436316442647059,0.08032733867647057,1.4008529411764705e-05,7.882352941176471e-07,0.0,0.0
2024-11-09,-5.4390000000074614e-06,0.03552644871428571,6.924285714285714e-07,9.171428571111363e-08,4.592714285714284e-06,2.3142857142857137e-08,1.1219999999999875e-06,7.690714285714285e-06,1.9841428571428556e-06,7.514285714285711e-07,2.0322999999999995e-05,0.1942996408571428,0.002998540999999999,0.1704139837142857,0.07694933757142856,0.43861111085714277,0.07803304042857141,0.0031352988571428566,7.657142857142856e-07,0.0,0.0
2024-11-10,-5.4390000000074614e-06,0.03552644871428571,6.924285714285714e-07,9.171428571111363e-08,4.592714285714284e-06,2.3142857142857137e-08,1.1219999999999875e-06,7.690714285714285e-06,1.9841428571428556e-06,7.514285714285711e-07,2.0322999999999995e-05,0.1942996408571428,0.002998540999999999,0.1704139837142857,0.07694933757142856,0.43861111085714277,0.07803304042857141,0.0031352988571428566,7.657142857142856e-07,0.0,0.0
2024-11-11,-5.4390000000074614e-06,0.03552644871428571,6.924285714285714e-07,9.171428571111363e-08,4.592714285714284e-06,2.3142857142857137e-08,1.1219999999999875e-06,7.690714285714285e-06,1.9841428571428556e-06,7.514285714285711e-07,2.0322999999999995e-05,0.1942996408571428,0.002998540999999999,0.1704139837142857,0.07694933757142856,0.43861111085714277,0.07803304042857141,0.0031352988571428566,7.657142857142856e-07,0.0,0.0
2024-11-12,-5.474366197192248e-06,0.02951051028169015,6.898591549295777e-07,8.647887323630925e-08,4.5378873239436625e-06,2.281690140845071e-08,1.1150704225351992e-06,7.601267605633805e-06,1.9790140845070414e-06,7.652112676056338e-07,2.955704225352113e-05,0.20240702042253522,0.0004563090140845071,0.16805160873239441,0.07586554408450706,0.44841986211267615,0.06279986676056339,0.012447643380281693,7.549295774647889e-07,0.0,0.0
2024-11-13,-7.6241333333146525e-06,0.029934509866666677,8.553333333333335e-07,1.0266666666370611e-07,8.432133333333334e-06,2.653333333333334e-08,1.0787999999999887e-06,7.686933333333334e-06,2.4938666666666657e-06,8.845333333333334e-07,4.873560000000001e-05,0.23781629840000004,0.009148495866666669,0.1563488928,0.07619858253333335,0.4217595553333334,0.0569464988,0.01178376906666667,7.146666666666668e-07,1.0400000000000002e-08,0.0
2024-11-14,-7.479466666652277e-06,0.02677090400000001,8.446666666666667e-07,1.0266666666370611e-07,1.2201733333333334e-05,2.653333333333334e-08,1.0787999999999887e-06,6.7092e-06,2.4686666666666655e-06,8.793333333333334e-07,4.909733333333334e-05,0.23415563880000004,0.009453208933333334,0.17250772720000004,0.06400389813333335,0.4180127170666667,0.0632455244,0.011783726933333336,7.146666666666668e-07,1.0400000000000002e-08,0.0
2024-11-15,-7.50144736841069e-06,0.026550507894736855,8.403947368421053e-07,1.0526315789181522e-07,4.2844605263157904e-05,2.6184210526315796e-08,1.0685526315789363e-06,6.653026315789475e-06,2.497499999999999e-06,8.810526315789473e-07,4.845131578947369e-05,0.23606273657894736,0.009328824605263158,0.1616020821052632,0.06175612907894738,0.4324620934210527,0.06051236171052632,0.011628677894736844,7.05263157894737e-07,1.0263157894736845e-08,4.736842105263159e-09
2024-11-16,-7.312179487168115e-06,0.030055833205128214,8.215384615384617e-07,1.0256410256125585e-07,4.174602564102565e-05,2.5512820512820518e-08,1.0411538461538353e-06,6.4824358974358985e-06,2.437051282051281e-06,8.584615384615383e-07,4.720897435897437e-05,0.23764961974358975,0.013945163333333333,0.17838721794871795,0.05532719128205129,0.41110960897435894,0.06208951064102564,0.011341741538461542,6.871794871794873e-07,1.0000000000000002e-08,4.615384615384616e-09
2024-11-17,-7.312179487168115e-06,0.030055833205128214,8.215384615384617e-07,1.0256410256125585e-07,4.174602564102565e-05,2.5512820512820518e-08,1.0411538461538353e-06,6.4824358974358985e-06,2.437051282051281e-06,8.584615384615383e-07,4.720897435897437e-05,0.23764961974358975,0.013945163333333333,0.17838721794871795,0.05532719128205129,0.41110960897435894,0.06208951064102564,0.011341741538461542,6.871794871794873e-07,1.0000000000000002e-08,4.615384615384616e-09
2024-11-18,-7.312179487168115e-06,0.030055833205128214,8.215384615384617e-07,1.0256410256125585e-07,4.174602564102565e-05,2.5512820512820518e-08,1.0411538461538353e-06,6.4824358974358985e-06,2.437051282051281e-06,8.584615384615383e-07,4.720897435897437e-05,0.23764961974358975,0.013945163333333333,0.17838721794871795,0.05532719128205129,0.41110960897435894,0.06208951064102564,0.011341741538461542,6.871794871794873e-07,1.0000000000000002e-08,4.615384615384616e-09
2024-11-19,-2.6273809523674094e-06,0.040743130952380954,7.683333333333333e-07,9.523809523545185e-08,5.610619047619047e-05,2.3690476190476192e-08,9.66785714285704e-07,6.025238095238095e-06,2.2629761904761892e-06,7.855952380952379e-07,6.642166666666666e-05,0.23337698011904756,0.013100301904761904,0.18835823583333333,0.05182784583333332,0.3833109298809524,0.0785005136904762,0.010650581785714286,6.380952380952381e-07,9.285714285714286e-09,4.285714285714286e-09
2024-11-20,-2.482173913025558e-06,0.037404082717391304,7.151086956521738e-07,8.69565217367169e-08,0.00036075999999999995,2.1630434782608695e-08,8.827173913043384e-07,9.024891304347824e-06,3.500760869565216e-06,7.282608695652173e-07,9.734858695652173e-05,0.25430591934782604,0.02334128652173913,0.1763033091304348,0.05026157315217391,0.3617293443478261,0.07315437836956522,0.01946152934782609,5.826086956521739e-07,8.478260869565218e-09,0.003567399239130435
2024-11-21,-2.324777777758975e-06,0.03795656388888889,7.167777777777779e-07,8.533333333086616e-08,0.00036875977777777775,2.2111111111111113e-08,9.023333333333237e-07,8.376888888888889e-06,3.5169999999999987e-06,7.137777777777775e-07,9.702077777777779e-05,0.23730592988888885,0.02402249444444445,0.17440155000000002,0.05114079866666667,0.3726970988888889,0.067562502,0.030788585555555557,3.222222222222222e-09,8.666666666666667e-09,0.003646674777777778
2024-11-22,-2.2154255318995994e-06,0.036365079574468086,6.862765957446809e-07,8.170212765721228e-08,0.0003530678723404255,2.1170212765957447e-08,8.639361702127568e-07,1.1008723404255319e-05,3.3673404255319133e-06,6.834042553191487e-07,0.00010048670212765959,0.24381341702127654,0.023000260638297874,0.16698020744680853,0.049029221489361695,0.3826782220212766,0.06469559861702127,0.029478432978723407,3.085106382978723e-09,8.297872340425532e-09,0.0034914971276595744
2024-11-23,-2.1654166666482463e-06,0.03803281197916667,6.719791666666667e-07,7.999999999768703e-08,0.00034571229166666665,2.0729166666666668e-08,8.45937499999991e-07,1.0779374999999999e-05,3.2971874999999987e-06,6.691666666666665e-07,9.990343750000001e-05,0.24114376281249997,0.022521088541666668,0.1683914840625,0.048007779375,0.37745259239583334,0.0717075984375,0.028864298958333336,3.020833333333333e-09,8.125e-09,0.0034187576041666665
2024-11-24,-2.1654166666482463e-06,0.03803281197916667,6.719791666666667e-07,7.999999999768703e-08,0.00034571229166666665,2.0729166666666668e-08,8.45937499999991e-07,1.0779374999999999e-05,3.2971874999999987e-06,6.691666666666665e-07,9.990343750000001e-05,0.24114376281249997,0.022521088541666668,0.1683914840625,0.048007779375,0.37745259239583334,0.0717075984375,0.028864298958333336,3.020833333333333e-09,8.125e-09,0.0034187576041666665
2024-11-25,-2.1654166666482463e-06,0.03803281197916667,6.719791666666667e-07,7.999999999768703e-08,0.00034571229166666665,2.0729166666666668e-08,8.45937499999991e-07,1.0779374999999999e-05,3.2971874999999987e-06,6.691666666666665e-07,9.990343750000001e-05,0.24114376281249997,0.022521088541666668,0.1683914840625,0.048007779375,0.37745259239583334,0.0717075984375,0.028864298958333336,3.020833333333333e-09,8.125e-09,0.0034187576041666665
2024-11-26,-1.4032978723162223e-06,0.039348432553191495,6.356382978723405e-07,5.3085106380616554e-08,0.00035300042553191484,2.1170212765957447e-08,8.639361702127568e-07,1.0759255319148935e-05,3.219042553191488e-06,6.276595744680851e-07,0.00010052063829787233,0.25516374117021273,0.024272326063829786,0.160119015,0.041279005851063824,0.37167746234042554,0.0732422864893617,0.030937924468085107,3.085106382978723e-09,8.297872340425532e-09,0.0034914971276595744
2024-11-27,-1.532395833310903e-06,0.03530250947916667,6.342708333333334e-07,5.541666666435371e-08,0.000345665,2.0729166666666668e-08,8.45937499999991e-07,1.0586562499999999e-05,3.178124999999998e-06,6.308333333333333e-07,0.00010093666666666667,0.28696508666666665,0.030223301041666668,0.15701004062499999,0.044535809583333336,0.33673707104166667,0.0702459515625,0.03505843677083333,4.200635416666667e-05,8.125e-09,0.0034187576041666665
2024-11-28,2.8233333333513093e-06,0.03619625677777778,2.6633333333333335e-07,2.4333333330866174e-08,0.00036737177777777786,4.111111111111111e-09,8.783333333333238e-07,1.033477777777778e-05,2.272222222222222e-06,2.583333333333334e-07,0.000105544,0.28217758933333337,0.03223781677777778,0.15106156922222225,0.04547306122222223,0.3471882934444445,0.06408851366666668,0.037395631777777785,4.480677777777778e-05,8.666666666666668e-09,0.0036466747777777783
2024-11-29,5.077613636386759e-06,0.03855122375,2.5409090909090906e-07,2.48863636338404e-08,0.0003774243181818182,4.204545454545454e-09,8.982954545454446e-07,1.0540795454545454e-05,2.2820454545454543e-06,2.5943181818181823e-07,0.00010794272727272726,0.2870395696590909,0.037148578068181816,0.14976936670454546,0.04596689988636363,0.33215540170454544,0.06684600625,0.03824285784090909,4.5825113636363634e-05,8.863636363636363e-09,0.00372955375
2024-11-30,5.29287356323998e-06,0.04258289482758621,2.4517241379310345e-07,2.517241379055121e-08,0.0003817573563218391,4.25287356321839e-09,5.551724137930936e-07,1.0643793103448277e-05,2.2650574712643676e-06,2.3666666666666672e-07,0.00010918344827586206,0.2868070928735632,0.03757544517241379,0.1514899867816092,0.03324180057471265,0.337678338045977,0.0676143511494253,0.03868110195402299,4.634850574712643e-05,8.96551724137931e-09,0.003772422183908046
2024-12-01,5.29287356323998e-06,0.04258289482758621,2.4517241379310345e-07,2.517241379055121e-08,0.0003817573563218391,4.25287356321839e-09,5.551724137930936e-07,1.0643793103448277e-05,2.2650574712643676e-06,2.3666666666666672e-07,0.00010918344827586206,0.2868070928735632,0.03757544517241379,0.1514899867816092,0.03324180057471265,0.337678338045977,0.0676143511494253,0.03868110195402299,4.634850574712643e-05,8.96551724137931e-09,0.003772422183908046
2024-12-02,5.29287356323998e-06,0.04258289482758621,2.4517241379310345e-07,2.517241379055121e-08,0.0003817573563218391,4.25287356321839e-09,5.551724137930936e-07,1.0643793103448277e-05,2.2650574712643676e-06,2.3666666666666672e-07,0.00010918344827586206,0.2868070928735632,0.03757544517241379,0.1514899867816092,0.03324180057471265,0.337678338045977,0.0676143511494253,0.03868110195402299,4.634850574712643e-05,8.96551724137931e-09,0.003772422183908046
2024-12-03,5.416823529434825e-06,0.04255708294117647,2.5094117647058824e-07,2.576470587974065e-08,0.0003906023529411765,4.352941176470587e-09,5.682352941176368e-07,8.820117647058823e-06,2.3183529411764704e-06,2.422352941176471e-07,0.00011175247058823529,0.29234850764705883,0.03845838411764706,0.14957684,0.03402396058823529,0.3298100671764706,0.06920527705882354,0.03959124552941176,4.743905882352941e-05,9.176470588235295e-09,0.0038611850588235294
2024-12-04,7.862222222247028e-06,0.044481829382716054,2.587654320987654e-07,8.2790123456516e-07,0.0004131681481481481,4.567901234567901e-09,5.962962962962856e-07,9.232469135802468e-06,2.3988888888888886e-06,2.5419753086419757e-07,0.00011923061728395062,0.2966948641975309,0.041955002962962964,0.14511069679012348,0.030190761604938273,0.3379846762962963,0.051854565679012345,0.04707211679012346,4.9781728395061725e-05,9.62962962962963e-09,0.00405186086419753
2024-12-05,7.283205128230343e-06,0.04614695641025642,2.5615384615384617e-07,8.597435897407434e-07,0.000429053076923077,4.743589743589744e-09,2.3461538461537354e-07,8.912051282051283e-06,2.457051282051282e-06,2.5397435897435907e-07,0.00012146294871794875,0.28682472051282054,0.04836004705128206,0.1424194152564103,0.031347845769230775,0.329350792948718,0.05384963615384617,0.05687040025641027,5.1696410256410266e-05,1.0000000000000002e-08,0.0042077016666666675
2024-12-06,1.0821750000025277e-05,0.045002546124999994,2.5374999999999995e-07,8.382499999972245e-07,0.00041834549999999993,4.624999999999998e-09,2.2874999999998913e-07,1.0077499999999998e-05,2.460624999999999e-06,2.47625e-07,0.00011968812499999997,0.28149792612499996,0.047152739749999985,0.146188541875,0.030564157499999994,0.3253579573749999,0.06407159412499999,0.05544864024999999,5.041149999999999e-05,9.75e-09,0.004102509124999999
2024-12-07,1.1241818181845069e-05,0.04675205051948053,2.6363636363636366e-07,8.709090909062076e-07,0.0004346446753246754,4.805194805194806e-09,3.467532467531342e-08,9.932597402597403e-06,2.5564935064935063e-06,2.541558441558443e-07,0.00012435129870129872,0.2765611381818182,0.04898985948051948,0.1388953668831169,0.03148897168831169,0.3310754628571429,0.06656718610389611,0.05477107636363637,5.237558441558442e-05,1.0129870129870132e-08,0.004262347142857143
2024-12-08,1.1241818181845069e-05,0.04675205051948053,2.6363636363636366e-07,8.709090909062076e-07,0.0004346446753246754,4.805194805194806e-09,3.467532467531342e-08,9.932597402597403e-06,2.5564935064935063e-06,2.541558441558443e-07,0.00012435129870129872,0.2765611381818182,0.04898985948051948,0.1388953668831169,0.03148897168831169,0.3310754628571429,0.06656718610389611,0.05477107636363637,5.237558441558442e-05,1.0129870129870132e-08,0.004262347142857143
2024-12-09,1.1241818181845069e-05,0.04675205051948053,2.6363636363636366e-07,8.709090909062076e-07,0.0004346446753246754,4.805194805194806e-09,3.467532467531342e-08,9.932597402597403e-06,2.5564935064935063e-06,2.541558441558443e-07,0.00012435129870129872,0.2765611381818182,0.04898985948051948,0.1388953668831169,0.03148897168831169,0.3310754628571429,0.06656718610389611,0.05477107636363637,5.237558441558442e-05,1.0129870129870132e-08,0.004262347142857143
2024-12-10,1.2017671232910909e-05,0.048218882191780825,2.710958904109589e-07,9.186301369832598e-07,0.0004584408219178082,5.068493150684931e-09,2.7945205479440172e-08,1.0452191780821917e-05,2.6530136986301364e-06,2.443835616438357e-07,0.00012102232876712329,0.28008166438356163,0.05125313493150684,0.1464554702739726,0.03321439479452054,0.31674060698630135,0.0702146998630137,0.048663936849315075,5.524547945205479e-05,1.0684931506849316e-08,0.004495900410958904
2024-12-11,2.3928571428580373e-05,0.05349024825396826,6.968253968253968e-08,1.0396825396790151e-06,0.0005260660317460316,0.0,4.7619047618909936e-09,1.1663809523809521e-05,2.32063492063492e-06,8.095238095238093e-08,0.00011309539682539682,0.26486489365079363,0.049020426666666665,0.16678740555555555,0.017415253333333332,0.30796933539682536,0.07811224634920634,0.05638837126984127,6.401460317460316e-05,0.0,0.005209535396825396
2024-12-12,2.5989310344837734e-05,0.058069010862068976,7.568965517241381e-08,1.1293103448237581e-06,0.000566523275862069,0.0,5.172413793088494e-09,1.2662241379310347e-05,2.5096551724137933e-06,8.793103448275862e-08,0.00012070758620689656,0.28157209413793105,0.05285230000000001,0.15781188431034482,0.01681508931034483,0.2884715581034483,0.07670076896551725,0.061249437758620705,6.953310344827586e-05,0.0,0.00565863327586207
2024-12-13,2.7566727272738645e-05,0.061041416545454565,7.036363636363638e-08,1.1854545454505088e-06,0.0005548598181818182,0.0,0.0,1.3308545454545455e-05,2.5618181818181817e-06,7.436363636363637e-08,0.00012729163636363637,0.27752573981818185,0.05573515272727274,0.16636786490909092,0.01742628781818182,0.26966125072727276,0.08088444727272728,0.0645903161818182,7.332581818181819e-05,0.0,0.005967279454545456
2024-12-14,2.9725490196089707e-05,0.05942321490196079,7.176470588235295e-08,1.2784313725446661e-06,0.0005983782352941175,0.0,0.0,1.435235294117647e-05,2.757254901960784e-06,8.019607843137255e-08,0.00013727529411764706,0.27556140509803917,0.052671652941176476,0.14571039862745097,0.01713359470588235,0.29081115274509806,0.0817512431372549,0.0696390405882353,7.907686274509803e-05,0.0,0.00643530137254902
2024-12-15,2.9725490196089707e-05,0.05942321490196079,7.176470588235293e-08,1.2784313725446661e-06,0.0005983782352941175,0.0,0.0,1.435235294117647e-05,2.757254901960784e-06,8.019607843137255e-08,0.00013727529411764706,0.27556140509803917,0.052671652941176476,0.14571039862745097,0.01713359470588235,0.29081115274509806,0.0817512431372549,0.0696390405882353,7.907686274509803e-05,0.0,0.00643530137254902
2024-12-16,2.9725490196089707e-05,0.05942321490196079,7.176470588235293e-08,1.2784313725446661e-06,0.0005983782352941175,0.0,0.0,1.435235294117647e-05,2.757254901960784e-06,8.019607843137255e-08,0.00013727529411764706,0.27556140509803917,0.052671652941176476,0.14571039862745097,0.01713359470588235,0.29081115274509806,0.0817512431372549,0.0696390405882353,7.907686274509803e-05,0.0,0.00643530137254902
2024-12-17,2.778428571429339e-05,0.04648246476190476,7.619047619047618e-08,1.5523809523756656e-06,0.000691912857142857,0.0,0.0,1.741619047619047e-05,3.3392857142857135e-06,9.738095238095235e-08,0.00011276547619047617,0.2975550397619047,0.06365599238095238,0.11558362952380952,0.01989988571428571,0.306156534047619,0.05757743047619046,0.08432376285714285,9.602190476190474e-05,0.0,0.007814294523809523
2024-12-18,4.377343749998374e-05,0.06510623343750001,6.78125e-08,2.0374999999930615e-06,1.5610625e-05,0.0,2.5865624999999727e-06,1.73671875e-05,3.14375e-07,7.093749999999998e-08,4.2484375e-05,0.29215582625000003,0.050843343750000006,0.12114017343750001,0.0180172390625,0.301148870625,0.0686571528125,0.0826808190625,0.00012602875,0.0,0.0
2024-12-19,5.005535714284178e-05,0.07223961142857142,6.785714285714285e-08,2.3285714285634986e-06,1.7840714285714284e-05,0.0,2.956071428571397e-06,1.9848214285714285e-05,3.5928571428571427e-07,7.035714285714284e-08,4.855357142857143e-05,0.3245796085714286,0.05757907821428571,0.1265003632142857,0.01644305928571428,0.2712177471428571,0.07168034035714284,0.05947407892857142,0.00014403285714285712,0.0,0.0
2024-12-20,5.835708333332601e-05,0.08418676625,7.916666666666667e-08,2.7166666666574155e-06,2.0814166666666668e-05,0.0,3.448749999999964e-06,1.1452083333333333e-05,4.191666666666667e-07,8.208333333333332e-08,2.6900833333333335e-05,0.31363756375,0.06717559125000001,0.14758375708333335,0.018930446666666666,0.21521178958333334,0.08359535166666666,0.06938642541666667,0.0001680383333333333,0.0,0.0
2024-12-21,6.364545454543153e-05,0.08125681454545455,8.636363636363636e-08,2.9636363636262714e-06,2.2706363636363638e-05,0.0,3.7622727272726877e-06,1.2493181818181818e-05,4.572727272727273e-07,8.954545454545453e-08,2.2756363636363642e-05,0.33163461363636365,0.07328246318181819,0.13966214545454544,0.020651396363636363,0.2227903159090909,0.05471569363636363,0.07569428227272729,0.00018331454545454545,0.0,0.0
2024-12-22,6.364545454543153e-05,0.08125681454545455,8.636363636363636e-08,2.9636363636262714e-06,2.2706363636363638e-05,0.0,3.7622727272726877e-06,1.2493181818181818e-05,4.572727272727273e-07,8.954545454545453e-08,2.2756363636363642e-05,0.33163461363636365,0.07328246318181819,0.13966214545454544,0.020651396363636363,0.2227903159090909,0.05471569363636363,0.07569428227272729,0.00018331454545454545,0.0,0.0
2024-12-23,6.364545454543153e-05,0.08125681454545455,8.636363636363636e-08,2.9636363636262714e-06,2.2706363636363638e-05,0.0,3.7622727272726877e-06,1.2493181818181818e-05,4.572727272727273e-07,8.954545454545453e-08,2.2756363636363642e-05,0.33163461363636365,0.07328246318181819,0.13966214545454544,0.020651396363636363,0.2227903159090909,0.05471569363636363,0.07569428227272729,0.00018331454545454545,0.0,0.0
2024-12-24,7.002299999996238e-05,0.0869683635,8.4e-08,3.2599999999888985e-06,2.4977e-05,0.0,4.138499999999956e-06,1.3732000000000002e-05,5.03e-07,9.849999999999999e-08,2.5032000000000007e-05,0.32190748550000003,0.07463198750000001,0.137865015,0.020573476,0.2211611975,0.060144962,0.076404019,0.000201646,0.0,0.0
2024-12-25,0.0001035837499999433,0.090723909375,5.312499999999999e-08,4.054374999986122e-06,6.817874999999998e-05,2.4431249999999996e-06,1.625624999999994e-05,4.460937499999999e-05,5.518749999999999e-07,2.5624999999999993e-08,2.676562499999999e-05,0.23544147437500001,0.05509419312499999,0.12133586812499997,0.0010551393749999999,0.22761787624999996,0.06669378062499999,0.20177119937499993,3.749999999999999e-08,0.0,0.0
2024-12-26,0.00012947999999994526,0.04335083071428574,6.071428571428572e-08,4.633571428555569e-06,7.930214285714287e-05,2.7921428571428575e-06,1.857857142857137e-05,6.852071428571429e-05,6.307142857142858e-07,2.9285714285714288e-08,9.1375e-05,0.23612275142857153,0.07500436357142859,0.1409337057142857,0.001161209285714286,0.15450814285714287,0.07801189428571428,0.27051165642857145,4.285714285714286e-08,0.0,0.0
2024-12-27,0.00011817307692301022,0.036026646923076944,6.538461538461538e-08,4.98999999998292e-06,7.374538461538462e-05,3.006923076923077e-06,2.000769230769224e-05,7.379153846153846e-05,6.792307692307693e-07,3.153846153846154e-08,9.840384615384615e-05,0.24572596846153852,0.052471459230769235,0.13121616615384613,0.0012505330769230771,0.16639338461538464,0.07520265538461537,0.2913202453846154,4.615384615384615e-08,0.0,0.0
2024-12-28,0.0001182838461537967,0.04043700153846155,6.538461538461538e-08,4.98999999998292e-06,9.562000000000002e-05,3.006923076923077e-06,2.000769230769224e-05,7.377000000000001e-05,6.984615384615385e-07,0.0,9.840384615384615e-05,0.27849592923076927,0.05249737461538462,0.13564921384615383,0.0012505330769230771,0.11406047230769231,0.07520265538461537,0.30199192769230765,4.615384615384615e-08,0.0,0.0
2024-12-29,0.0001182838461537967,0.04043700153846155,6.538461538461538e-08,4.98999999998292e-06,9.562000000000002e-05,3.006923076923077e-06,2.000769230769224e-05,7.377000000000001e-05,6.984615384615385e-07,0.0,9.840384615384615e-05,0.27849592923076927,0.05249737461538462,0.13564921384615383,0.0012505330769230771,0.11406047230769231,0.07520265538461537,0.30199192769230765,4.615384615384615e-08,0.0,0.0
2024-12-30,0.0001182838461537967,0.04043700153846155,6.538461538461538e-08,4.98999999998292e-06,9.562000000000002e-05,3.006923076923077e-06,2.000769230769224e-05,7.377000000000001e-05,6.984615384615385e-07,0.0,9.840384615384615e-05,0.27849592923076927,0.05249737461538462,0.13564921384615383,0.0012505330769230771,0.11406047230769231,0.07520265538461537,0.30199192769230765,4.615384615384615e-08,0.0,0.0
2024-12-31,0.0001098621428570948,0.03774817714285716,6.071428571428572e-08,4.633571428555569e-06,9.925214285714287e-05,2.792142857142857e-06,2.090928571428565e-05,6.850071428571429e-05,6.750000000000001e-07,0.0,9.1375e-05,0.2870163607142858,0.06890580357142857,0.12609615214285713,0.0011612092857142858,0.11132113857142857,0.07755558785714285,0.2897974671428571,4.285714285714286e-08,0.0,0.0
2025-01-01,8.964899999996483e-05,0.026561812000000008,6.75e-08,0.0,7.56205e-05,6.3979999999999996e-06,2.7563499999999954e-05,5.28135e-05,5.855e-07,0.0,6.20425e-05,0.27066946000000003,0.052200003499999995,0.1208072415,0.0008262425000000002,0.0880642415,0.06158140249999999,0.37897482650000003,3e-08,0.0,0.0
2025-01-02,9.524399999997262e-05,0.026528855500000014,6.75e-08,0.0,8.28265e-05,6.3979999999999996e-06,2.7563499999999954e-05,5.28135e-05,2.6285e-06,0.0,6.20425e-05,0.27405911400000005,0.036675444499999994,0.137568788,0.0008262425000000002,0.0880642415,0.06157881249999999,0.3743688875,3e-08,0.0,0.0
2025-01-03,8.462473684208126e-05,0.030942874736842114,5.4210526315789456e-08,0.0,0.0001032136842105263,6.734736842105261e-06,2.9014210526315738e-05,4.97478947368421e-05,2.4931578947368416e-06,0.0,5.999526315789472e-05,0.28089260368421054,0.04004870263157894,0.125278427368421,0.0008696957894736842,0.07898448894736841,0.016167923157894733,0.42647940578947363,0.0,0.0,0.0
2025-01-04,9.095549999997287e-05,0.03315941350000001,5.149999999999999e-08,0.0,9.8053e-05,6.3979999999999996e-06,2.7563499999999954e-05,4.7260500000000006e-05,2.3685000000000003e-06,0.0,0.00011384450000000001,0.2810143500000001,0.038050605,0.12385487549999999,0.0008262110000000001,0.07504306699999999,0.015369916,0.432295067,0.0,0.0,0.0
2025-01-05,9.095549999997287e-05,0.03315941350000001,5.149999999999999e-08,0.0,9.8053e-05,6.3979999999999996e-06,2.7563499999999954e-05,4.7260500000000006e-05,2.3685000000000003e-06,0.0,0.00011384450000000001,0.2810143500000001,0.038050605,0.12385487549999999,0.0008262110000000001,0.07504306699999999,0.015369916,0.432295067,0.0,0.0,0.0
2025-01-06,9.095549999997287e-05,0.03315941350000001,5.149999999999999e-08,0.0,9.8053e-05,6.3979999999999996e-06,2.7563499999999954e-05,4.7260500000000006e-05,2.3685000000000003e-06,0.0,0.00011384450000000001,0.2810143500000001,0.038050605,0.12385487549999999,0.0008262110000000001,0.07504306699999999,0.015369916,0.432295067,0.0,0.0,0.0
2025-01-07,8.662619047616893e-05,0.03159014190476191,4.904761904761904e-08,0.0,9.338380952380953e-05,6.093333333333333e-06,2.6250952380952338e-05,4.5010000000000004e-05,2.255714285714286e-06,0.0,0.00010842333333333334,0.26763271428571433,0.03623867142857143,0.11795702428571427,0.0007868676190476192,0.0714695876190476,0.014638015238095239,0.41170958761904763,0.047609297619047614,0.0,0.0
2025-01-08,5.09151851851651e-05,0.030953696296296303,3.8148148148148146e-08,0.0,7.263185185185185e-05,4.739259259259259e-06,2.0417407407407375e-05,3.4649629629629636e-05,1.7544444444444445e-06,0.0,9.647259259259258e-05,0.19471942518518523,0.04778768333333333,0.08411740333333333,0.0006216803703703704,0.055587457037037026,0.011385122962962964,0.5004794233333334,0.07406648962962963,0.0,0.0
2025-01-09,4.65265517241159e-05,0.028826322413793116,7.310344827586207e-08,0.0,6.765586206896553e-05,4.412413793103449e-06,1.9039999999999974e-05,3.2553793103448284e-05,1.7875862068965522e-06,7.793103448275864e-08,9.364000000000002e-05,0.22051559965517245,0.06215707827586208,0.07831625310344828,0.0005788058620689656,0.05175383931034482,0.010599949655172415,0.4780279213793104,0.06895846310344828,0.0,0.0
2025-01-10,4.65265517241159e-05,0.028826322413793116,7.310344827586207e-08,0.0,6.765586206896553e-05,4.412413793103449e-06,1.9039999999999974e-05,3.2553793103448284e-05,1.7875862068965522e-06,7.793103448275864e-08,9.364000000000002e-05,0.22051559965517245,0.06215707827586208,0.07831625310344828,0.0005788058620689656,0.05175383931034482,0.010599949655172415,0.4780279213793104,0.06895846310344828,0.0,0.0
2025-01-11,4.65265517241159e-05,0.028826322413793116,7.310344827586207e-08,0.0,6.765586206896553e-05,4.412413793103449e-06,1.9039999999999974e-05,3.2553793103448284e-05,1.7875862068965522e-06,7.793103448275864e-08,9.364000000000002e-05,0.22051559965517245,0.06215707827586208,0.07831625310344828,0.0005788058620689656,0.05175383931034482,0.010599949655172415,0.4780279213793104,0.06895846310344828,0.0,0.0
2025-01-12,4.65265517241159e-05,0.028826322413793116,7.310344827586207e-08,0.0,6.765586206896553e-05,4.412413793103449e-06,1.9039999999999974e-05,3.2553793103448284e-05,1.7875862068965522e-06,7.793103448275864e-08,9.364000000000002e-05,0.22051559965517245,0.06215707827586208,0.07831625310344828,0.0005788058620689656,0.05175383931034482,0.010599949655172415,0.4780279213793104,0.06895846310344828,0.0,0.0
2025-01-13,4.65265517241159e-05,0.028826322413793116,7.310344827586207e-08,0.0,6.765586206896553e-05,4.412413793103449e-06,1.9039999999999974e-05,3.2553793103448284e-05,1.7875862068965522e-06,7.793103448275864e-08,9.364000000000002e-05,0.22051559965517245,0.06215707827586208,0.07831625310344828,0.0005788058620689656,0.05175383931034482,0.010599949655172415,0.4780279213793104,0.06895846310344828,0.0,0.0
2025-01-14,4.65265517241159e-05,0.028826322413793116,7.310344827586207e-08,0.0,6.765586206896553e-05,4.412413793103449e-06,1.9039999999999974e-05,3.2553793103448284e-05,1.7875862068965522e-06,7.793103448275864e-08,9.364000000000002e-05,0.22051559965517245,0.06215707827586208,0.07831625310344828,0.0005788058620689656,0.05175383931034482,0.010599949655172415,0.4780279213793104,0.06895846310344828,0.0,0.0
2025-01-15,4.1588518518514145e-05,0.02538424148148149,7.037037037037036e-08,0.0,7.190333333333334e-05,4.739259259259259e-06,1.738481481481478e-05,2.946740740740741e-05,1.8537037037037037e-06,8.37037037037037e-08,0.0001005762962962963,0.18595167148148148,0.0667439525925926,0.07679643518518518,4.270185185185185e-05,0.04593541999999999,0.011374015555555554,0.5134373970370371,0.0740664974074074,0.0,0.0
2025-01-16,0.06455683516129032,0.022123629354838716,6.129032258064517e-08,0.0,6.264870967741936e-05,4.127741935483871e-06,1.5141612903225777e-05,2.570193548387097e-05,3.816451612903226e-06,7.290322580645161e-08,9.513387096774192e-05,0.16655309193548387,0.06221611870967742,0.06690123548387097,3.719193548387097e-05,0.040008269032258056,0.00990640064516129,0.5029809932258065,0.06450953,0.0,0.0
2025-01-17,0.06455683516129032,0.022123629354838716,6.129032258064517e-08,0.0,6.264870967741936e-05,4.127741935483871e-06,1.5141612903225777e-05,2.570193548387097e-05,3.816451612903226e-06,7.290322580645161e-08,9.513387096774192e-05,0.16655309193548384,0.06221611870967742,0.06690123548387097,3.719193548387097e-05,0.040008269032258056,0.00990640064516129,0.5029809932258065,0.06450953,0.0,0.0
2025-01-18,0.0625394365625,0.021455921562500008,5.9375e-08,0.0,6.0690937500000005e-05,3.99875e-06,1.4668437499999972e-05,2.4898750000000003e-05,3.6971875e-06,7.0625e-08,0.0001030984375,0.16152657374999999,0.065242615625,0.07596050656249999,3.60296875e-05,0.03875801062499999,0.0096094353125,0.502166680625,0.062493607187499994,0.0,0.0
2025-01-19,0.0625394365625,0.021455921562500008,5.9375e-08,0.0,6.0690937500000005e-05,3.99875e-06,1.4668437499999972e-05,2.4898750000000003e-05,3.6971875e-06,7.0625e-08,0.0001030984375,0.16152657375,0.065242615625,0.07596050656249999,3.60296875e-05,0.03875801062499999,0.0096094353125,0.502166680625,0.062493607187499994,0.0,0.0
2025-01-20,0.0625394365625,0.021455921562500008,5.9375e-08,0.0,6.0690937500000005e-05,3.99875e-06,1.4668437499999972e-05,2.4898750000000003e-05,3.6971875e-06,7.0625e-08,0.0001030984375,0.16152657375,0.065242615625,0.07596050656249999,3.60296875e-05,0.03875801062499999,0.0096094353125,0.502166680625,0.062493607187499994,0.0,0.0
2025-01-21,0.05890638117647059,0.0253471911764706,5.588235294117648e-08,0.0,5.7120882352941195e-05,3.763529411764706e-06,1.3805588235294095e-05,2.3434117647058832e-05,3.479705882352942e-06,6.647058823529413e-08,9.703382352941178e-05,0.1561588191176471,0.06140481470588237,0.08296269558823531,3.3910294117647066e-05,0.036482794411764705,0.009047977352941178,0.5106391435294119,0.05881751264705883,0.0,0.0
2025-01-22,0.052861494999999994,0.02460832736842106,4.184210526315789e-08,5.9947368420994205e-06,3.549973684210526e-05,2.3386842105263156e-06,7.685789473684189e-06,1.6462631578947374e-05,3.071052631578947e-06,5.947368421052631e-08,8.238315789473685e-05,0.11878274815789472,0.071349635,0.10497961631578948,1.3922894736842105e-05,0.021055552894736842,0.008068447368421054,0.5455005223684211,0.05262619552631578,0.0,0.0
2025-01-23,0.05155961358974357,0.026433565641025645,4.076923076923077e-08,5.8410256410199474e-06,3.4092820512820514e-05,2.278717948717949e-06,7.488717948717927e-06,1.2711538461538464e-05,2.992307692307692e-06,5.7948717948717946e-08,5.845025641025641e-05,0.12354000641025642,0.06997929743589744,0.11232880923076922,1.3565897435897436e-05,0.01793057974358974,0.006561385128205128,0.5402524169230769,0.05127680589743589,0.0,0.0
2025-01-24,0.050282765249999986,0.025772726500000002,3.975e-08,5.694999999994449e-06,3.32405e-05,2.2217500000000004e-06,7.301499999999979e-06,1.2393750000000003e-05,2.9174999999999996e-06,5.6499999999999996e-08,5.6989e-05,0.12046661225,0.06842173250000001,0.10952058899999999,1.322675e-05,0.017482315249999998,0.0063973505,0.551526941,0.049994885749999995,0.0,0.0
2025-01-25,0.05029788674999998,0.01651965325000001,3.975e-08,5.694999999994449e-06,2.6114750000000006e-05,2.2217500000000004e-06,7.301499999999979e-06,1.2387500000000001e-05,2.9055e-06,5.6499999999999996e-08,5.6989e-05,0.10966137625000001,0.0725759805,0.10808767175,1.322675e-05,0.017482315249999998,0.0063973505,0.5688559420000001,0.049994885749999995,0.0,0.0
2025-01-26,0.05029788674999998,0.016519653250000006,3.975e-08,5.694999999994449e-06,2.6114750000000006e-05,2.2217500000000004e-06,7.301499999999979e-06,1.2387500000000001e-05,2.9055e-06,5.6499999999999996e-08,5.6989e-05,0.10966137625000001,0.0725759805,0.10808767175,1.322675e-05,0.017482315249999998,0.0063973505,0.5688559420000001,0.049994885749999995,0.0,0.0
2025-01-27,0.05029788674999998,0.016519653250000006,3.975e-08,5.694999999994449e-06,2.6114750000000006e-05,2.2217500000000004e-06,7.301499999999979e-06,1.2387500000000001e-05,2.9055e-06,5.6499999999999996e-08,5.6989e-05,0.10966137625000001,0.0725759805,0.10808767175,1.322675e-05,0.017482315249999998,0.0063973505,0.5688559420000001,0.049994885749999995,0.0,0.0
2025-01-28,0.050297877999999976,0.016449816750000006,3.975e-08,5.694999999994449e-06,2.2453000000000003e-05,2.2217500000000004e-06,8.432249999999977e-06,1.4716000000000003e-05,2.89625e-06,5.6499999999999996e-08,5.6989e-05,0.099716827,0.065523046,0.10804001299999999,1.322675e-05,0.015589570249999999,0.0036937577500000007,0.59056747925,0.049994885749999995,0.0,0.0
2025-01-29,0.05158341128205127,0.04187195846153847,2.7948717948717946e-08,5.8410256410199474e-06,1.1585384615384615e-05,7.438461538461538e-07,2.0192307692307472e-06,2.5105384615384616e-05,2.9125641025641026e-06,5.7948717948717946e-08,5.6798205128205126e-05,0.06448086923076922,0.08802531769230769,0.12665698923076923,6.696153846153847e-06,0.002025895384615385,4.643615384615384e-05,0.573920528974359,0.05127680589743589,0.0,0.0
2025-01-30,0.05158053923076922,0.041891420000000006,2.7948717948717946e-08,5.8410256410199474e-06,7.889999999999999e-06,7.438461538461538e-07,2.0192307692307472e-06,2.98874358974359e-05,1.8648717948717946e-06,5.7948717948717946e-08,5.6798205128205126e-05,0.08827786589743589,0.08640057333333334,0.11806277512820514,6.696153846153847e-06,0.002025895384615385,4.643615384615384e-05,0.5603258623076923,0.05127680589743589,0.0,0.0
2025-01-31,0.05293790499999998,0.041465441578947375,2.8684210526315788e-08,5.9947368420994205e-06,4.421052631578948e-08,7.634210526315789e-07,2.0723684210526088e-06,3.067394736842105e-05,1.9139473684210523e-06,5.947368421052631e-08,5.829289473684211e-05,0.09051457078947367,0.08794922078947369,0.1155043397368421,6.872368421052632e-06,8.282105263157895e-06,1.9495e-05,0.5588678334210527,0.05262619552631578,0.0,0.0
2025-02-01,0.05293305473684208,0.03950068210526316,2.8684210526315788e-08,5.9947368420994205e-06,4.421052631578948e-08,7.634210526315789e-07,2.4734210526315563e-06,3.067394736842105e-05,1.9139473684210523e-06,5.947368421052631e-08,3.3026578947368424e-05,0.08321507342105262,0.09168522868421053,0.1129790802631579,6.872368421052632e-06,4.175526315789474e-06,1.4027105263157892e-05,0.5669606318421053,0.05262619552631578,0.0,0.0
2025-02-02,0.05293305473684208,0.03950068210526316,2.8684210526315788e-08,5.9947368420994205e-06,4.421052631578948e-08,7.634210526315789e-07,2.4734210526315563e-06,3.067394736842105e-05,1.9139473684210523e-06,5.947368421052631e-08,3.3026578947368424e-05,0.08321507342105262,0.09168522868421053,0.1129790802631579,6.872368421052632e-06,4.175526315789474e-06,1.4027105263157892e-05,0.5669606318421053,0.05262619552631578,0.0,0.0
2025-02-03,0.05293305473684208,0.03950068210526316,2.8684210526315788e-08,5.9947368420994205e-06,4.421052631578948e-08,7.634210526315789e-07,2.4734210526315563e-06,3.067394736842105e-05,1.9139473684210523e-06,5.947368421052631e-08,3.3026578947368424e-05,0.08321507342105262,0.09168522868421053,0.1129790802631579,6.872368421052632e-06,4.175526315789474e-06,1.4027105263157892e-05,0.5669606318421053,0.05262619552631578,0.0,0.0
2025-02-04,0.05293299684210525,0.03950001736842106,2.8684210526315788e-08,5.9947368420994205e-06,4.421052631578948e-08,7.634210526315789e-07,2.4734210526315563e-06,3.370026315789474e-05,1.9289473684210526e-06,5.947368421052631e-08,3.739578947368422e-05,0.09236728078947368,0.09182488552631579,0.11298406552631579,6.872368421052632e-06,4.175526315789474e-06,1.4027105263157892e-05,0.5839674957894737,0.02631579421052631,0.0,0.0
2025-02-05,0.0609531424242424,0.040260413636363644,3.3030303030303026e-08,6.903030303023575e-06,7.121212121212122e-08,8.79090909090909e-07,2.848181818181792e-06,3.880636363636364e-05,6.573939393939393e-06,6.848484848484849e-08,3.3126363636363636e-05,0.10628056878787877,0.1026621793939394,0.1317116181818182,0.0,4.808181818181818e-06,1.615242424242424e-05,0.5580218009090909,6.363636363636363e-09,0.0,0.0
2025-02-06,0.06285869624999998,0.04390626343750001,0.0,7.118749999993063e-06,4.343750000000001e-08,9.065625000000002e-07,2.9093749999999737e-06,4.1941250000000015e-05,6.656250000000002e-06,0.0,3.069906250000001e-05,0.07419162375000002,0.11855676968750002,0.135835735625,0.0,4.958437500000001e-06,1.66503125e-05,0.5645390278125001,0.0,0.0,0.0
2025-02-07,0.06285869624999998,0.04390626343750001,0.0,7.118749999993063e-06,4.343750000000001e-08,9.065625000000002e-07,2.9093749999999737e-06,4.1941250000000015e-05,6.656250000000002e-06,0.0,3.069906250000001e-05,0.07419162375000002,0.11855676968750002,0.135835735625,0.0,4.958437500000001e-06,1.66503125e-05,0.5645390278125001,0.0,0.0,0.0
2025-02-08,0.06285869624999998,0.04390626343750001,0.0,7.118749999993063e-06,4.343750000000001e-08,9.065625000000002e-07,2.9093749999999737e-06,4.1941250000000015e-05,6.656250000000002e-06,0.0,3.069906250000001e-05,0.07419162375000002,0.11855676968750002,0.135835735625,0.0,4.958437500000001e-06,1.66503125e-05,0.5645390278125001,0.0,0.0,0.0
2025-02-09,0.06285869624999998,0.04390626343750001,0.0,7.118749999993063e-06,4.343750000000001e-08,9.065625000000002e-07,2.9093749999999737e-06,4.1941250000000015e-05,6.656250000000002e-06,0.0,3.069906250000001e-05,0.07419162375000002,0.11855676968750002,0.135835735625,0.0,4.958437500000001e-06,1.66503125e-05,0.5645390278125001,0.0,0.0,0.0
2025-02-10,0.06285869624999998,0.04390626343750001,0.0,7.118749999993063e-06,4.343750000000001e-08,9.065625000000002e-07,2.9093749999999737e-06,4.1941250000000015e-05,6.656250000000002e-06,0.0,3.069906250000001e-05,0.07419162375000002,0.11855676968750002,0.135835735625,0.0,4.958437500000001e-06,1.66503125e-05,0.5645390278125001,0.0,0.0,0.0
2025-02-11,0.06285869624999998,0.04390626343750001,0.0,7.118749999993063e-06,4.343750000000001e-08,9.065625000000002e-07,2.9093749999999737e-06,4.1941250000000015e-05,6.656250000000002e-06,0.0,3.069906250000001e-05,0.07419162375000002,0.11855676968750002,0.135835735625,0.0,4.958437500000001e-06,1.66503125e-05,0.5645390278125001,0.0,0.0,0.0
2025-02-12,0.05588365749999998,0.03905837666666667,0.0,6.32777777777161e-06,7.558333333333333e-07,8.058333333333333e-07,2.586111111111087e-06,3.8856944444444446e-05,5.916666666666667e-06,0.0,3.048250000000001e-05,0.0799805461111111,0.11305915805555555,0.14706040055555555,3.063611111111111e-06,4.4075e-06,1.4800277777777775e-05,0.5648498580555555,0.0,0.0,0.0
2025-02-13,0.0003537172727272596,0.04259775757575758,0.0,6.903030303023575e-06,8.027272727272726e-07,8.79090909090909e-07,2.821212121212095e-06,4.7371818181818186e-05,4.386060606060606e-06,0.0,2.7330606060606067e-05,0.08295729696969698,0.1195019303030303,0.16041992787878787,3.342121212121212e-06,4.808181818181818e-06,1.614575757575757e-05,0.5940545793939395,0.0,0.0,0.0
2025-02-14,0.0003537172727272596,0.04259775757575758,0.0,6.903030303023575e-06,8.027272727272726e-07,8.79090909090909e-07,2.821212121212095e-06,4.7371818181818186e-05,4.386060606060606e-06,0.0,2.7330606060606067e-05,0.08295729696969698,0.11950193030303032,0.16041992787878787,3.342121212121212e-06,4.808181818181818e-06,1.614575757575757e-05,0.5940545793939395,0.0,0.0,0.0
2025-02-15,0.00035768515151514266,0.04260415151515152,0.0,6.903030303023575e-06,8.027272727272726e-07,8.79090909090909e-07,3.587272727272701e-06,4.92e-05,4.386060606060606e-06,0.0,1.6724545454545464e-05,0.09031998454545453,0.11693231363636362,0.14960877333333333,3.342121212121212e-06,4.808181818181818e-06,6.197272727272727e-06,0.6000802615151515,0.0,0.0,0.0
2025-02-16,0.00035768515151514266,0.04260415151515152,0.0,6.903030303023575e-06,8.027272727272726e-07,8.79090909090909e-07,3.587272727272701e-06,4.92e-05,4.386060606060606e-06,0.0,1.6724545454545464e-05,0.09031998454545453,0.11693231363636362,0.14960877333333333,3.342121212121212e-06,4.808181818181818e-06,6.197272727272727e-06,0.6000802615151515,0.0,0.0,0.0
2025-02-17,0.00035768515151514266,0.04260415151515152,0.0,6.903030303023575e-06,8.027272727272726e-07,8.79090909090909e-07,3.587272727272701e-06,4.92e-05,4.386060606060606e-06,0.0,1.6724545454545464e-05,0.09031998454545453,0.11693231363636362,0.14960877333333333,3.342121212121212e-06,4.808181818181818e-06,6.197272727272727e-06,0.6000802615151515,0.0,0.0,0.0
2025-02-18,0.0003306006451612834,0.039700709354838715,0.0,7.348387096767031e-06,8.545161290322581e-07,9.358064516129032e-07,3.818709677419327e-06,5.23741935483871e-05,4.669032258064516e-06,0.0,1.7803548387096782e-05,0.09161322580645159,0.12447633387096774,0.1466804541935484,3.557741935483871e-06,0.0,2.4261290322580645e-06,0.5971048880645162,0.0,0.0,0.0
2025-02-19,0.0001634900000000103,0.04620826160000001,0.0,0.0,1.0596e-06,1.1604e-06,4.735199999999965e-06,5.40292e-05,5.7896e-06,0.0,2.207640000000001e-05,0.140173474,0.1390395292,0.12495742239999999,4.4116e-06,0.0,3.0084e-06,0.5493615524000001,0.0,0.0,0.0
2025-02-20,8.016260869566631e-05,0.04604235695652176,0.0,0.0,1.1517391304347826e-06,1.261304347826087e-06,5.146956521739093e-06,5.369652173913044e-05,6.293043478260869e-06,0.0,2.399608695652175e-05,0.13531884391304347,0.1430229460869565,0.11741910565217391,4.795217391304348e-06,0.0,3.2699999999999996e-06,0.5580169739130435,0.0,0.0,0.0
2025-02-21,6.173000000001458e-05,0.04813519136363638,0.0,0.0,1.204090909090909e-06,1.3186363636363636e-06,5.380909090909051e-06,5.613727272727273e-05,6.579090909090909e-06,0.0,2.5086818181818195e-05,0.141442235,0.14917504818181818,0.12275633772727272,5.013181818181819e-06,0.0,3.418636363636363e-06,0.5383253190909091,0.0,0.0,0.0
2025-02-22,3.587523809525751e-05,0.05042734333333335,0.0,0.0,1.2614285714285715e-06,1.3814285714285714e-06,5.637142857142816e-06,5.881047619047619e-05,6.892380952380952e-06,0.0,2.6281428571428584e-05,0.1481450357142857,0.1483497257142857,0.12858696476190476,5.251904761904762e-06,0.0,3.5814285714285713e-06,0.5243459576190477,0.0,0.0,0.0
2025-02-23,3.587523809525751e-05,0.05042734333333335,0.0,0.0,1.2614285714285715e-06,1.3814285714285714e-06,5.637142857142816e-06,5.881047619047619e-05,6.892380952380952e-06,0.0,2.6281428571428584e-05,0.1481450357142857,0.1483497257142857,0.12858696476190476,5.251904761904762e-06,0.0,3.5814285714285713e-06,0.5243459576190477,0.0,0.0,0.0
2025-02-24,3.587523809525751e-05,0.05042734333333335,0.0,0.0,1.2614285714285715e-06,1.3814285714285714e-06,5.637142857142816e-06,5.881047619047619e-05,6.892380952380952e-06,0.0,2.6281428571428584e-05,0.1481450357142857,0.1483497257142857,0.12858696476190476,5.251904761904762e-06,0.0,3.5814285714285713e-06,0.5243459576190477,0.0,0.0,0.0
2025-02-25,3.7667500000023945e-05,0.05294871050000002,0.0,0.0,1.3245e-06,1.4505e-06,2.0259999999999565e-06,5.7094000000000006e-05,7.237e-06,0.0,2.7595500000000014e-05,0.1555522875,0.15576231199999999,0.135016313,5.5145e-06,0.0,3.7605e-06,0.500576707,0.0,0.0,0.0
2025-02-26,3.48857142857364e-05,0.005768270714285731,0.0,0.0,1.892142857142857e-06,0.0,2.894285714285652e-06,4.6725000000000004e-05,1.033857142857143e-05,0.0,3.543000000000002e-05,0.22219508714285713,0.14958187285714283,0.10220827499999999,7.877857142857143e-06,0.0,5.372142857142857e-06,0.5201010785714286,0.0,0.0,0.0
2025-02-27,3.756384615386853e-05,0.0061291523076923244,0.0,0.0,2.0376923076923073e-06,0.0,3.1169230769230097e-06,3.5973076923076926e-05,1.1133846153846153e-05,0.0,3.815538461538463e-05,0.16253168538461538,0.16108817076923074,0.11005673230769228,8.483846153846153e-06,0.0,5.785384615384614e-06,0.5600520092307691,0.0,0.0,0.0
2025-02-28,3.756384615386853e-05,0.0061291523076923244,0.0,0.0,2.0376923076923073e-06,0.0,3.1169230769230097e-06,3.5973076923076926e-05,1.1133846153846153e-05,0.0,3.815538461538463e-05,0.16253168538461538,0.16108817076923074,0.11005673230769228,8.483846153846153e-06,0.0,5.785384615384614e-06,0.5600520092307691,0.0,0.0,0.0
2025-03-01,3.845000000002931e-05,0.006588849166666686,0.0,0.0,2.2075e-06,0.0,2.1066666666665943e-06,3.8970833333333336e-05,1.2061666666666667e-05,0.0,2.6596666666666686e-05,0.17558043999999998,0.16267426416666667,0.11915749916666667,9.190833333333334e-06,0.0,6.2675e-06,0.5358630958333334,0.0,0.0,0.0
2025-03-02,3.845000000002931e-05,0.006588849166666686,0.0,0.0,2.2075e-06,0.0,2.1066666666665943e-06,3.8970833333333336e-05,1.2061666666666667e-05,0.0,2.6596666666666686e-05,0.17558043999999998,0.16267426416666667,0.11915749916666667,9.190833333333334e-06,0.0,6.2675e-06,0.5358630958333334,0.0,0.0,0.0
2025-03-03,3.845000000002931e-05,0.006588849166666686,0.0,0.0,2.2075e-06,0.0,2.1066666666665943e-06,3.8970833333333336e-05,1.2061666666666667e-05,0.0,2.6596666666666686e-05,0.17558043999999998,0.16267426416666667,0.11915749916666667,9.190833333333334e-06,0.0,6.2675e-06,0.5358630958333334,0.0,0.0,0.0
2025-03-04,4.2141818181845654e-05,0.007171521818181839,0.0,0.0,2.408181818181818e-06,0.0,2.298181818181739e-06,3.205909090909091e-05,1.3106363636363637e-05,0.0,1.3920909090909113e-05,0.1599255818181818,0.1769803827272727,0.12997277727272727,1.0026363636363637e-05,0.0,6.837272727272726e-06,0.5258269381818181,0.0,0.0,0.0
2025-03-05,5.150888888892087e-05,0.008752430000000026,0.0,0.0,2.8688888888888888e-06,0.0,2.8088888888887924e-06,3.9183333333333335e-05,5.888888888888889e-08,0.0,1.701444444444447e-05,0.19544265,0.16870323666666664,0.10551222444444444,1.2254444444444445e-05,0.0,8.356666666666666e-06,0.5214554044444445,0.0,0.0,0.0
2025-03-06,5.8055000000053945e-05,0.00026894250000002775,0.0,0.0,3.2275e-06,0.0,3.1599999999998914e-06,3.5327500000000004e-05,0.0,0.0,1.914125000000003e-05,0.21932284375,0.075009575,0.11866855374999999,1.378625e-05,0.0,9.401249999999999e-06,0.58658798625,0.0,0.0,0.0
2025-03-07,5.8055000000053945e-05,0.00026894250000002775,0.0,0.0,3.2275e-06,0.0,3.1599999999998914e-06,3.5327500000000004e-05,0.0,0.0,1.914125000000003e-05,0.21932284375,0.075009575,0.11866855374999999,1.378625e-05,0.0,9.401249999999999e-06,0.58658798625,0.0,0.0,0.0
2025-03-08,5.8055000000053945e-05,0.00026894250000002775,0.0,0.0,3.2275e-06,0.0,3.1599999999998914e-06,3.5327500000000004e-05,0.0,0.0,1.914125000000003e-05,0.21932284375,0.075009575,0.11866855374999999,1.378625e-05,0.0,9.401249999999999e-06,0.58658798625,0.0,0.0,0.0
2025-03-09,5.8055000000053945e-05,0.00026894250000002775,0.0,0.0,3.2275e-06,0.0,3.1599999999998914e-06,3.5327500000000004e-05,0.0,0.0,1.914125000000003e-05,0.21932284375,0.075009575,0.11866855374999999,1.378625e-05,0.0,9.401249999999999e-06,0.58658798625,0.0,0.0,0.0
2025-03-10,5.8055000000053945e-05,0.00026894250000002775,0.0,0.0,3.2275e-06,0.0,3.1599999999998914e-06,3.5327500000000004e-05,0.0,0.0,1.914125000000003e-05,0.21932284375,0.075009575,0.11866855374999999,1.378625e-05,0.0,9.401249999999999e-06,0.58658798625,0.0,0.0,0.0
2025-03-11,5.8055000000053945e-05,0.00026894250000002775,0.0,0.0,3.2275e-06,0.0,3.1599999999998914e-06,3.5327500000000004e-05,0.0,0.0,1.914125000000003e-05,0.21932284375,0.075009575,0.11866855374999999,1.378625e-05,0.0,9.401249999999999e-06,0.58658798625,0.0,0.0,0.0
2025-03-12,3.276250000003361e-05,0.00026260250000005543,0.0,0.0,0.0,0.0,6.319999999999781e-06,5.6472500000000005e-05,0.0,0.0,9.532500000000053e-06,0.31235376249999997,0.08094088499999998,0.00047938749999999985,0.0,0.0,1.8802499999999995e-05,0.6058394724999999,0.0,0.0,0.0
2025-03-13,4.368333333337815e-05,0.00032266000000007395,0.0,0.0,0.0,0.0,8.426666666666375e-06,2.0110000000000016e-05,0.0,0.0,0.0,0.41622439666666666,0.10790552333333331,0.0005999333333333332,0.0,0.0,2.5069999999999995e-05,0.47485019666666656,0.0,0.0,0.0
2025-03-14,4.368333333337815e-05,0.00032266000000007395,0.0,0.0,0.0,0.0,8.426666666666375e-06,2.0110000000000016e-05,0.0,0.0,0.0,0.41622439666666666,0.10790552333333331,0.0005999333333333332,0.0,0.0,2.5069999999999995e-05,0.47485019666666656,0.0,0.0,0.0
2025-03-15,1.5000000016984667e-08,0.0,0.0,0.0,0.0,0.0,0.0,0.0,0.0,0.0,0.0,0.4999999950000001,0.12472495,0.000884995,0.0,0.0,0.0,0.37439004499999995,0.0,0.0,0.0
2025-03-16,1.5000000016984667e-08,0.0,0.0,0.0,0.0,0.0,0.0,0.0,0.0,0.0,0.0,0.4999999950000001,0.12472495,0.000884995,0.0,0.0,0.0,0.37439004499999995,0.0,0.0,0.0
2025-03-17,1.5000000016984667e-08,0.0,0.0,0.0,0.0,0.0,0.0,0.0,0.0,0.0,0.0,0.4999999950000001,0.12472495,0.000884995,0.0,0.0,0.0,0.37439004499999995,0.0,0.0,0.0
2025-03-18,1.5000000016984667e-08,0.0,0.0,0.0,0.0,0.0,0.0,0.0,0.0,0.0,0.0,0.4999999950000001,0.12472495,0.000884995,0.0,0.0,0.0,0.37439004499999995,0.0,0.0,0.0
2025-03-19,,,,,,,,,,,,,,,,,,,,,
2025-03-20,,,,,,,,,,,,,,,,,,,,,
2025-03-21,,,,,,,,,,,,,,,,,,,,,
2025-03-22,,,,,,,,,,,,,,,,,,,,,
2025-03-23,,,,,,,,,,,,,,,,,,,,,
2025-03-24,,,,,,,,,,,,,,,,,,,,,
2025-03-25,9.99999993922529e-09,0.0,0.0,0.0,0.0,0.0,0.0,0.0,0.0,0.0,0.0,0.0,0.0,0.000147,0.0,0.0,0.0,0.99985299,0.0,0.0,0.0
2025-03-26,9.99999993922529e-09,0.0,0.0,0.0,0.0,0.0,0.0,0.0,0.0,0.0,0.0,0.0,0.0,0.000147,0.0,0.0,0.0,0.99985299,0.0,0.0,0.0
2025-03-27,9.99999993922529e-09,0.0,0.0,0.0,0.0,0.0,0.0,0.0,0.0,0.0,0.0,0.0,0.0,0.000147,0.0,0.0,0.0,0.99985299,0.0,0.0,0.0
2025-03-28,9.99999993922529e-09,0.0,0.0,0.0,0.0,0.0,0.0,0.0,0.0,0.0,0.0,0.0,0.0,0.000147,0.0,0.0,0.0,0.99985299,0.0,0.0,0.0
2025-03-29,9.99999993922529e-09,0.0,0.0,0.0,0.0,0.0,0.0,0.0,0.0,0.0,0.0,0.0,0.0,0.000147,0.0,0.0,0.0,0.99985299,0.0,0.0,0.0
2025-03-30,9.99999993922529e-09,0.0,0.0,0.0,0.0,0.0,0.0,0.0,0.0,0.0,0.0,0.0,0.0,0.000147,0.0,0.0,0.0,0.99985299,0.0,0.0,0.0
2025-03-31,9.99999993922529e-09,0.0,0.0,0.0,0.0,0.0,0.0,0.0,0.0,0.0,0.0,0.0,0.0,0.000147,0.0,0.0,0.0,0.99985299,0.0,0.0,0.0
2025-04-01,9.99999993922529e-09,0.0,0.0,0.0,0.0,0.0,0.0,0.0,0.0,0.0,0.0,0.0,0.0,0.000147,0.0,0.0,0.0,0.99985299,0.0,0.0,0.0
2025-04-02,9.99999993922529e-09,0.0,0.0,0.0,0.0,0.0,0.0,0.0,0.0,0.0,0.0,0.0,0.0,0.000147,0.0,0.0,0.0,0.99985299,0.0,0.0,0.0
2025-04-03,9.99999993922529e-09,0.0,0.0,0.0,0.0,0.0,0.0,0.0,0.0,0.0,0.0,0.0,0.0,0.000147,0.0,0.0,0.0,0.99985299,0.0,0.0,0.0
2025-04-04,9.99999993922529e-09,0.0,0.0,0.0,0.0,0.0,0.0,0.0,0.0,0.0,0.0,0.0,0.0,0.000147,0.0,0.0,0.0,0.99985299,0.0,0.0,0.0
2025-04-05,9.99999993922529e-09,0.0,0.0,0.0,0.0,0.0,0.0,0.0,0.0,0.0,0.0,0.0,0.0,0.000147,0.0,0.0,0.0,0.99985299,0.0,0.0,0.0
2025-04-06,9.99999993922529e-09,0.0,0.0,0.0,0.0,0.0,0.0,0.0,0.0,0.0,0.0,0.0,0.0,0.000147,0.0,0.0,0.0,0.99985299,0.0,0.0,0.0
2025-04-07,9.99999993922529e-09,0.0,0.0,0.0,0.0,0.0,0.0,0.0,0.0,0.0,0.0,0.0,0.0,0.000147,0.0,0.0,0.0,0.99985299,0.0,0.0,0.0
2025-04-08,9.99999993922529e-09,0.0,0.0,0.0,0.0,0.0,0.0,0.0,0.0,0.0,0.0,0.0,0.0,0.000147,0.0,0.0,0.0,0.99985299,0.0,0.0,0.0
2025-04-09,9.99999993922529e-09,0.0,0.0,0.0,0.0,0.0,0.0,0.0,0.0,0.0,0.0,0.0,0.0,0.000147,0.0,0.0,0.0,0.99985299,0.0,0.0,0.0
2025-04-10,9.99999993922529e-09,0.0,0.0,0.0,0.0,0.0,0.0,0.0,0.0,0.0,0.0,0.0,0.0,0.000147,0.0,0.0,0.0,0.99985299,0.0,0.0,0.0
2025-04-11,9.99999993922529e-09,0.0,0.0,0.0,0.0,0.0,0.0,0.0,0.0,0.0,0.0,0.0,0.0,0.000147,0.0,0.0,0.0,0.99985299,0.0,0.0,0.0
2025-04-12,9.99999993922529e-09,0.0,0.0,0.0,0.0,0.0,0.0,0.0,0.0,0.0,0.0,0.0,0.0,0.000147,0.0,0.0,0.0,0.99985299,0.0,0.0,0.0
2025-04-13,9.99999993922529e-09,0.0,0.0,0.0,0.0,0.0,0.0,0.0,0.0,0.0,0.0,0.0,0.0,0.000147,0.0,0.0,0.0,0.99985299,0.0,0.0,0.0
2025-04-14,9.99999993922529e-09,0.0,0.0,0.0,0.0,0.0,0.0,0.0,0.0,0.0,0.0,0.0,0.0,0.000147,0.0,0.0,0.0,0.99985299,0.0,0.0,0.0
2025-04-15,9.99999993922529e-09,0.0,0.0,0.0,0.0,0.0,0.0,0.0,0.0,0.0,0.0,0.0,0.0,0.000147,0.0,0.0,0.0,0.99985299,0.0,0.0,0.0
2025-04-16,9.99999993922529e-09,0.0,0.0,0.0,0.0,0.0,0.0,0.0,0.0,0.0,0.0,0.0,0.0,0.000147,0.0,0.0,0.0,0.99985299,0.0,0.0,0.0
2025-04-17,9.99999993922529e-09,0.0,0.0,0.0,0.0,0.0,0.0,0.0,0.0,0.0,0.0,0.0,0.0,0.000147,0.0,0.0,0.0,0.99985299,0.0,0.0,0.0
2025-04-18,9.99999993922529e-09,0.0,0.0,0.0,0.0,0.0,0.0,0.0,0.0,0.0,0.0,0.0,0.0,0.000147,0.0,0.0,0.0,0.99985299,0.0,0.0,0.0
2025-04-19,9.99999993922529e-09,0.0,0.0,0.0,0.0,0.0,0.0,0.0,0.0,0.0,0.0,0.0,0.0,0.000147,0.0,0.0,0.0,0.99985299,0.0,0.0,0.0
2025-04-20,9.99999993922529e-09,0.0,0.0,0.0,0.0,0.0,0.0,0.0,0.0,0.0,0.0,0.0,0.0,0.000147,0.0,0.0,0.0,0.99985299,0.0,0.0,0.0
2025-04-21,9.99999993922529e-09,0.0,0.0,0.0,0.0,0.0,0.0,0.0,0.0,0.0,0.0,0.0,0.0,0.000147,0.0,0.0,0.0,0.99985299,0.0,0.0,0.0
2025-04-22,,,,,,,,,,,,,,,,,,,,,
2025-04-23,,,,,,,,,,,,,,,,,,,,,
2025-04-24,,,,,,,,,,,,,,,,,,,,,
2025-04-25,,,,,,,,,,,,,,,,,,,,,
2025-04-26,,,,,,,,,,,,,,,,,,,,,
2025-04-27,,,,,,,,,,,,,,,,,,,,,
2025-04-28,,,,,,,,,,,,,,,,,,,,,
2025-04-29,,,,,,,,,,,,,,,,,,,,,
2025-04-30,,,,,,,,,,,,,,,,,,,,,
2025-05-01,,,,,,,,,,,,,,,,,,,,,
2025-05-02,,,,,,,,,,,,,,,,,,,,,
2025-05-03,,,,,,,,,,,,,,,,,,,,,
2025-05-04,,,,,,,,,,,,,,,,,,,,,
2025-05-05,,,,,,,,,,,,,,,,,,,,,
2025-05-06,0.0,0.0,0.0,0.0,0.0,0.0,0.0,0.0,0.0,0.0,0.0,0.0,0.0,0.0,0.0,0.0,0.0,1.0,0.0,0.0,0.0
2025-05-07,0.0,0.0,0.0,0.0,0.0,0.0,0.0,0.0,0.0,0.0,0.0,0.0,0.0,0.0,0.0,0.0,0.0,1.0,0.0,0.0,0.0
2025-05-08,0.0,0.0,0.0,0.0,0.0,0.0,0.0,0.0,0.0,0.0,0.0,0.0,0.0,0.0,0.0,0.0,0.0,1.0,0.0,0.0,0.0
2025-05-09,0.0,0.0,0.0,0.0,0.0,0.0,0.0,0.0,0.0,0.0,0.0,0.0,0.0,0.0,0.0,0.0,0.0,1.0,0.0,0.0,0.0
2025-05-10,0.0,0.0,0.0,0.0,0.0,0.0,0.0,0.0,0.0,0.0,0.0,0.0,0.0,0.0,0.0,0.0,0.0,1.0,0.0,0.0,0.0
2025-05-11,0.0,0.0,0.0,0.0,0.0,0.0,0.0,0.0,0.0,0.0,0.0,0.0,0.0,0.0,0.0,0.0,0.0,1.0,0.0,0.0,0.0
2025-05-12,0.0,0.0,0.0,0.0,0.0,0.0,0.0,0.0,0.0,0.0,0.0,0.0,0.0,0.0,0.0,0.0,0.0,1.0,0.0,0.0,0.0
2025-05-13,0.0,0.0,0.0,0.0,0.0,0.0,0.0,0.0,0.0,0.0,0.0,0.0,0.0,0.0,0.0,0.0,0.0,1.0,0.0,0.0,0.0
2025-05-14,0.0,0.0,0.0,0.0,0.0,0.0,0.0,0.0,0.0,0.0,0.0,0.0,0.0,0.0,0.0,0.0,0.0,1.0,0.0,0.0,0.0
2025-05-15,0.0,0.0,0.0,0.0,0.0,0.0,0.0,0.0,0.0,0.0,0.0,0.0,0.0,0.0,0.0,0.0,0.0,1.0,0.0,0.0,0.0
2025-05-16,0.0,0.0,0.0,0.0,0.0,0.0,0.0,0.0,0.0,0.0,0.0,0.0,0.0,0.0,0.0,0.0,0.0,1.0,0.0,0.0,0.0
2025-05-17,0.0,0.0,0.0,0.0,0.0,0.0,0.0,0.0,0.0,0.0,0.0,0.0,0.0,0.0,0.0,0.0,0.0,1.0,0.0,0.0,0.0
2025-05-18,0.0,0.0,0.0,0.0,0.0,0.0,0.0,0.0,0.0,0.0,0.0,0.0,0.0,0.0,0.0,0.0,0.0,1.0,0.0,0.0,0.0
2025-05-19,0.0,0.0,0.0,0.0,0.0,0.0,0.0,0.0,0.0,0.0,0.0,0.0,0.0,0.0,0.0,0.0,0.0,1.0,0.0,0.0,0.0
2025-05-20,0.0,0.0,0.0,0.0,0.0,0.0,0.0,0.0,0.0,0.0,0.0,0.0,0.0,0.0,0.0,0.0,0.0,1.0,0.0,0.0,0.0
2025-05-21,-1.0150000001033016e-06,4.900000001110223e-07,1.45e-07,0.0,0.0,0.0,0.0,0.0,3.7e-07,0.0,5.803000000000011e-05,0.09725193,0.0,0.0,0.0,0.0,0.0,0.5,0.0,0.40269005,0.0
2025-05-22,-1.0150000001033016e-06,4.900000001110223e-07,1.45e-07,0.0,0.0,0.0,0.0,0.0,3.7e-07,0.0,5.803000000000011e-05,0.09725193,0.0,0.0,0.0,0.0,0.0,0.5,0.0,0.40269005,0.0
2025-05-23,-1.0150000001033016e-06,4.900000001110223e-07,1.45e-07,0.0,0.0,0.0,0.0,0.0,3.7e-07,0.0,5.803000000000011e-05,0.09725193,0.0,0.0,0.0,0.0,0.0,0.5,0.0,0.40269005,0.0
2025-05-24,-1.0150000001033016e-06,4.900000001110223e-07,1.45e-07,0.0,0.0,0.0,0.0,0.0,3.7e-07,0.0,5.803000000000011e-05,0.09725193,0.0,0.0,0.0,0.0,0.0,0.5,0.0,0.40269005,0.0
2025-05-25,-1.0150000001033016e-06,4.900000001110223e-07,1.45e-07,0.0,0.0,0.0,0.0,0.0,3.7e-07,0.0,5.803000000000011e-05,0.09725193,0.0,0.0,0.0,0.0,0.0,0.5,0.0,0.40269005,0.0
2025-05-26,-1.0150000001033016e-06,4.900000001110223e-07,1.45e-07,0.0,0.0,0.0,0.0,0.0,3.7e-07,0.0,5.803000000000011e-05,0.09725193,0.0,0.0,0.0,0.0,0.0,0.5,0.0,0.40269005,0.0
2025-05-27,-1.0150000001033016e-06,4.900000001110223e-07,1.45e-07,0.0,0.0,0.0,0.0,0.0,3.7e-07,0.0,5.803000000000011e-05,0.09725193,0.0,0.0,0.0,0.0,0.0,0.5,0.0,0.40269005,0.0
2025-05-28,-5.366666666934259e-07,0.07584413000000008,9.666666666666666e-08,0.0,0.0,0.0,0.0,0.0,2.4666666666666665e-07,0.0,3.868666666666674e-05,0.14269313666666664,0.11658091333333333,0.0,6.999666666666667e-05,0.0,4.615333333333333e-05,0.39626714333333335,0.0,0.26846003333333335,0.0
2025-05-29,-5.366666666934259e-07,0.07584413000000008,9.666666666666666e-08,0.0,0.0,0.0,0.0,0.0,2.4666666666666665e-07,0.0,3.868666666666674e-05,0.14269313666666664,0.11658091333333333,0.0,6.999666666666667e-05,0.0,4.615333333333333e-05,0.39626714333333335,0.0,0.26846003333333335,0.0
2025-05-30,-5.366666666934259e-07,0.07584413000000008,9.666666666666666e-08,0.0,0.0,0.0,0.0,0.0,2.4666666666666665e-07,0.0,3.868666666666674e-05,0.14269313666666664,0.11658091333333333,0.0,6.999666666666667e-05,0.0,4.615333333333333e-05,0.39626714333333335,0.0,0.26846003333333335,0.0
2025-05-31,-5.366666666934259e-07,0.07584413000000008,9.666666666666666e-08,0.0,0.0,0.0,0.0,0.0,2.4666666666666665e-07,0.0,3.868666666666674e-05,0.14269313666666664,0.11658091333333333,0.0,6.999666666666667e-05,0.0,4.615333333333333e-05,0.39626714333333335,0.0,0.26846003333333335,0.0
2025-06-01,-5.366666666934259e-07,0.07584413000000008,9.666666666666666e-08,0.0,0.0,0.0,0.0,0.0,2.4666666666666665e-07,0.0,3.868666666666674e-05,0.14269313666666664,0.11658091333333333,0.0,6.999666666666667e-05,0.0,4.615333333333333e-05,0.39626714333333335,0.0,0.26846003333333335,0.0
2025-06-02,-5.366666666934259e-07,0.07584413000000008,9.666666666666666e-08,0.0,0.0,0.0,0.0,0.0,2.4666666666666665e-07,0.0,3.868666666666674e-05,0.14269313666666664,0.11658091333333333,0.0,6.999666666666667e-05,0.0,4.615333333333333e-05,0.39626714333333335,0.0,0.26846003333333335,0.0
2025-06-03,-8.050000000401389e-07,0.11376619500000011,1.45e-07,0.0,0.0,0.0,0.0,0.0,3.7e-07,0.0,5.803000000000011e-05,0.21403970499999997,0.17487137,0.0,0.000104995,0.0,6.923e-05,0.094400715,0.0,0.40269005,0.0
2025-06-04,-8.050000000401389e-07,0.11376619500000011,1.45e-07,0.0,0.0,0.0,0.0,0.0,3.7e-07,0.0,5.803000000000011e-05,0.21403970499999997,0.17487137,0.0,0.000104995,0.0,6.923e-05,0.094400715,0.0,0.40269005,0.0
2025-06-05,-8.050000000401389e-07,0.11376619500000011,1.45e-07,0.0,0.0,0.0,0.0,0.0,3.7e-07,0.0,5.803000000000011e-05,0.21403970499999997,0.17487137,0.0,0.000104995,0.0,6.923e-05,0.094400715,0.0,0.40269005,0.0
2025-06-06,-8.050000000401389e-07,0.11376619500000011,1.45e-07,0.0,0.0,0.0,0.0,0.0,3.7e-07,0.0,5.803000000000011e-05,0.21403970499999997,0.17487137,0.0,0.000104995,0.0,6.923e-05,0.094400715,0.0,0.40269005,0.0
2025-06-07,-8.050000000401389e-07,0.11376619500000011,1.45e-07,0.0,0.0,0.0,0.0,0.0,3.7e-07,0.0,5.803000000000011e-05,0.21403970499999997,0.17487137,0.0,0.000104995,0.0,6.923e-05,0.094400715,0.0,0.40269005,0.0
2025-06-08,-8.050000000401389e-07,0.11376619500000011,1.45e-07,0.0,0.0,0.0,0.0,0.0,3.7e-07,0.0,5.803000000000011e-05,0.21403970499999997,0.17487137,0.0,0.000104995,0.0,6.923e-05,0.094400715,0.0,0.40269005,0.0
2025-06-09,-8.050000000401389e-07,0.11376619500000011,1.45e-07,0.0,0.0,0.0,0.0,0.0,3.7e-07,0.0,5.803000000000011e-05,0.21403970499999997,0.17487137,0.0,0.000104995,0.0,6.923e-05,0.094400715,0.0,0.40269005,0.0
2025-06-10,-8.050000000401389e-07,0.11376619500000011,1.45e-07,0.0,0.0,0.0,0.0,0.0,3.7e-07,0.0,5.803000000000011e-05,0.21403970499999997,0.17487137,0.0,0.000104995,0.0,6.923e-05,0.094400715,0.0,0.40269005,0.0
2025-06-11,-8.050000000401389e-07,0.11376619500000011,1.45e-07,0.0,0.0,0.0,0.0,0.0,3.7e-07,0.0,5.803000000000011e-05,0.21403970499999997,0.17487137,0.0,0.000104995,0.0,6.923e-05,0.094400715,0.0,0.40269005,0.0
2025-06-12,-8.050000000401389e-07,0.11376619500000011,1.45e-07,0.0,0.0,0.0,0.0,0.0,3.7e-07,0.0,5.803000000000011e-05,0.21403970499999997,0.17487137,0.0,0.000104995,0.0,6.923e-05,0.094400715,0.0,0.40269005,0.0
2025-06-13,-8.050000000401389e-07,0.11376619500000011,1.45e-07,0.0,0.0,0.0,0.0,0.0,3.7e-07,0.0,5.803000000000011e-05,0.21403970499999997,0.17487137,0.0,0.000104995,0.0,6.923e-05,0.094400715,0.0,0.40269005,0.0
2025-06-14,-8.050000000401389e-07,0.11376619500000011,1.45e-07,0.0,0.0,0.0,0.0,0.0,3.7e-07,0.0,5.803000000000011e-05,0.21403970499999997,0.17487137,0.0,0.000104995,0.0,6.923e-05,0.094400715,0.0,0.40269005,0.0
2025-06-15,-8.050000000401389e-07,0.11376619500000011,1.45e-07,0.0,0.0,0.0,0.0,0.0,3.7e-07,0.0,5.803000000000011e-05,0.21403970499999997,0.17487137,0.0,0.000104995,0.0,6.923e-05,0.094400715,0.0,0.40269005,0.0
2025-06-16,-8.050000000401389e-07,0.11376619500000011,1.45e-07,0.0,0.0,0.0,0.0,0.0,3.7e-07,0.0,5.803000000000011e-05,0.21403970499999997,0.17487137,0.0,0.000104995,0.0,6.923e-05,0.094400715,0.0,0.40269005,0.0
2025-06-17,-8.050000000401389e-07,0.11376619500000011,1.45e-07,0.0,0.0,0.0,0.0,0.0,3.7e-07,0.0,5.803000000000011e-05,0.21403970499999997,0.17487137,0.0,0.000104995,0.0,6.923e-05,0.094400715,0.0,0.40269005,0.0
2025-06-18,4.2000000012632533e-07,0.22753141000000016,0.0,0.0,0.0,0.0,0.0,0.0,0.0,0.0,0.0,0.2335755499999999,0.34974273999999994,0.0,0.00020998999999999993,0.0,0.00013845999999999997,0.18880142999999994,0.0,0.0,0.0
2025-06-19,4.2000000012632533e-07,0.22753141000000016,0.0,0.0,0.0,0.0,0.0,0.0,0.0,0.0,0.0,0.2335755499999999,0.34974273999999994,0.0,0.00020998999999999993,0.0,0.00013845999999999997,0.18880142999999994,0.0,0.0,0.0
2025-06-20,4.2000000012632533e-07,0.22753141000000016,0.0,0.0,0.0,0.0,0.0,0.0,0.0,0.0,0.0,0.2335755499999999,0.34974273999999994,0.0,0.00020998999999999993,0.0,0.00013845999999999997,0.18880142999999994,0.0,0.0,0.0
2025-06-21,4.2000000012632533e-07,0.22753141000000016,0.0,0.0,0.0,0.0,0.0,0.0,0.0,0.0,0.0,0.2335755499999999,0.34974273999999994,0.0,0.00020998999999999993,0.0,0.00013845999999999997,0.18880142999999994,0.0,0.0,0.0
2025-06-22,4.2000000012632533e-07,0.22753141000000016,0.0,0.0,0.0,0.0,0.0,0.0,0.0,0.0,0.0,0.2335755499999999,0.34974273999999994,0.0,0.00020998999999999993,0.0,0.00013845999999999997,0.18880142999999994,0.0,0.0,0.0
2025-06-23,4.2000000012632533e-07,0.22753141000000016,0.0,0.0,0.0,0.0,0.0,0.0,0.0,0.0,0.0,0.2335755499999999,0.34974273999999994,0.0,0.00020998999999999993,0.0,0.00013845999999999997,0.18880142999999994,0.0,0.0,0.0
2025-06-24,4.2000000012632533e-07,0.22753141000000016,0.0,0.0,0.0,0.0,0.0,0.0,0.0,0.0,0.0,0.2335755499999999,0.34974273999999994,0.0,0.00020998999999999993,0.0,0.00013845999999999997,0.18880142999999994,0.0,0.0,0.0
2025-06-25,,,,,,,,,,,,,,,,,,,,,
2025-06-26,,,,,,,,,,,,,,,,,,,,,
2025-06-27,,,,,,,,,,,,,,,,,,,,,
2025-06-28,,,,,,,,,,,,,,,,,,,,,
2025-06-29,,,,,,,,,,,,,,,,,,,,,
2025-06-30,,,,,,,,,,,,,,,,,,,,,
2025-07-01,,,,,,,,,,,,,,,,,,,,,
2025-07-02,,,,,,,,,,,,,,,,,,,,,
2025-07-03,,,,,,,,,,,,,,,,,,,,,
2025-07-04,,,,,,,,,,,,,,,,,,,,,
2025-07-05,,,,,,,,,,,,,,,,,,,,,
2025-07-06,,,,,,,,,,,,,,,,,,,,,
2025-07-07,,,,,,,,,,,,,,,,,,,,,
2025-07-08,,,,,,,,,,,,,,,,,,,,,
2025-07-09,,,,,,,,,,,,,,,,,,,,,
2025-07-10,,,,,,,,,,,,,,,,,,,,,
2025-07-11,,,,,,,,,,,,,,,,,,,,,
2025-07-12,,,,,,,,,,,,,,,,,,,,,
2025-07-13,,,,,,,,,,,,,,,,,,,,,
2025-07-14,,,,,,,,,,,,,,,,,,,,,
2025-07-15,,,,,,,,,,,,,,,,,,,,,
2025-07-16,,,,,,,,,,,,,,,,,,,,,
2025-07-17,,,,,,,,,,,,,,,,,,,,,
2025-07-18,,,,,,,,,,,,,,,,,,,,,
2025-07-19,,,,,,,,,,,,,,,,,,,,,
2025-07-20,,,,,,,,,,,,,,,,,,,,,
2025-07-21,,,,,,,,,,,,,,,,,,,,,
2025-07-22,,,,,,,,,,,,,,,,,,,,,
2025-07-23,,,,,,,,,,,,,,,,,,,,,
2025-07-24,,,,,,,,,,,,,,,,,,,,,
2025-07-25,,,,,,,,,,,,,,,,,,,,,
2025-07-26,,,,,,,,,,,,,,,,,,,,,
2025-07-27,,,,,,,,,,,,,,,,,,,,,
2025-07-28,,,,,,,,,,,,,,,,,,,,,
2025-07-29,8.428000000046698e-05,2.0400000002220437e-06,3.899999999999998e-07,0.0,9.199999999999995e-07,0.0,0.0,2.380000000000053e-06,4.499999999999998e-07,9.229999999999996e-06,0.0,0.00015479999999999991,0.0,2.9999999999999983e-07,0.0,0.0,0.0,0.0,0.9997444999999994,7.099999999999997e-07,0.0
2025-07-30,8.428000000046698e-05,2.0400000002220437e-06,3.899999999999998e-07,0.0,9.199999999999995e-07,0.0,0.0,2.380000000000053e-06,4.499999999999998e-07,9.229999999999996e-06,0.0,0.00015479999999999991,0.0,2.9999999999999983e-07,0.0,0.0,0.0,0.0,0.9997444999999994,7.099999999999997e-07,0.0
2025-07-31,0.00013060000000022535,1.020000000111022e-06,1.9499999999999993e-07,0.0,2.697999999999999e-05,0.0,0.0,1.1900000000000267e-06,2.2499999999999996e-07,4.614999999999999e-06,0.0,7.739999999999998e-05,0.0,1.4999999999999997e-07,0.0,0.0,5.604499999999999e-05,0.0,0.9997012249999997,3.5499999999999994e-07,0.0
2025-08-01,0.00013060000000022535,1.020000000111022e-06,1.9499999999999993e-07,0.0,2.697999999999999e-05,0.0,0.0,1.1900000000000267e-06,2.2499999999999996e-07,4.614999999999999e-06,0.0,7.739999999999998e-05,0.0,1.4999999999999997e-07,0.0,0.0,5.604499999999999e-05,0.0,0.9997012249999997,3.5499999999999994e-07,0.0
2025-08-02,0.00013060000000022535,1.020000000111022e-06,1.9499999999999993e-07,0.0,2.697999999999999e-05,0.0,0.0,1.1900000000000267e-06,2.2499999999999996e-07,4.614999999999999e-06,0.0,7.739999999999998e-05,0.0,1.4999999999999997e-07,0.0,0.0,5.604499999999999e-05,0.0,0.9997012249999997,3.5499999999999994e-07,0.0
2025-08-03,0.00013060000000022535,1.020000000111022e-06,1.9499999999999993e-07,0.0,2.697999999999999e-05,0.0,0.0,1.1900000000000267e-06,2.2499999999999996e-07,4.614999999999999e-06,0.0,7.739999999999998e-05,0.0,1.4999999999999997e-07,0.0,0.0,5.604499999999999e-05,0.0,0.9997012249999997,3.5499999999999994e-07,0.0
2025-08-04,0.00013060000000022535,1.020000000111022e-06,1.9499999999999993e-07,0.0,2.697999999999999e-05,0.0,0.0,1.1900000000000267e-06,2.2499999999999996e-07,4.614999999999999e-06,0.0,7.739999999999998e-05,0.0,1.4999999999999997e-07,0.0,0.0,5.604499999999999e-05,0.0,0.9997012249999997,3.5499999999999994e-07,0.0
2025-08-05,0.00013060000000022535,1.020000000111022e-06,1.9499999999999993e-07,0.0,2.697999999999999e-05,0.0,0.0,1.1900000000000267e-06,2.2499999999999996e-07,4.614999999999999e-06,0.0,7.739999999999998e-05,0.0,1.4999999999999997e-07,0.0,0.0,5.604499999999999e-05,0.0,0.9997012249999997,3.5499999999999994e-07,0.0
2025-08-06,0.00013060000000022535,1.020000000111022e-06,1.9499999999999993e-07,0.0,2.697999999999999e-05,0.0,0.0,1.1900000000000267e-06,2.2499999999999996e-07,4.614999999999999e-06,0.0,7.739999999999998e-05,0.0,1.4999999999999997e-07,0.0,0.0,5.604499999999999e-05,0.0,0.9997012249999997,3.5499999999999994e-07,0.0
2025-08-07,0.00013060000000022535,1.020000000111022e-06,1.9499999999999993e-07,0.0,2.697999999999999e-05,0.0,0.0,1.1900000000000267e-06,2.2499999999999996e-07,4.614999999999999e-06,0.0,7.739999999999998e-05,0.0,1.4999999999999997e-07,0.0,0.0,5.604499999999999e-05,0.0,0.9997012249999997,3.5499999999999994e-07,0.0
2025-08-08,0.00013060000000022535,1.020000000111022e-06,1.9499999999999993e-07,0.0,2.697999999999999e-05,0.0,0.0,1.1900000000000267e-06,2.2499999999999996e-07,4.614999999999999e-06,0.0,7.739999999999998e-05,0.0,1.4999999999999997e-07,0.0,0.0,5.604499999999999e-05,0.0,0.9997012249999997,3.5499999999999994e-07,0.0
2025-08-09,0.00013060000000022535,1.020000000111022e-06,1.9499999999999993e-07,0.0,2.697999999999999e-05,0.0,0.0,1.1900000000000267e-06,2.2499999999999996e-07,4.614999999999999e-06,0.0,7.739999999999998e-05,0.0,1.4999999999999997e-07,0.0,0.0,5.604499999999999e-05,0.0,0.9997012249999997,3.5499999999999994e-07,0.0
2025-08-10,0.00013060000000022535,1.020000000111022e-06,1.9499999999999993e-07,0.0,2.697999999999999e-05,0.0,0.0,1.1900000000000267e-06,2.2499999999999996e-07,4.614999999999999e-06,0.0,7.739999999999998e-05,0.0,1.4999999999999997e-07,0.0,0.0,5.604499999999999e-05,0.0,0.9997012249999997,3.5499999999999994e-07,0.0
2025-08-11,0.00013060000000022535,1.020000000111022e-06,1.9499999999999993e-07,0.0,2.697999999999999e-05,0.0,0.0,1.1900000000000267e-06,2.2499999999999996e-07,4.614999999999999e-06,0.0,7.739999999999998e-05,0.0,1.4999999999999997e-07,0.0,0.0,5.604499999999999e-05,0.0,0.9997012249999997,3.5499999999999994e-07,0.0
2025-08-12,0.00013060000000022535,1.020000000111022e-06,1.9499999999999993e-07,0.0,2.697999999999999e-05,0.0,0.0,1.1900000000000267e-06,2.2499999999999996e-07,4.614999999999999e-06,0.0,7.739999999999998e-05,0.0,1.4999999999999997e-07,0.0,0.0,5.604499999999999e-05,0.0,0.9997012249999997,3.5499999999999994e-07,0.0
2025-08-13,0.0001268000000000849,5.10000000055511e-07,9.749999999999997e-08,0.0,1.3489999999999995e-05,0.0,0.0,5.950000000000134e-07,2.0114999999999996e-05,2.3074999999999995e-06,0.0,0.00010512249999999998,0.0,7.499999999999998e-08,0.0,0.0,2.8022499999999995e-05,0.0,0.9997026874999998,1.7749999999999997e-07,0.0
2025-08-14,0.0005693975000000481,0.03953760250000002,5.649999999999999e-07,1.9124999997224437e-07,7.121249999999997e-06,2.8749999999999993e-08,0.0,1.0530000000000004e-05,1.1787499999999997e-05,1.6249999999999995e-06,0.0,0.054510163749999986,0.0,5.799999999999998e-07,2.7499999999999995e-08,0.0,1.4252499999999998e-05,0.045726187499999994,0.8579411199999998,1.9624999999999995e-07,0.0016686237499999995
2025-08-15,0.000569397500000048,0.03953760250000002,5.649999999999999e-07,1.9124999997224437e-07,7.121249999999997e-06,2.8749999999999993e-08,0.0,1.0530000000000004e-05,1.1787499999999997e-05,1.6249999999999995e-06,0.0,0.054510163749999986,0.0,5.799999999999998e-07,2.7499999999999995e-08,0.0,1.4252499999999998e-05,0.045726187499999994,0.8579411199999998,1.9624999999999995e-07,0.0016686237499999995
2025-08-16,0.000569397500000048,0.03953760250000002,5.649999999999999e-07,1.9124999997224437e-07,7.121249999999997e-06,2.8749999999999993e-08,0.0,1.0530000000000004e-05,1.1787499999999997e-05,1.6249999999999995e-06,0.0,0.054510163749999986,0.0,5.799999999999998e-07,2.7499999999999995e-08,0.0,1.4252499999999998e-05,0.045726187499999994,0.8579411199999998,1.9624999999999995e-07,0.0016686237499999995
2025-08-17,0.000569397500000048,0.03953760250000002,5.649999999999999e-07,1.9124999997224437e-07,7.121249999999997e-06,2.8749999999999993e-08,0.0,1.0530000000000004e-05,1.1787499999999997e-05,1.6249999999999995e-06,0.0,0.054510163749999986,0.0,5.799999999999998e-07,2.7499999999999995e-08,0.0,1.4252499999999998e-05,0.045726187499999994,0.8579411199999998,1.9624999999999995e-07,0.0016686237499999995
2025-08-18,0.000569397500000048,0.03953760250000002,5.649999999999999e-07,1.9124999997224437e-07,7.121249999999997e-06,2.8749999999999993e-08,0.0,1.0530000000000004e-05,1.1787499999999997e-05,1.6249999999999995e-06,0.0,0.054510163749999986,0.0,5.799999999999998e-07,2.7499999999999995e-08,0.0,1.4252499999999998e-05,0.045726187499999994,0.8579411199999998,1.9624999999999995e-07,0.0016686237499999995
2025-08-19,0.0005164722222222581,0.03518720111111113,5.022222222222221e-07,1.6999999997532835e-07,6.329999999999998e-06,2.555555555555555e-08,0.0,2.0030000000000003e-05,1.0477777777777775e-05,1.444444444444444e-06,0.0,0.048514925555555546,5.047555555555555e-05,5.155555555555554e-07,2.444444444444444e-08,0.0,1.2668888888888888e-05,0.06590668666666666,0.8482886544444443,1.744444444444444e-07,0.0014832211111111108
2025-08-20,0.00038820461538464804,0.02445997769230771,4.515384615384615e-07,1.1769230767522733e-07,1.862076923076923e-05,1.769230769230769e-08,0.0,1.9630000000000003e-05,7.313846153846154e-06,1.603076923076923e-06,0.0,0.0676281453846154,3.4944615384615386e-05,6.838461538461538e-06,1.6923076923076925e-08,0.0,8.816153846153846e-06,0.04562775230769231,0.8181021030769231,1.4153846153846153e-07,0.043695304615384616
2025-08-21,0.00036544428571431964,0.022719020714285727,4.192857142857143e-07,1.0928571426985395e-07,1.7290714285714285e-05,1.6428571428571427e-08,2.824999999999938e-06,2.407785714285715e-05,7.761428571428572e-06,1.4885714285714287e-06,0.0,0.06281535714285715,3.244857142857143e-05,6.349999999999999e-06,1.597e-05,0.0,8.186428571428572e-06,0.04236862714285715,0.8310402642857142,1.3142857142857142e-07,0.04057421142857143
2025-08-22,0.0003471513333333669,0.021204419333333346,3.913333333333333e-07,1.0199999998519703e-07,1.6138e-05,1.5333333333333332e-08,2.6366666666666087e-06,2.2472666666666673e-05,7.2440000000000004e-06,1.3893333333333334e-06,0.0,0.05863720000000001,3.0285333333333336e-05,5.926666666666666e-06,1.4905333333333333e-05,0.0,7.640666666666666e-06,0.039544052,0.8422886433333333,1.2266666666666665e-07,0.037869264
2025-08-23,0.0003471513333333669,0.021204419333333346,3.913333333333333e-07,1.0199999998519703e-07,1.6138e-05,1.5333333333333332e-08,2.6366666666666087e-06,2.2472666666666673e-05,7.2440000000000004e-06,1.3893333333333334e-06,0.0,0.05863720000000001,3.0285333333333336e-05,5.926666666666666e-06,1.4905333333333333e-05,0.0,7.640666666666666e-06,0.039544052,0.8422886433333333,1.2266666666666665e-07,0.037869264
2025-08-24,0.0003471513333333669,0.021204419333333346,3.913333333333333e-07,1.0199999998519703e-07,1.6138e-05,1.5333333333333332e-08,2.6366666666666087e-06,2.2472666666666673e-05,7.2440000000000004e-06,1.3893333333333334e-06,0.0,0.05863720000000001,3.0285333333333336e-05,5.926666666666666e-06,1.4905333333333333e-05,0.0,7.640666666666666e-06,0.039544052,0.8422886433333333,1.2266666666666665e-07,0.037869264
2025-08-25,0.0003471513333333669,0.021204419333333346,3.913333333333333e-07,1.0199999998519703e-07,1.6138e-05,1.5333333333333332e-08,2.6366666666666087e-06,2.2472666666666673e-05,7.2440000000000004e-06,1.3893333333333334e-06,0.0,0.05863720000000001,3.0285333333333336e-05,5.926666666666666e-06,1.4905333333333333e-05,0.0,7.640666666666666e-06,0.039544052,0.8422886433333333,1.2266666666666665e-07,0.037869264
2025-08-26,0.0003415333333333318,0.021204283333333348,3.653333333333333e-07,1.0199999998519703e-07,1.6076666666666665e-05,1.5333333333333332e-08,2.6366666666666087e-06,2.2314000000000004e-05,7.214000000000001e-06,7.74e-07,0.0,0.05863148,3.0552e-05,1.7040000000000003e-05,1.4905333333333333e-05,0.0,7.640666666666666e-06,0.10619471800000001,0.77563901,7.533333333333333e-08,0.037869264
2025-08-27,0.00020473279999997832,0.01429459400000001,2.432e-07,7.279999999111821e-08,3.13648e-05,9.2e-09,1.5819999999999653e-06,2.0616000000000004e-05,4.328400000000001e-06,5.44e-07,0.0,0.0352348332,0.015034321600000001,1.2922800000000001e-05,8.9432e-06,0.0,4.5952000000000005e-06,0.06374355720000001,0.8486811360000001,4.52e-08,0.022721558399999998
2025-08-28,0.00018937692307690527,0.013744968076923084,3.0884615384615376e-07,6.999999999145981e-08,2.8166923076923076e-05,8.846153846153846e-09,1.529615384615351e-06,1.9891538461538463e-05,4.266153846153845e-06,5.634615384615384e-07,0.0,0.03389211538461538,0.014456133076923073,1.2463076923076921e-05,8.625769230769229e-06,0.0,1.3615384615384613e-07,0.06129188192307692,0.8545017984615384,4.346153846153845e-08,0.021847652307692304
2025-08-29,0.00018937692307690527,0.013744968076923084,3.0884615384615376e-07,6.999999999145981e-08,2.8166923076923076e-05,8.846153846153846e-09,1.529615384615351e-06,1.9891538461538463e-05,4.266153846153845e-06,5.634615384615384e-07,0.0,0.03389211538461538,0.014456133076923073,1.2463076923076921e-05,8.625769230769229e-06,0.0,1.3615384615384613e-07,0.06129188192307692,0.8545017984615384,4.346153846153845e-08,0.021847652307692304
2025-08-30,0.00018937692307690527,0.013744968076923084,3.0884615384615376e-07,6.999999999145981e-08,2.8166923076923076e-05,8.846153846153846e-09,1.529615384615351e-06,1.9891538461538463e-05,4.266153846153845e-06,5.634615384615384e-07,0.0,0.03389211538461538,0.014456133076923073,1.2463076923076921e-05,8.625769230769229e-06,0.0,1.3615384615384613e-07,0.06129188192307692,0.8545017984615384,4.346153846153845e-08,0.021847652307692304
2025-08-31,0.00018937692307690527,0.013744968076923084,3.0884615384615376e-07,6.999999999145981e-08,2.8166923076923076e-05,8.846153846153846e-09,1.529615384615351e-06,1.9891538461538463e-05,4.266153846153845e-06,5.634615384615384e-07,0.0,0.03389211538461538,0.014456133076923073,1.2463076923076921e-05,8.625769230769229e-06,0.0,1.3615384615384613e-07,0.06129188192307692,0.8545017984615384,4.346153846153845e-08,0.021847652307692304
2025-09-01,0.00018937692307690527,0.013744968076923084,3.0884615384615376e-07,6.999999999145981e-08,2.8166923076923076e-05,8.846153846153846e-09,1.529615384615351e-06,1.9891538461538463e-05,4.266153846153845e-06,5.634615384615384e-07,0.0,0.03389211538461538,0.014456133076923073,1.2463076923076921e-05,8.625769230769229e-06,0.0,1.3615384615384613e-07,0.06129188192307692,0.8545017984615384,4.346153846153845e-08,0.021847652307692304
2025-09-02,0.00017717035714285865,0.012832522500000009,2.867857142857143e-07,6.499999999206984e-08,3.529785714285714e-05,8.214285714285714e-09,1.420357142857112e-06,1.847071428571429e-05,3.961428571428572e-06,5.232142857142857e-07,7.94892857142858e-06,0.03527769892857143,0.013423552142857143,1.1572857142857143e-05,0.0010369567857142856,0.0,1.2642857142857144e-07,0.06307306892857142,0.8538122025,4.0357142857142856e-08,0.020287105714285714
2025-09-03,0.00016227090909090914,0.010950204848484853,2.4333333333333326e-07,5.5151515144786515e-08,2.9949696969696967e-05,6.969696969696968e-09,1.2051515151514886e-06,1.5672121212121214e-05,3.3612121212121207e-06,4.4393939393939386e-07,6.752424242424248e-06,0.030493475151515147,0.011389680606060604,1.4731818181818178e-05,0.0009012112121212118,0.0,1.0727272727272724e-07,0.05351654333333332,0.8753007487878786,3.424242424242424e-08,0.017213301818181814
2025-09-04,0.000157498529411763,0.010628140000000006,2.3617647058823529e-07,5.352941175817516e-08,2.906882352941177e-05,6.764705882352941e-09,1.1697058823529156e-06,1.5211176470588238e-05,3.2623529411764706e-06,4.308823529411765e-07,1.4553529411764711e-05,0.029596608235294117,0.011054689999999999,1.4298529411764704e-05,0.0008777935294117646,0.0,1.0411764705882352e-07,0.05194252735294118,0.8789572852941177,3.323529411764706e-08,0.016707028235294116
2025-09-05,0.00015298857142857328,0.010324478857142862,2.2942857142857137e-07,5.199999999365586e-08,2.8238285714285713e-05,6.57142857142857e-09,1.1362857142856893e-06,1.4776571428571428e-05,3.1811428571428566e-06,4.185714285714285e-07,1.4137714285714288e-05,0.028761252571428565,0.010738841714285711,1.3889999999999996e-05,0.000852713714285714,0.0,1.0114285714285713e-07,0.050458455142857135,0.8824053848571427,3.228571428571428e-08,0.01622968457142857
2025-09-06,0.00015298857142857328,0.010324478857142862,2.2942857142857137e-07,5.199999999365586e-08,2.8238285714285713e-05,6.57142857142857e-09,1.1362857142856893e-06,1.4776571428571428e-05,3.1811428571428566e-06,4.185714285714285e-07,1.4137714285714288e-05,0.028761252571428565,0.010738841714285711,1.3889999999999996e-05,0.000852713714285714,0.0,1.0114285714285713e-07,0.050458455142857135,0.8824053848571427,3.228571428571428e-08,0.01622968457142857
2025-09-07,0.00015298857142857328,0.010324478857142862,2.2942857142857137e-07,5.199999999365586e-08,2.8238285714285713e-05,6.57142857142857e-09,1.1362857142856893e-06,1.4776571428571428e-05,3.1811428571428566e-06,4.185714285714285e-07,1.4137714285714288e-05,0.028761252571428565,0.010738841714285711,1.3889999999999996e-05,0.000852713714285714,0.0,1.0114285714285713e-07,0.050458455142857135,0.8824053848571427,3.228571428571428e-08,0.01622968457142857
2025-09-08,0.00015298857142857328,0.010324478857142862,2.2942857142857137e-07,5.199999999365586e-08,2.8238285714285713e-05,6.57142857142857e-09,1.1362857142856893e-06,1.4776571428571428e-05,3.1811428571428566e-06,4.185714285714285e-07,1.4137714285714288e-05,0.028761252571428565,0.010738841714285711,1.3889999999999996e-05,0.000852713714285714,0.0,1.0114285714285713e-07,0.050458455142857135,0.8824053848571427,3.228571428571428e-08,0.01622968457142857
2025-09-09,0.00015298857142857328,0.010324478857142862,2.2942857142857137e-07,5.199999999365586e-08,2.8238285714285713e-05,6.57142857142857e-09,1.1362857142856893e-06,1.4776571428571428e-05,3.1811428571428566e-06,4.185714285714285e-07,1.4137714285714288e-05,0.028761252571428565,0.010738841714285711,1.3889999999999996e-05,0.000852713714285714,0.0,1.0114285714285713e-07,0.050458455142857135,0.8824053848571427,3.228571428571428e-08,0.01622968457142857
2025-09-10,0.00013753540540540786,0.009766773243243248,2.3756756756756757e-07,4.918918918318798e-08,3.657432432432433e-05,6.216216216216216e-09,1.080540540540517e-06,1.40572972972973e-05,9.845945945945946e-07,4.1324324324324327e-07,2.2670540540540545e-05,0.02794713891891892,0.010165137297297297,2.6491081081081083e-05,0.0008066418918918918,0.0,1.1135135135135134e-07,0.04905917675675676,0.8866624699999999,4.6216216216216215e-08,0.015352404324324324
2025-09-11,3.154030303030444e-05,0.001365813030303037,1.4121212121212121e-07,8.787878781150162e-09,4.0916363636363635e-05,0.0,1.2115151515151252e-06,1.3280606060606062e-05,6.845454545454545e-07,3.4909090909090916e-07,2.5418484848484853e-05,0.01813282787878788,0.011397275151515151,2.9570606060606062e-05,0.0009044099999999999,0.0,6.636363636363637e-08,0.04392060727272727,0.9073270660606061,2.5757575757575755e-08,0.016808786969696968
2025-09-12,3.154030303030445e-05,0.0013658130303030374,1.4121212121212124e-07,8.787878781150165e-09,4.091636363636364e-05,0.0,1.2115151515151256e-06,1.3280606060606067e-05,6.845454545454547e-07,3.490909090909092e-07,2.541848484848486e-05,0.018132827878787887,0.011397275151515155,2.957060606060607e-05,0.0009044100000000001,0.0,6.636363636363638e-08,0.04392060727272728,0.9073270660606062,2.575757575757576e-08,0.01680878696969697
2025-09-13,3.154030303030445e-05,0.0013658130303030374,1.4121212121212124e-07,8.787878781150165e-09,4.091636363636364e-05,0.0,1.2115151515151256e-06,1.3280606060606067e-05,6.845454545454547e-07,3.490909090909092e-07,2.541848484848486e-05,0.018132827878787887,0.011397275151515155,2.957060606060607e-05,0.0009044100000000001,0.0,6.636363636363638e-08,0.04392060727272728,0.9073270660606062,2.575757575757576e-08,0.01680878696969697
2025-09-14,3.154030303030445e-05,0.0013658130303030374,1.4121212121212124e-07,8.787878781150165e-09,4.091636363636364e-05,0.0,1.2115151515151256e-06,1.3280606060606067e-05,6.845454545454547e-07,3.490909090909092e-07,2.541848484848486e-05,0.018132827878787887,0.011397275151515155,2.957060606060607e-05,0.0009044100000000001,0.0,6.636363636363638e-08,0.04392060727272728,0.9073270660606062,2.575757575757576e-08,0.01680878696969697
2025-09-15,3.154030303030445e-05,0.0013658130303030374,1.4121212121212124e-07,8.787878781150165e-09,4.091636363636364e-05,0.0,1.2115151515151256e-06,1.3280606060606067e-05,6.845454545454547e-07,3.490909090909092e-07,2.541848484848486e-05,0.018132827878787887,0.011397275151515155,2.957060606060607e-05,0.0009044100000000001,0.0,6.636363636363638e-08,0.04392060727272728,0.9073270660606062,2.575757575757576e-08,0.01680878696969697
2025-09-16,2.961750000000336e-05,0.0013964950000000071,1.4562500000000004e-07,9.062499993061107e-09,4.2195000000000005e-05,0.0,1.2493749999999731e-06,1.0694687500000004e-05,7.059375000000001e-07,3.600000000000001e-07,2.621281250000001e-05,0.018682196875000008,0.011739243750000003,3.0494687500000004e-05,0.0009326728125000001,0.0,6.843750000000002e-08,0.03818841750000001,0.9115851328125001,2.65625e-08,0.017334061562500003
2025-09-17,1.894344827586021e-05,0.001509411724137939,1.1413793103448278e-07,9.99999999234329e-09,4.017724137931035e-05,0.0,1.3786206896551427e-06,9.217586206896555e-06,7.520689655172415e-07,1.2689655172413796e-07,2.89244827586207e-05,0.0053551289655172415,0.012953648275862073,3.074379310344828e-05,0.0010291562068965518,0.0,5.5172413793103467e-08,0.04213892275862069,0.9368832686206897,2e-08,0.0
2025-09-18,1.713571428571057e-05,0.0015602271428571512,1.1821428571428572e-07,1.0357142849212693e-08,4.1612142857142864e-05,0.0,1.5357142857111884e-08,6.621785714285717e-06,2.9392857142857145e-07,1.3142857142857144e-07,2.995750000000001e-05,0.0055374867857142865,0.013416278571428575,3.184178571428572e-05,0.001057934642857143,0.0,5.7142857142857164e-08,0.043643884285714286,0.9346563725000001,2.0714285714285716e-08,0.0
2025-09-19,1.3854642857142563e-05,0.0017272664285714369,1.2571428571428572e-07,1.0357142849212693e-08,4.162607142857143e-05,0.0,1.5357142857111884e-08,6.662857142857146e-06,3.096428571428572e-07,1.8000000000000002e-07,0.00011002607142857145,0.040188656071428575,0.013416278571428575,3.185000000000001e-05,0.001057934642857143,1.642857142857143e-08,0.0008108200000000002,0.04364390071428572,0.8989504457142858,2.0714285714285716e-08,0.0
2025-09-20,1.3854642857142564e-05,0.0017272664285714369,1.2571428571428574e-07,1.0357142849212693e-08,4.162607142857143e-05,0.0,1.5357142857111884e-08,6.662857142857146e-06,3.096428571428572e-07,1.8000000000000002e-07,0.00011002607142857145,0.040188656071428575,0.013416278571428575,3.185000000000001e-05,0.001057934642857143,1.642857142857143e-08,0.0008108200000000002,0.04364390071428572,0.8989504457142858,2.0714285714285716e-08,0.0
2025-09-21,1.3854642857142564e-05,0.0017272664285714369,1.2571428571428574e-07,1.0357142849212693e-08,4.162607142857143e-05,0.0,1.5357142857111884e-08,6.662857142857146e-06,3.096428571428572e-07,1.8000000000000002e-07,0.00011002607142857145,0.040188656071428575,0.013416278571428575,3.185000000000001e-05,0.001057934642857143,1.642857142857143e-08,0.0008108200000000002,0.04364390071428572,0.8989504457142858,2.0714285714285716e-08,0.0
2025-09-22,1.3854642857142564e-05,0.0017272664285714369,1.2571428571428574e-07,1.0357142849212693e-08,4.162607142857143e-05,0.0,1.5357142857111884e-08,6.662857142857146e-06,3.096428571428572e-07,1.8000000000000002e-07,0.00011002607142857145,0.040188656071428575,0.013416278571428575,3.185000000000001e-05,0.001057934642857143,1.642857142857143e-08,0.0008108200000000002,0.04364390071428572,0.8989504457142858,2.0714285714285716e-08,0.0
2025-09-23,1.4367407407409354e-05,0.001791239259259268,1.3037037037037038e-07,1.0740740732516867e-08,4.316777777777778e-05,0.0,1.5925925925893805e-08,6.909629629629632e-06,3.2111111111111114e-07,1.866666666666667e-07,0.00011410111111111114,0.041674569259259255,0.013913029629629634,2.684444444444445e-05,0.0010971174074074074,1.703703703703704e-08,0.0008408503703703705,0.008232193703703703,0.9322449066666667,2.1481481481481483e-08,0.0
2025-09-24,2.309411764709246e-05,0.000533109411764719,1.7176470588235297e-07,0.0,3.6621176470588245e-05,0.0,2.529411764700781e-08,3.4529411764706207e-07,5.100000000000001e-07,1.7941176470588238e-07,0.00018121941176470592,0.06610674941176471,1.482588235294118e-05,3.86664705882353e-05,0.0017424805882352943,2.705882352941177e-08,0.0013354523529411767,0.01303535705882353,0.9169511311764706,3.411764705882353e-08,0.0
2025-09-25,2.734666666670049e-05,0.0006039026666666815,6.466666666666666e-08,0.0,4.142e-05,0.0,1.3999999999942176e-08,2.7266666666667025e-07,3.9733333333333324e-07,1.3333333333333334e-07,0.00020538200000000002,0.07489937133333333,1.6708e-05,4.3757333333333335e-05,0.0019747653333333334,3.0666666666666663e-08,0.0015134626666666667,0.014773404666666663,0.9058995279999998,3.866666666666666e-08,0.0
2025-09-26,2.734666666670049e-05,0.0006039026666666815,6.466666666666666e-08,0.0,4.142e-05,0.0,1.3999999999942176e-08,2.7266666666667025e-07,3.9733333333333324e-07,1.3333333333333334e-07,0.00020538200000000002,0.07489937133333333,1.6708e-05,4.3757333333333335e-05,0.0019747653333333334,3.0666666666666663e-08,0.0015134626666666667,0.014773404666666663,0.9058995279999998,3.866666666666666e-08,0.0
2025-09-27,2.734666666670049e-05,0.0006039026666666815,6.466666666666666e-08,0.0,4.142e-05,0.0,1.3999999999942176e-08,2.7266666666667025e-07,3.9733333333333324e-07,1.3333333333333334e-07,0.00020538200000000002,0.07489937133333333,1.6708e-05,4.3757333333333335e-05,0.0019747653333333334,3.0666666666666663e-08,0.0015134626666666667,0.014773404666666663,0.9058995279999998,3.866666666666666e-08,0.0
2025-09-28,2.734666666670049e-05,0.0006039026666666815,6.466666666666666e-08,0.0,4.142e-05,0.0,1.3999999999942176e-08,2.7266666666667025e-07,3.9733333333333324e-07,1.3333333333333334e-07,0.00020538200000000002,0.07489937133333333,1.6708e-05,4.3757333333333335e-05,0.0019747653333333334,3.0666666666666663e-08,0.0015134626666666667,0.014773404666666663,0.9058995279999998,3.866666666666666e-08,0.0
2025-09-29,2.734666666670049e-05,0.0006039026666666815,6.466666666666666e-08,0.0,4.142e-05,0.0,1.3999999999942176e-08,2.7266666666667025e-07,3.9733333333333324e-07,1.3333333333333334e-07,0.00020538200000000002,0.07489937133333333,1.6708e-05,4.3757333333333335e-05,0.0019747653333333334,3.0666666666666663e-08,0.0015134626666666667,0.014773404666666663,0.9058995279999998,3.866666666666666e-08,0.0
2025-09-30,2.8710000000000194e-05,0.0005474676923077095,7.461538461538463e-08,0.0,2.8100000000000002e-05,0.0,1.6153846153779435e-08,3.146153846153888e-07,4.584615384615384e-07,1.5384615384615387e-07,0.00021985846153846158,0.07822384615384614,1.9278461538461543e-05,5.048923076923078e-05,6.238153846153847e-05,3.538461538461539e-08,0.0017463030769230771,0.0037803130769230773,0.9152921546153846,4.461538461538462e-08,0.0
2025-10-01,-2.090999999991754e-06,0.0005296070000000221,9.700000000000001e-08,0.0,3.653e-05,0.0,2.0999999999913265e-08,4.090000000000054e-07,5.959999999999999e-07,2e-07,0.00028579000000000007,0.09986567499999999,2.5062e-05,4.942500000000001e-05,1.0578e-05,4.6e-08,0.002270194,0.004914407,0.892013396,5.7999999999999997e-08,0.0
2025-10-02,-3.469090909081702e-06,0.0005620963636363839,2.1909090909090908e-07,0.0,3.338272727272727e-05,0.0,1.909090909083024e-08,7.081818181818231e-07,9.79090909090909e-07,3.045454545454546e-07,0.0002350827272727273,0.09085001272727272,2.8162727272727273e-05,4.5038181818181826e-05,7e-08,4.181818181818182e-08,0.0020638636363636362,0.004467796363636364,0.90171561,5.2727272727272726e-08,2.909090909090909e-08
2025-10-03,-3.433636363640417e-06,0.0014313736363636565,2.1909090909090908e-07,0.0,0.0017716472727272727,0.0,1.909090909083024e-08,7.081818181818231e-07,9.409090909090907e-07,3.045454545454546e-07,0.0002350827272727273,0.10525836181818181,2.8162727272727273e-05,4.5038181818181826e-05,7e-08,4.181818181818182e-08,0.0020638636363636362,0.004467796363636364,0.8698037218181817,5.2727272727272726e-08,0.014896029090909091
2025-10-04,-3.433636363640417e-06,0.0014313736363636565,2.1909090909090908e-07,0.0,0.0017716472727272727,0.0,1.909090909083024e-08,7.081818181818231e-07,9.409090909090907e-07,3.045454545454546e-07,0.0002350827272727273,0.10525836181818181,2.8162727272727273e-05,4.5038181818181826e-05,7e-08,4.181818181818182e-08,0.0020638636363636362,0.004467796363636364,0.8698037218181817,5.2727272727272726e-08,0.014896029090909091
2025-10-05,-3.433636363640417e-06,0.0014313736363636565,2.1909090909090908e-07,0.0,0.0017716472727272727,0.0,1.909090909083024e-08,7.081818181818231e-07,9.409090909090907e-07,3.045454545454546e-07,0.0002350827272727273,0.10525836181818181,2.8162727272727273e-05,4.5038181818181826e-05,7e-08,4.181818181818182e-08,0.0020638636363636362,0.004467796363636364,0.8698037218181817,5.2727272727272726e-08,0.014896029090909091
2025-10-06,-3.433636363640417e-06,0.0014313736363636565,2.1909090909090908e-07,0.0,0.0017716472727272727,0.0,1.909090909083024e-08,7.081818181818231e-07,9.409090909090907e-07,3.045454545454546e-07,0.0002350827272727273,0.10525836181818181,2.8162727272727273e-05,4.5038181818181826e-05,7e-08,4.181818181818182e-08,0.0020638636363636362,0.004467796363636364,0.8698037218181817,5.2727272727272726e-08,0.014896029090909091
2025-10-07,-2.6921428571487084e-06,0.0012204914285714444,1.7214285714285713e-07,0.0,0.0014106057142857144,0.0,1.4999999999938046e-08,3.4585714285714325e-06,7.392857142857141e-07,2.392857142857143e-07,0.00018470785714285717,0.08277723142857142,2.2127857142857142e-05,3.538714285714286e-05,5.5e-08,3.2857142857142855e-08,0.001621607142857143,0.0035104114285714285,0.8975113457142856,4.1428571428571426e-08,0.011704022857142856
2025-10-08,-1.7899999999996339e-06,0.0017073030000000218,1.6499999999999998e-07,0.0,0.001938357,0.0,0.0,4.5480000000000046e-06,5.249999999999998e-07,2.71e-07,0.000224192,0.11312152499999997,5.916999999999999e-06,1.3999999999998916e-07,0.0,4.599999999999999e-08,0.0022701919999999994,2.1499999999999998e-07,0.8643427619999999,0.0,0.016385631999999997
2025-10-09,-1.7899999999996339e-06,0.0017073030000000218,1.6499999999999996e-07,0.0,0.001938357,0.0,0.0,4.5480000000000046e-06,5.249999999999998e-07,2.71e-07,0.000224192,0.11312152499999997,5.916999999999999e-06,1.3999999999998916e-07,0.0,4.599999999999999e-08,0.0022701919999999994,2.1499999999999998e-07,0.8643427619999999,0.0,0.016385631999999997
2025-10-10,-1.7899999999996339e-06,0.0017073030000000218,1.6499999999999996e-07,0.0,0.001938357,0.0,0.0,4.5480000000000046e-06,5.249999999999998e-07,2.71e-07,0.000224192,0.11312152499999997,5.916999999999999e-06,1.3999999999998916e-07,0.0,4.599999999999999e-08,0.0022701919999999994,2.1499999999999998e-07,0.8643427619999999,0.0,0.016385631999999997
2025-10-11,-1.6263636363587358e-06,0.0015520936363636565,1.5e-07,0.0,0.0017621427272727275,0.0,0.0,4.1345454545454595e-06,4.772727272727272e-07,2.463636363636364e-07,0.00020381090909090915,0.10283774999999999,5.379090909090909e-06,1.2727272727271742e-07,0.0,4.181818181818182e-08,0.002063810909090909,1.9545454545454548e-07,0.8766752372727272,0.0,0.014896029090909091
2025-10-12,-1.6263636363587358e-06,0.0015520936363636565,1.5e-07,0.0,0.0017621427272727275,0.0,0.0,4.1345454545454595e-06,4.772727272727272e-07,2.463636363636364e-07,0.00020381090909090915,0.10283774999999999,5.379090909090909e-06,1.2727272727271742e-07,0.0,4.181818181818182e-08,0.002063810909090909,1.9545454545454548e-07,0.8766752372727272,0.0,0.014896029090909091
2025-10-13,-1.6263636363587358e-06,0.0015520936363636565,1.5e-07,0.0,0.0017621427272727275,0.0,0.0,4.1345454545454595e-06,4.772727272727272e-07,2.463636363636364e-07,0.00020381090909090915,0.10283774999999999,5.379090909090909e-06,1.2727272727271742e-07,0.0,4.181818181818182e-08,0.002063810909090909,1.9545454545454548e-07,0.8766752372727272,0.0,0.014896029090909091
2025-10-14,-1.490833333328841e-06,0.0014227525000000182,1.3749999999999998e-07,0.0,0.0016152975,0.0,0.0,3.790000000000004e-06,4.3749999999999983e-07,2.2583333333333332e-07,0.00018682666666666668,0.09428918749999997,4.930833333333333e-06,1.1666666666665763e-07,0.0,3.8333333333333326e-08,0.0018918266666666664,1.7916666666666666e-07,0.8869310508333332,0.0,0.013654693333333332
2025-10-15,1.8864705882372418e-05,0.0012002323529411896,9.705882352941178e-08,0.0,0.0011402100000000004,0.0,0.0,2.80352941176471e-06,4.458823529411765e-07,1.5941176470588241e-07,0.0001318776470588236,0.10000243352941177,0.0062265652941176485,3.95117647058823e-06,2.032705882352942e-05,2.705882352941177e-08,0.0013354070588235296,1.41764705882353e-07,0.8767770829411766,9.708823529411768e-06,0.013129664705882355
2025-10-16,1.7666111111132278e-05,0.0011358733333333457,9.166666666666668e-08,0.0,0.001076876666666667,0.0,0.0,2.6711111111111145e-06,4.5222222222222224e-07,1.505555555555556e-07,0.00012463111111111116,0.09445896111111111,0.005880645000000001,3.7438888888888838e-06,1.9197777777777783e-05,2.555555555555556e-08,0.001261217777777778,1.5388888888888892e-07,0.8836082222222224,9.181111111111113e-06,0.01240023888888889
2025-10-17,1.771555555557081e-05,0.0008760344444444568,8.000000000000001e-08,0.0,0.0010768550000000005,0.0,0.0,2.607222222222226e-06,4.277777777777777e-07,7.500000000000001e-08,8.000000000000001e-08,0.040549197777777775,0.005880645000000001,3.731111111111106e-06,1.9197777777777783e-05,0.0,3.1111111111111114e-08,1.2833333333333338e-07,0.939163773888889,9.181111111111113e-06,0.01240023888888889
2025-10-18,1.771555555557081e-05,0.0008760344444444568,8.000000000000001e-08,0.0,0.0010768550000000005,0.0,0.0,2.607222222222226e-06,4.277777777777777e-07,7.500000000000001e-08,8.000000000000001e-08,0.040549197777777775,0.005880645000000001,3.731111111111106e-06,1.9197777777777783e-05,0.0,3.1111111111111114e-08,1.2833333333333338e-07,0.939163773888889,9.181111111111113e-06,0.01240023888888889
2025-10-19,1.771555555557081e-05,0.0008760344444444568,8.000000000000001e-08,0.0,0.0010768550000000005,0.0,0.0,2.607222222222226e-06,4.277777777777777e-07,7.500000000000001e-08,8.000000000000001e-08,0.040549197777777775,0.005880645000000001,3.731111111111106e-06,1.9197777777777783e-05,0.0,3.1111111111111114e-08,1.2833333333333338e-07,0.939163773888889,9.181111111111113e-06,0.01240023888888889
2025-10-20,1.771555555557081e-05,0.0008760344444444568,8.000000000000001e-08,0.0,0.0010768550000000005,0.0,0.0,2.607222222222226e-06,4.277777777777777e-07,7.500000000000001e-08,8.000000000000001e-08,0.040549197777777775,0.005880645000000001,3.731111111111106e-06,1.9197777777777783e-05,0.0,3.1111111111111114e-08,1.2833333333333338e-07,0.939163773888889,9.181111111111113e-06,0.01240023888888889
2025-10-21,1.6784210526329687e-05,0.0008299273684210643,7.578947368421054e-08,0.0,0.001020178421052632,0.0,0.0,2.4700000000000035e-06,4.0526315789473677e-07,7.105263157894738e-08,7.578947368421054e-08,0.038415029473684206,0.0055711373684210535,3.534736842105258e-06,1.8187368421052635e-05,0.0,2.9473684210526318e-08,1.2157894736842108e-07,0.9423656794736842,8.697894736842106e-06,0.011747594736842107
2025-10-22,9.13103448276221e-06,0.0005624662068965593,1.582758620689655e-07,2.0344827578550183e-08,0.0006739313793103449,3.241379310344828e-08,8.965517241349401e-09,1.921034482758623e-06,6.244827586206896e-07,1.617241379310345e-07,7.931034482758621e-08,0.059530463793103436,0.0036500627586206896,2.430344827586203e-06,1.1915862068965517e-05,0.0,3.655172413793104e-08,0.03073886724137931,0.8971066493103448,5.765172413793103e-06,0.007705273793103448
2025-10-23,1.448322580645923e-05,0.0005485835483871039,1.6967741935483873e-07,1.90322580573534e-08,0.0006308719354838711,3.032258064516129e-08,8.387096774165568e-09,3.2070967741935505e-06,6.854838709677419e-07,1.9419354838709678e-07,5.693548387096775e-07,0.05745873612903225,0.0034145748387096773,1.68558064516129e-05,1.3232903225806451e-05,0.0,1.1709677419354838e-06,0.028771185483870965,0.8967975277419354,6.611612903225807e-06,0.012321282258064515
2025-10-24,1.4030312500009278e-05,0.0005324768750000068,1.6437500000000001e-07,1.8437499993061105e-08,0.0006111571875000001,2.9375e-08,8.124999999972895e-09,3.106875000000002e-06,6.640624999999999e-07,1.88125e-07,5.515625000000001e-07,0.05566315062499999,0.003307869375,1.6329062499999993e-05,1.2819375e-05,0.0,1.1343749999999998e-06,0.0278720859375,0.8752141625,6.4050000000000005e-06,0.0367436484375
2025-10-25,1.3595151515159044e-05,0.0005163606060606127,1.593939393939394e-07,1.7878787872059253e-08,0.0005926372727272729,2.8484848484848486e-08,7.878787878761594e-09,3.0127272727272746e-06,6.439393939393939e-07,1.8242424242424243e-07,5.348484848484849e-07,0.05398018181818181,0.0032076309090909093,1.5834242424242418e-05,1.2430909090909091e-05,0.0,1.0999999999999998e-06,0.027027477272727272,0.8789917487878788,6.2109090909090915e-06,0.03563020454545454
2025-10-26,1.3595151515159044e-05,0.0005163606060606127,1.593939393939394e-07,1.7878787872059253e-08,0.0005926372727272729,2.8484848484848486e-08,7.878787878761594e-09,3.0127272727272746e-06,6.439393939393939e-07,1.8242424242424243e-07,5.348484848484849e-07,0.05398018181818181,0.0032076309090909093,1.5834242424242418e-05,1.2430909090909091e-05,0.0,1.0999999999999998e-06,0.027027477272727272,0.8789917487878788,6.2109090909090915e-06,0.03563020454545454
2025-10-27,1.3595151515159044e-05,0.0005163606060606127,1.593939393939394e-07,1.7878787872059253e-08,0.0005926372727272729,2.8484848484848486e-08,7.878787878761594e-09,3.0127272727272746e-06,6.439393939393939e-07,1.8242424242424243e-07,5.348484848484849e-07,0.05398018181818181,0.0032076309090909093,1.5834242424242418e-05,1.2430909090909091e-05,0.0,1.0999999999999998e-06,0.027027477272727272,0.8789917487878788,6.2109090909090915e-06,0.03563020454545454
2025-10-28,1.319441176471402e-05,0.0005037817647058888,1.547058823529412e-07,1.7352941169939864e-08,0.0005752067647058825,2.7647058823529412e-08,7.647058823503901e-09,2.9241176470588254e-06,6.249999999999999e-07,1.7705882352941176e-07,5.191176470588236e-07,0.0523927394117647,0.003113288823529412,1.6262941176470582e-05,1.2065294117647059e-05,0.0,1.0676470588235292e-06,0.026232551470588235,0.8825471032352941,6.0282352941176474e-06,0.034582257352941174
2025-10-29,1.508105263158268e-05,0.00047365342105263746,1.6026315789473683e-07,1.5526315783630404e-08,0.0005210792105263158,2.4736842105263158e-08,6.8421052631350696e-09,2.6163157894736856e-06,6.213157894736842e-07,1.5842105263157894e-07,1.6656578947368424e-05,0.05905889736842104,0.002785574210526316,1.8882368421052627e-05,1.0795263157894736e-05,0.0,9.621052631578946e-07,0.023471230263157894,0.8513341076315789,5.401578947368421e-06,0.06228407552631579
2025-10-30,1.818102564102372e-05,0.00045614153846154415,1.1923076923076923e-07,1.5128205122511676e-08,0.0005078487179487179,2.4102564102564104e-08,6.666666666644426e-09,2.4700000000000013e-06,4.820512820512821e-07,1.2512820512820512e-07,1.622948717948718e-05,0.057559743589743584,0.0027126320512820515,1.8368205128205127e-05,1.0518461538461537e-05,0.0,9.230769230769229e-07,0.02286936051282051,0.8551345082051282,5.263076923076923e-06,0.06068703974358975
2025-10-31,1.865842105263016e-05,0.00021651236842105845,1.2236842105263158e-07,1.5526315783630404e-08,1.8031315789473686e-05,2.4736842105263158e-08,6.8421052631350696e-09,2.535000000000001e-06,4.947368421052632e-07,1.2842105263157893e-07,1.6656578947368424e-05,0.0548941842105263,0.0027840171052631577,1.885157894736842e-05,1.0795263157894736e-05,0.0,9.473684210526314e-07,0.023471185789473683,0.8605693636842106,5.401578947368421e-06,0.05797206710526317
2025-11-01,1.865842105263016e-05,0.00021651236842105845,1.2236842105263158e-07,1.5526315783630404e-08,1.8031315789473686e-05,2.4736842105263158e-08,6.8421052631350696e-09,2.535000000000001e-06,4.947368421052632e-07,1.2842105263157893e-07,1.6656578947368424e-05,0.0548941842105263,0.0027840171052631577,1.885157894736842e-05,1.0795263157894736e-05,0.0,9.473684210526314e-07,0.023471185789473683,0.8605693636842106,5.401578947368421e-06,0.05797206710526317
2025-11-02,1.865842105263016e-05,0.00021651236842105845,1.2236842105263158e-07,1.5526315783630404e-08,1.8031315789473686e-05,2.4736842105263158e-08,6.8421052631350696e-09,2.535000000000001e-06,4.947368421052632e-07,1.2842105263157893e-07,1.6656578947368424e-05,0.0548941842105263,0.0027840171052631577,1.885157894736842e-05,1.0795263157894736e-05,0.0,9.473684210526314e-07,0.023471185789473683,0.8605693636842106,5.401578947368421e-06,0.05797206710526317
2025-11-03,1.865842105263016e-05,0.00021651236842105845,1.2236842105263158e-07,1.5526315783630404e-08,1.8031315789473686e-05,2.4736842105263158e-08,6.8421052631350696e-09,2.535000000000001e-06,4.947368421052632e-07,1.2842105263157893e-07,1.6656578947368424e-05,0.0548941842105263,0.0027840171052631577,1.885157894736842e-05,1.0795263157894736e-05,0.0,9.473684210526314e-07,0.023471185789473683,0.8605693636842106,5.401578947368421e-06,0.05797206710526317
2025-11-04,2.0255428571428097e-05,0.00019673428571429205,1.3285714285714286e-07,1.6857142850798726e-08,1.2138e-05,2.6857142857142857e-08,7.428571428546647e-09,1.5914285714285732e-06,5.371428571428572e-07,1.3942857142857144e-07,1.8084285714285715e-05,0.05956970685714285,0.003022647142857143,2.046742857142857e-05,1.1720571428571429e-05,0.0,1.0285714285714284e-06,0.025483001714285712,0.8486947977142858,5.864571428571429e-06,0.06294110142857144
2025-11-05,1.8360789473679956e-05,0.00019070078947369004,1.3552631578947367e-07,1.5526315783630404e-08,1.1179736842105263e-05,2.4736842105263158e-08,6.8421052631350696e-09,1.4994736842105278e-06,5.402631578947369e-07,1.6394736842105263e-07,1.6656578947368424e-05,0.0548743742105263,0.0027840265789473686,1.8874736842105258e-05,1.0812631578947369e-05,0.0,9.855263157894737e-07,0.023471206842105262,0.8606229347368421,5.433421052631579e-06,0.05797206710526317
2025-11-06,1.7892307692300906e-05,0.00023468692307692876,1.3205128205128203e-07,1.5128205122511676e-08,1.0893076923076923e-05,2.4102564102564104e-08,6.666666666644426e-09,1.4610256410256425e-06,5.264102564102565e-07,1.5974358974358973e-07,1.622948717948718e-05,0.05418045641025641,0.002712641282051282,1.8390769230769226e-05,1.0535384615384615e-05,0.0,9.602564102564102e-07,0.02288934974358974,0.8634147412820513,5.294102564102564e-06,0.05648560384615385
2025-11-07,1.7892307692300906e-05,0.00023468692307692876,1.3205128205128203e-07,1.5128205122511676e-08,1.0893076923076923e-05,2.4102564102564104e-08,6.666666666644426e-09,1.4610256410256425e-06,5.264102564102565e-07,1.5974358974358973e-07,1.622948717948718e-05,0.05418045641025641,0.002712641282051282,1.8390769230769226e-05,1.0535384615384615e-05,0.0,9.602564102564102e-07,0.02288934974358974,0.8634147412820513,5.294102564102564e-06,0.05648560384615385
2025-11-08,1.836289473683382e-05,0.00024086289473684792,1.3552631578947367e-07,1.5526315783630404e-08,1.1179736842105263e-05,2.4736842105263158e-08,6.8421052631350696e-09,1.4994736842105278e-06,5.402631578947369e-07,1.6394736842105263e-07,1.6656578947368424e-05,0.05560625789473684,0.0027840265789473686,1.8874736842105258e-05,1.0812631578947369e-05,0.0,9.855263157894737e-07,0.023491701052631576,0.859820392631579,5.433421052631579e-06,0.05797206710526317
2025-11-09,1.836289473683382e-05,0.00024086289473684792,1.3552631578947367e-07,1.5526315783630404e-08,1.1179736842105263e-05,2.4736842105263158e-08,6.8421052631350696e-09,1.4994736842105278e-06,5.402631578947369e-07,1.6394736842105263e-07,1.6656578947368424e-05,0.05560625789473684,0.0027840265789473686,1.8874736842105258e-05,1.0812631578947369e-05,0.0,9.855263157894737e-07,0.023491701052631576,0.859820392631579,5.433421052631579e-06,0.05797206710526317
2025-11-10,1.836289473683382e-05,0.00024086289473684792,1.3552631578947367e-07,1.5526315783630404e-08,1.1179736842105263e-05,2.4736842105263158e-08,6.8421052631350696e-09,1.4994736842105278e-06,5.402631578947369e-07,1.6394736842105263e-07,1.6656578947368424e-05,0.05560625789473684,0.0027840265789473686,1.8874736842105258e-05,1.0812631578947369e-05,0.0,9.855263157894737e-07,0.023491701052631576,0.859820392631579,5.433421052631579e-06,0.05797206710526317
2025-11-11,2.2311052631567463e-05,0.00024399368421053216,1.3552631578947367e-07,1.5526315783630404e-08,1.1179736842105263e-05,2.4736842105263158e-08,6.8421052631350696e-09,1.4994736842105278e-06,5.402631578947369e-07,1.6394736842105263e-07,1.6656578947368424e-05,0.05559954736842104,0.0027840265789473686,1.8874736842105258e-05,1.0812631578947369e-05,0.0,9.855263157894737e-07,0.023491701052631576,0.8598200242105264,5.433421052631579e-06,0.05797206710526317
2025-11-12,1.5913124999979607e-05,0.00017377625000000697,1.6093750000000002e-07,1.8437499993061108e-08,1.3275937500000002e-05,2.9375000000000003e-08,8.124999999972897e-09,1.7125000000000018e-06,5.687500000000001e-07,1.9468750000000002e-07,1.9779687500000006e-05,0.048256615,1.7812500000000005e-08,2.0358437499999997e-05,2.04125e-06,0.0,1.1703125e-06,0.027896386875,0.8566094728125001,1.2943750000000002e-06,0.06698720531250002
2025-11-13,1.651387096771927e-05,0.0001780345161290394,1.661290322580645e-07,1.90322580573534e-08,1.369741935483871e-05,3.032258064516129e-08,8.387096774165568e-09,1.7541935483870985e-06,5.690322580645162e-07,2.0096774193548385e-07,2.0371290322580648e-05,0.04980618548387096,1.838709677419355e-08,2.1008064516129028e-05,2.107096774193548e-06,0.0,1.208064516129032e-06,0.02879625870967742,0.8519924367741936,1.3293548387096775e-06,0.06914808290322581
2025-11-14,1.7061999999975958e-05,0.00018396900000000737,1.7166666666666666e-07,1.9666666659265178e-08,1.4154e-05,3.1333333333333336e-08,8.666666666637755e-09,1.8126666666666683e-06,5.88e-07,2.0766666666666666e-07,2.1050333333333334e-05,0.05146639166666666,1.9e-08,2.1708333333333327e-05,2.177333333333333e-06,0.0,1.2483333333333332e-06,0.029756134,0.8470588536666667,1.3736666666666667e-06,0.071453019
2025-11-15,1.7061999999975958e-05,0.00018396900000000737,1.7166666666666666e-07,1.9666666659265178e-08,1.4154e-05,3.1333333333333336e-08,8.666666666637755e-09,1.8126666666666683e-06,5.88e-07,2.0766666666666666e-07,2.1050333333333334e-05,0.05146639166666666,1.9e-08,2.1708333333333327e-05,2.177333333333333e-06,0.0,1.2483333333333332e-06,0.029756134,0.8470588536666667,1.3736666666666667e-06,0.071453019
2025-11-16,1.7061999999975958e-05,0.00018396900000000737,1.7166666666666666e-07,1.9666666659265178e-08,1.4154e-05,3.1333333333333336e-08,8.666666666637755e-09,1.8126666666666683e-06,5.88e-07,2.0766666666666666e-07,2.1050333333333334e-05,0.05146639166666666,1.9e-08,2.1708333333333327e-05,2.177333333333333e-06,0.0,1.2483333333333332e-06,0.029756134,0.8470588536666667,1.3736666666666667e-06,0.071453019
2025-11-17,1.7061999999975958e-05,0.00018396900000000737,1.7166666666666666e-07,1.9666666659265178e-08,1.4154e-05,3.1333333333333336e-08,8.666666666637755e-09,1.8126666666666683e-06,5.88e-07,2.0766666666666666e-07,2.1050333333333334e-05,0.05146639166666666,1.9e-08,2.1708333333333327e-05,2.177333333333333e-06,0.0,1.2483333333333332e-06,0.029756134,0.8470588536666667,1.3736666666666667e-06,0.071453019
2025-11-18,1.7649655172389286e-05,0.00019031275862069728,1.7758620689655173e-07,2.0344827578550183e-08,1.4642068965517241e-05,3.241379310344828e-08,8.965517241349401e-09,1.8751724137931052e-06,6.082758620689655e-07,2.1482758620689654e-07,2.1776206896551726e-05,0.0532410948275862,1.9655172413793106e-08,2.245689655172413e-05,2.252413793103448e-06,0.0,1.2913793103448275e-06,0.030782207586206898,0.8417850217241379,1.4210344827586207e-06,0.07391691620689655
2025-11-19,2.9786315789444703e-05,0.00026190368421053807,1.0526315789473687e-07,0.0,1.389473684210527e-05,0.0,0.0,2.4000000000000037e-06,3.8052631578947384e-07,1.5210526315789478e-07,3.319210526315791e-05,0.02881546631578948,1.894736842105264e-08,3.4101578947368423e-05,3.4378947368421063e-06,0.0,1.9447368421052636e-06,6.627263157894739e-05,0.8579274057894738,2.067368421052632e-06,0.11280747000000005
2025-11-20,2.2456470588195127e-05,0.0002518588235294248,7.823529411764706e-08,0.0,1.4763529411764708e-05,0.0,0.0,1.1117647058823848e-07,2.4058823529411765e-07,9.176470588235291e-08,3.619411764705883e-05,0.028979793529411758,2.1176470588235293e-08,1.1522352941176464e-05,3.882352941176471e-08,0.0,1.0058823529411765e-07,4.585764705882353e-05,0.8538817752941177,8.88235294117647e-08,0.11675500705882354
2025-11-21,2.3860624999953523e-05,0.0002655268750000139,8.3125e-08,0.0,1.5686250000000002e-05,0.0,0.0,1.1812500000000338e-07,2.55625e-07,9.749999999999997e-08,3.845625e-05,0.030791030624999993,2.25e-08,1.2242499999999993e-05,4.125e-08,0.0,1.0687500000000001e-07,4.872375e-05,0.89436627125,9.4375e-08,0.07443738250000001
2025-11-22,2.5473333333286986e-05,0.0002831860000000148,8.866666666666667e-08,0.0,1.6732000000000002e-05,0.0,0.0,1.2600000000000362e-07,2.7266666666666665e-07,1.0399999999999997e-07,4.1020000000000004e-05,0.03283542066666666,2.4e-08,1.3058666666666659e-05,4.4000000000000004e-08,0.0,1.1400000000000001e-07,5.1971999999999996e-05,0.8873323886666667,1.0066666666666667e-07,0.07939987466666668
2025-11-23,2.5473333333286986e-05,0.0002831860000000148,8.866666666666667e-08,0.0,1.6732000000000002e-05,0.0,0.0,1.2600000000000362e-07,2.7266666666666665e-07,1.0399999999999997e-07,4.1020000000000004e-05,0.03283542066666666,2.4e-08,1.3058666666666659e-05,4.4000000000000004e-08,0.0,1.1400000000000001e-07,5.1971999999999996e-05,0.8873323886666667,1.0066666666666667e-07,0.07939987466666668
2025-11-24,2.5473333333286986e-05,0.0002831860000000148,8.866666666666667e-08,0.0,1.6732000000000002e-05,0.0,0.0,1.2600000000000362e-07,2.7266666666666665e-07,1.0399999999999997e-07,4.1020000000000004e-05,0.03283542066666666,2.4e-08,1.3058666666666659e-05,4.4000000000000004e-08,0.0,1.1400000000000001e-07,5.1971999999999996e-05,0.8873323886666667,1.0066666666666667e-07,0.07939987466666668
2025-11-25,2.7294999999948326e-05,0.00029707928571430156,9.5e-08,0.0,1.792714285714286e-05,0.0,0.0,1.3500000000000387e-07,2.9214285714285714e-07,1.1142857142857138e-07,4.3950000000000004e-05,0.03518029785714285,2.5714285714285715e-08,1.1819285714285706e-05,4.714285714285715e-08,0.0,1.2214285714285716e-07,5.568428571428571e-05,0.8792937164285715,1.0785714285714285e-07,0.08507129428571429
2025-11-26,3.2203749999921465e-05,0.00038296750000002777,6.25e-08,0.0,8.75e-07,0.0,0.0,2.3625000000000676e-07,2.1625e-07,1.9499999999999993e-07,0.0,0.0036729187499999864,4.5e-08,1.0999999999998644e-07,8.25e-08,0.0,1.8125e-07,9.74475e-05,0.9958123075,1.5124999999999998e-07,0.0
2025-11-27,2.777799999992608e-05,0.00047721200000004464,1.0000000000000001e-07,0.0,0.0,0.0,0.0,2.5600000000001087e-07,3.4600000000000005e-07,2.699999999999999e-07,0.0,0.005619611999999979,7.200000000000001e-08,1.7599999999997834e-07,1.3200000000000002e-07,0.0,2.900000000000001e-07,0.00015591600000000003,0.9937175980000001,2.42e-07,0.0
2025-11-28,2.777799999992608e-05,0.00047721200000004464,1.0000000000000001e-07,0.0,0.0,0.0,0.0,2.5600000000001087e-07,3.4600000000000005e-07,2.699999999999999e-07,0.0,0.005619611999999979,7.200000000000001e-08,1.7599999999997834e-07,1.3200000000000002e-07,0.0,2.900000000000001e-07,0.00015591600000000003,0.9937175980000001,2.42e-07,0.0
2025-11-29,2.777799999992608e-05,0.00047721200000004464,1.0000000000000001e-07,0.0,0.0,0.0,0.0,2.5600000000001087e-07,3.4600000000000005e-07,2.699999999999999e-07,0.0,0.005619611999999979,7.200000000000001e-08,1.7599999999997834e-07,1.3200000000000002e-07,0.0,2.900000000000001e-07,0.00015591600000000003,0.9937175980000001,2.42e-07,0.0
2025-11-30,2.777799999992608e-05,0.00047721200000004464,1.0000000000000001e-07,0.0,0.0,0.0,0.0,2.5600000000001087e-07,3.4600000000000005e-07,2.699999999999999e-07,0.0,0.005619611999999979,7.200000000000001e-08,1.7599999999997834e-07,1.3200000000000002e-07,0.0,2.900000000000001e-07,0.00015591600000000003,0.9937175980000001,2.42e-07,0.0
2025-12-01,2.777799999992608e-05,0.00047721200000004464,1.0000000000000001e-07,0.0,0.0,0.0,0.0,2.5600000000001087e-07,3.4600000000000005e-07,2.699999999999999e-07,0.0,0.005619611999999979,7.200000000000001e-08,1.7599999999997834e-07,1.3200000000000002e-07,0.0,2.900000000000001e-07,0.00015591600000000003,0.9937175980000001,2.42e-07,0.0
2025-12-02,2.777799999992608e-05,0.00047721200000004464,1.0000000000000001e-07,0.0,0.0,0.0,0.0,2.5600000000001087e-07,3.4600000000000005e-07,2.699999999999999e-07,0.0,0.005619611999999979,7.200000000000001e-08,1.7599999999997834e-07,1.3200000000000002e-07,0.0,2.900000000000001e-07,0.00015591600000000003,0.9937175980000001,2.42e-07,0.0
2025-12-03,7.505999999988779e-05,0.0010125650000001112,0.0,0.0,0.0,0.0,0.0,0.0,0.0,0.0,0.0,0.013905789999999946,0.0,0.0,0.0,0.0,0.0,0.00038939000000000004,0.984617195,0.0,0.0
2025-12-04,0.00015002999999987843,0.00011897000000022203,0.0,0.0,0.0,0.0,0.0,0.0,0.0,0.0,0.0,0.0,0.0,0.0,0.0,0.0,0.0,0.0,0.9997309999999998,0.0,0.0
2025-12-05,0.00015002999999987843,0.00011897000000022203,0.0,0.0,0.0,0.0,0.0,0.0,0.0,0.0,0.0,0.0,0.0,0.0,0.0,0.0,0.0,0.0,0.9997309999999998,0.0,0.0
2025-12-06,0.00015002999999987843,0.00011897000000022203,0.0,0.0,0.0,0.0,0.0,0.0,0.0,0.0,0.0,0.0,0.0,0.0,0.0,0.0,0.0,0.0,0.9997309999999998,0.0,0.0
2025-12-07,0.00015002999999987843,0.00011897000000022203,0.0,0.0,0.0,0.0,0.0,0.0,0.0,0.0,0.0,0.0,0.0,0.0,0.0,0.0,0.0,0.0,0.9997309999999998,0.0,0.0
2025-12-08,0.00015002999999987843,0.00011897000000022203,0.0,0.0,0.0,0.0,0.0,0.0,0.0,0.0,0.0,0.0,0.0,0.0,0.0,0.0,0.0,0.0,0.9997309999999998,0.0,0.0
2025-12-09,,,,,,,,,,,,,,,,,,,,,
2025-12-10,,,,,,,,,,,,,,,,,,,,,
2025-12-11,,,,,,,,,,,,,,,,,,,,,
2025-12-12,,,,,,,,,,,,,,,,,,,,,
2025-12-13,,,,,,,,,,,,,,,,,,,,,
2025-12-14,,,,,,,,,,,,,,,,,,,,,
2025-12-15,,,,,,,,,,,,,,,,,,,,,
2025-12-16,,,,,,,,,,,,,,,,,,,,,
2025-12-17,,,,,,,,,,,,,,,,,,,,,
2025-12-18,,,,,,,,,,,,,,,,,,,,,
2025-12-19,,,,,,,,,,,,,,,,,,,,,
2025-12-20,,,,,,,,,,,,,,,,,,,,,
2025-12-21,,,,,,,,,,,,,,,,,,,,,
2025-12-22,,,,,,,,,,,,,,,,,,,,,
2025-12-23,,,,,,,,,,,,,,,,,,,,,
2025-12-24,,,,,,,,,,,,,,,,,,,,,
2025-12-25,,,,,,,,,,,,,,,,,,,,,
2025-12-26,,,,,,,,,,,,,,,,,,,,,
2025-12-27,,,,,,,,,,,,,,,,,,,,,
2025-12-28,,,,,,,,,,,,,,,,,,,,,
2025-12-29,,,,,,,,,,,,,,,,,,,,,
2025-12-30,,,,,,,,,,,,,,,,,,,,,
2025-12-31,2.1499999997677659e-07,0.0005839950000001109,0.0,0.0,0.0,0.0,0.0,0.0,0.0,0.0,0.0,0.0,0.0,0.0,0.0,0.0,0.0,0.0,0.9994157899999998,0.0,0.0
2026-01-01,1.40000000006368e-07,0.000389330000000074,0.0,0.0,0.0,0.0,0.0,0.0,0.0,0.0,0.0,0.000100329999999963,0.0,0.0,0.0,0.0,0.0,0.0,0.9995102,0.0,0.0
2026-01-02,1.40000000006368e-07,0.000389330000000074,0.0,0.0,0.0,0.0,0.0,0.0,0.0,0.0,0.0,0.000100329999999963,0.0,0.0,0.0,0.0,0.0,0.0,0.9995102,0.0,0.0
2026-01-03,1.40000000006368e-07,0.000389330000000074,0.0,0.0,0.0,0.0,0.0,0.0,0.0,0.0,0.0,0.000100329999999963,0.0,0.0,0.0,0.0,0.0,0.0,0.9995102,0.0,0.0
2026-01-04,1.40000000006368e-07,0.000389330000000074,0.0,0.0,0.0,0.0,0.0,0.0,0.0,0.0,0.0,0.000100329999999963,0.0,0.0,0.0,0.0,0.0,0.0,0.9995102,0.0,0.0
2026-01-05,1.40000000006368e-07,0.000389330000000074,0.0,0.0,0.0,0.0,0.0,0.0,0.0,0.0,0.0,0.000100329999999963,0.0,0.0,0.0,0.0,0.0,0.0,0.9995102,0.0,0.0
2026-01-06,1.40000000006368e-07,0.000389330000000074,0.0,0.0,0.0,0.0,0.0,0.0,0.0,0.0,0.0,0.000100329999999963,0.0,0.0,0.0,0.0,0.0,0.0,0.9995102,0.0,0.0
2026-01-07,4.268799999999166e-05,0.0002653980000000444,0.0,0.0,0.0,0.0,0.0,0.0,0.0,0.0,0.0,0.00016399799999997777,0.0,0.0,0.0,0.0,0.0,0.0,0.9995279159999999,0.0,0.0
2026-01-08,4.268799999999166e-05,0.0002653980000000444,0.0,0.0,0.0,0.0,0.0,0.0,0.0,0.0,0.0,0.00016399799999997777,0.0,0.0,0.0,0.0,0.0,0.0,0.9995279159999999,0.0,0.0
2026-01-09,4.268799999999166e-05,0.0002653980000000444,0.0,0.0,0.0,0.0,0.0,0.0,0.0,0.0,0.0,0.00016399799999997777,0.0,0.0,0.0,0.0,0.0,0.0,0.9995279159999999,0.0,0.0
2026-01-10,4.268799999999166e-05,0.0002653980000000444,0.0,0.0,0.0,0.0,0.0,0.0,0.0,0.0,0.0,0.00016399799999997777,0.0,0.0,0.0,0.0,0.0,0.0,0.9995279159999999,0.0,0.0
2026-01-11,4.268799999999166e-05,0.0002653980000000444,0.0,0.0,0.0,0.0,0.0,0.0,0.0,0.0,0.0,0.00016399799999997777,0.0,0.0,0.0,0.0,0.0,0.0,0.9995279159999999,0.0,0.0
2026-01-12,4.268799999999166e-05,0.0002653980000000444,0.0,0.0,0.0,0.0,0.0,0.0,0.0,0.0,0.0,0.00016399799999997777,0.0,0.0,0.0,0.0,0.0,0.0,0.9995279159999999,0.0,0.0
2026-01-13,4.268799999999166e-05,0.0002653980000000444,0.0,0.0,0.0,0.0,0.0,0.0,0.0,0.0,0.0,0.00016399799999997777,0.0,0.0,0.0,0.0,0.0,0.0,0.9995279159999999,0.0,0.0
2026-01-14,-6.398888888890577e-05,0.18322241777777779,5.133333333333334e-06,1.1644444444197727e-06,2.1862222222222213e-05,6.544444444444444e-07,8.677777777776815e-07,1.1571111111111112e-05,1.5314444444444453e-05,4.059999999999998e-06,1.6455555555555558e-06,0.0001540366666666543,1.2477777777777777e-06,1.2232222222222212e-05,6.366666666666667e-07,0.0,2.8799999999999995e-06,2.171222222222223e-05,0.8165793177777778,6.075555555555554e-06,1.1588888888888886e-06
2026-01-15,-0.0003350470000000078,0.164936697,1.8636999999999995e-05,5.354999999977795e-06,3.7064999999999985e-05,5.89e-07,2.449999999999913e-06,6.545799999999997e-05,5.860199999999998e-05,1.4313999999999999e-05,1.2998000000000003e-05,0.00017600999999998888,2.294e-06,2.283999999999999e-05,2.912e-06,0.0,7.311000000000001e-06,2.6224000000000005e-05,0.834919359,2.1360000000000006e-05,4.5720000000000004e-06
2026-01-16,-0.0003350470000000078,0.164936697,1.8636999999999995e-05,5.354999999977795e-06,3.7064999999999985e-05,5.89e-07,2.449999999999913e-06,6.545799999999997e-05,5.860199999999998e-05,1.4313999999999999e-05,1.2998000000000003e-05,0.00017600999999998888,2.294e-06,2.283999999999999e-05,2.912e-06,0.0,7.311000000000001e-06,2.6224000000000005e-05,0.834919359,2.1360000000000006e-05,4.572e-06
2026-01-17,-0.0003350470000000078,0.164936697,1.8636999999999995e-05,5.354999999977795e-06,3.7064999999999985e-05,5.89e-07,2.449999999999913e-06,6.545799999999997e-05,5.860199999999998e-05,1.4313999999999999e-05,1.2998000000000003e-05,0.00017600999999998888,2.294e-06,2.283999999999999e-05,2.912e-06,0.0,7.311000000000001e-06,2.6224000000000005e-05,0.834919359,2.1360000000000006e-05,4.572e-06
2026-01-18,-0.0003350470000000078,0.164936697,1.8636999999999995e-05,5.354999999977795e-06,3.7064999999999985e-05,5.89e-07,2.449999999999913e-06,6.545799999999997e-05,5.860199999999998e-05,1.4313999999999999e-05,1.2998000000000003e-05,0.00017600999999998888,2.294e-06,2.283999999999999e-05,2.912e-06,0.0,7.311000000000001e-06,2.6224000000000005e-05,0.834919359,2.1360000000000006e-05,4.572e-06
2026-01-19,-0.0003350470000000078,0.164936697,1.8636999999999995e-05,5.354999999977795e-06,3.7064999999999985e-05,5.89e-07,2.449999999999913e-06,6.545799999999997e-05,5.860199999999998e-05,1.4313999999999999e-05,1.2998000000000003e-05,0.00017600999999998888,2.294e-06,2.283999999999999e-05,2.912e-06,0.0,7.311000000000001e-06,2.6224000000000005e-05,0.834919359,2.1360000000000006e-05,4.572e-06
2026-01-20,-0.0003350470000000078,0.164936697,1.8636999999999995e-05,5.354999999977795e-06,3.7064999999999985e-05,5.89e-07,2.449999999999913e-06,6.545799999999997e-05,5.860199999999998e-05,1.4313999999999999e-05,1.2998000000000003e-05,0.00017600999999998888,2.294e-06,2.283999999999999e-05,2.912e-06,0.0,7.311000000000001e-06,2.6224000000000005e-05,0.834919359,2.1360000000000006e-05,4.572e-06
2026-01-21,-0.0003350470000000078,0.164936697,1.8636999999999995e-05,5.354999999977795e-06,3.7064999999999985e-05,5.89e-07,2.449999999999913e-06,6.545799999999997e-05,5.860199999999998e-05,1.4313999999999999e-05,1.2998000000000003e-05,0.00017600999999998888,2.294e-06,2.283999999999999e-05,2.912e-06,0.0,7.311000000000001e-06,2.6224000000000005e-05,0.834919359,2.1360000000000006e-05,4.572e-06
2026-01-22,-0.0003350470000000078,0.164936697,1.8636999999999995e-05,5.354999999977795e-06,3.7064999999999985e-05,5.89e-07,2.449999999999913e-06,6.545799999999997e-05,5.860199999999998e-05,1.4313999999999999e-05,1.2998000000000003e-05,0.00017600999999998888,2.294e-06,2.283999999999999e-05,2.912e-06,0.0,7.311000000000001e-06,2.6224000000000005e-05,0.834919359,2.1360000000000006e-05,4.572e-06
2026-01-23,-0.0003350470000000078,0.164936697,1.8636999999999995e-05,5.354999999977795e-06,3.7064999999999985e-05,5.89e-07,2.449999999999913e-06,6.545799999999997e-05,5.860199999999998e-05,1.4313999999999999e-05,1.2998000000000003e-05,0.00017600999999998888,2.294e-06,2.283999999999999e-05,2.912e-06,0.0,7.311000000000001e-06,2.6224000000000005e-05,0.834919359,2.1360000000000006e-05,4.572e-06
2026-01-24,-0.0003350470000000078,0.164936697,1.8636999999999995e-05,5.354999999977795e-06,3.7064999999999985e-05,5.89e-07,2.449999999999913e-06,6.545799999999997e-05,5.860199999999998e-05,1.4313999999999999e-05,1.2998000000000003e-05,0.00017600999999998888,2.294e-06,2.283999999999999e-05,2.912e-06,0.0,7.311000000000001e-06,2.6224000000000005e-05,0.834919359,2.1360000000000006e-05,4.572e-06
2026-01-25,-0.0003350470000000078,0.164936697,1.8636999999999995e-05,5.354999999977795e-06,3.7064999999999985e-05,5.89e-07,2.449999999999913e-06,6.545799999999997e-05,5.860199999999998e-05,1.4313999999999999e-05,1.2998000000000003e-05,0.00017600999999998888,2.294e-06,2.283999999999999e-05,2.912e-06,0.0,7.311000000000001e-06,2.6224000000000005e-05,0.834919359,2.1360000000000006e-05,4.572e-06
2026-01-26,-0.0003350470000000078,0.164936697,1.8636999999999995e-05,5.354999999977795e-06,3.7064999999999985e-05,5.89e-07,2.449999999999913e-06,6.545799999999997e-05,5.860199999999998e-05,1.4313999999999999e-05,1.2998000000000003e-05,0.00017600999999998888,2.294e-06,2.283999999999999e-05,2.912e-06,0.0,7.311000000000001e-06,2.6224000000000005e-05,0.834919359,2.1360000000000006e-05,4.572e-06
2026-01-27,-0.0003350470000000078,0.164936697,1.8636999999999995e-05,5.354999999977795e-06,3.7064999999999985e-05,5.89e-07,2.449999999999913e-06,6.545799999999997e-05,5.860199999999998e-05,1.4313999999999999e-05,1.2998000000000003e-05,0.00017600999999998888,2.294e-06,2.283999999999999e-05,2.912e-06,0.0,7.311000000000001e-06,2.6224000000000005e-05,0.834919359,2.1360000000000006e-05,4.572e-06
2026-01-28,-0.00041886250000000395,0.2060248725,2.3296249999999992e-05,6.693749999972244e-06,4.6331249999999984e-05,7.362499999999999e-07,3.0624999999998915e-06,8.182249999999996e-05,7.325249999999998e-05,1.78925e-05,1.6247500000000003e-05,0.00022001249999998608,2.8675e-06,2.854999999999999e-05,3.64e-06,0.0,9.138750000000001e-06,3.278000000000001e-05,0.79379525125,2.6700000000000005e-05,5.7149999999999995e-06
2026-01-29,-0.0004786985714285852,0.23545699714285712,2.66242857142857e-05,7.649999999968278e-06,5.294999999999997e-05,8.414285714285712e-07,3.4999999999998754e-06,9.351142857142851e-05,8.371714285714282e-05,2.0448571428571424e-05,1.856857142857143e-05,0.00020844428571426977,3.2771428571428566e-06,3.262857142857141e-05,4.159999999999999e-06,0.0,1.0444285714285715e-05,3.746285714285715e-05,0.764380427142857,3.0514285714285716e-05,6.53142857142857e-06
2026-01-30,-0.0004786985714285852,0.23545699714285712,2.66242857142857e-05,7.649999999968278e-06,5.294999999999997e-05,8.414285714285712e-07,3.4999999999998754e-06,9.351142857142851e-05,8.371714285714282e-05,2.0448571428571424e-05,1.856857142857143e-05,0.00020844428571426977,3.2771428571428566e-06,3.262857142857141e-05,4.159999999999999e-06,0.0,1.0444285714285715e-05,3.746285714285715e-05,0.764380427142857,3.0514285714285716e-05,6.53142857142857e-06
2026-01-31,-0.0004786985714285852,0.23545699714285712,2.66242857142857e-05,7.649999999968278e-06,5.294999999999997e-05,8.414285714285712e-07,3.4999999999998754e-06,9.351142857142851e-05,8.371714285714282e-05,2.0448571428571424e-05,1.856857142857143e-05,0.00020844428571426977,3.2771428571428566e-06,3.262857142857141e-05,4.159999999999999e-06,0.0,1.0444285714285715e-05,3.746285714285715e-05,0.764380427142857,3.0514285714285716e-05,6.53142857142857e-06
2026-02-01,-0.0004786985714285852,0.23545699714285712,2.66242857142857e-05,7.649999999968278e-06,5.294999999999997e-05,8.414285714285712e-07,3.4999999999998754e-06,9.351142857142851e-05,8.371714285714282e-05,2.0448571428571424e-05,1.856857142857143e-05,0.00020844428571426977,3.2771428571428566e-06,3.262857142857141e-05,4.159999999999999e-06,0.0,1.0444285714285715e-05,3.746285714285715e-05,0.764380427142857,3.0514285714285716e-05,6.53142857142857e-06
2026-02-02,-0.0004786985714285852,0.23545699714285712,2.66242857142857e-05,7.649999999968278e-06,5.294999999999997e-05,8.414285714285712e-07,3.4999999999998754e-06,9.351142857142851e-05,8.371714285714282e-05,2.0448571428571424e-05,1.856857142857143e-05,0.00020844428571426977,3.2771428571428566e-06,3.262857142857141e-05,4.159999999999999e-06,0.0,1.0444285714285715e-05,3.746285714285715e-05,0.764380427142857,3.0514285714285716e-05,6.53142857142857e-06
2026-02-03,-0.0004786985714285852,0.23545699714285712,2.66242857142857e-05,7.649999999968278e-06,5.294999999999997e-05,8.414285714285712e-07,3.4999999999998754e-06,9.351142857142851e-05,8.371714285714282e-05,2.0448571428571424e-05,1.856857142857143e-05,0.00020844428571426977,3.2771428571428566e-06,3.262857142857141e-05,4.159999999999999e-06,0.0,1.0444285714285715e-05,3.746285714285715e-05,0.764380427142857,3.0514285714285716e-05,6.53142857142857e-06
2026-02-04,-0.0004704887500000973,0.20600708625000003,2.4346249999999994e-05,7.038749999972245e-06,4.822499999999999e-05,8.7125e-07,3.1274999999998917e-06,8.454124999999997e-05,7.796749999999999e-05,2.03e-05,1.6408750000000008e-05,0.00012274499999998613,2.945e-06,2.968624999999999e-05,3.821250000000001e-06,0.0,9.906250000000002e-06,3.308500000000001e-05,0.6689449425000001,0.12502758500000002,5.860000000000001e-06
2026-02-05,-0.0004704887500000973,0.20600708625000003,2.4346249999999994e-05,7.038749999972245e-06,4.822499999999999e-05,8.7125e-07,3.1274999999998917e-06,8.454124999999997e-05,7.796749999999999e-05,2.03e-05,1.6408750000000008e-05,0.00012274499999998613,2.945e-06,2.968624999999999e-05,3.821250000000001e-06,0.0,9.906250000000002e-06,3.308500000000001e-05,0.6689449425000001,0.12502758500000002,5.860000000000001e-06
2026-02-06,-0.0004704887500000973,0.20600708625000003,2.4346249999999994e-05,7.038749999972245e-06,4.822499999999999e-05,8.7125e-07,3.1274999999998917e-06,8.454124999999997e-05,7.796749999999999e-05,2.03e-05,1.6408750000000008e-05,0.00012274499999998613,2.945e-06,2.968624999999999e-05,3.821250000000001e-06,0.0,9.906250000000002e-06,3.308500000000001e-05,0.6689449425000001,0.12502758500000002,5.860000000000001e-06
2026-02-07,-0.0004704887500000973,0.20600708625000003,2.4346249999999994e-05,7.038749999972245e-06,4.822499999999999e-05,8.7125e-07,3.1274999999998917e-06,8.454124999999997e-05,7.796749999999999e-05,2.03e-05,1.6408750000000008e-05,0.00012274499999998613,2.945e-06,2.968624999999999e-05,3.821250000000001e-06,0.0,9.906250000000002e-06,3.308500000000001e-05,0.6689449425000001,0.12502758500000002,5.860000000000001e-06
2026-02-08,-0.0004704887500000973,0.20600708625000003,2.4346249999999994e-05,7.038749999972245e-06,4.822499999999999e-05,8.7125e-07,3.1274999999998917e-06,8.454124999999997e-05,7.796749999999999e-05,2.03e-05,1.6408750000000008e-05,0.00012274499999998613,2.945e-06,2.968624999999999e-05,3.821250000000001e-06,0.0,9.906250000000002e-06,3.308500000000001e-05,0.6689449425000001,0.12502758500000002,5.860000000000001e-06
2026-02-09,-0.0004704887500000973,0.20600708625000003,2.4346249999999994e-05,7.038749999972245e-06,4.822499999999999e-05,8.7125e-07,3.1274999999998917e-06,8.454124999999997e-05,7.796749999999999e-05,2.03e-05,1.6408750000000008e-05,0.00012274499999998613,2.945e-06,2.968624999999999e-05,3.821250000000001e-06,0.0,9.906250000000002e-06,3.308500000000001e-05,0.6689449425000001,0.12502758500000002,5.860000000000001e-06
2026-02-10,-0.0004704887500000973,0.20600708625000003,2.4346249999999994e-05,7.038749999972245e-06,4.822499999999999e-05,8.7125e-07,3.1274999999998917e-06,8.454124999999997e-05,7.796749999999999e-05,2.03e-05,1.6408750000000008e-05,0.00012274499999998613,2.945e-06,2.968624999999999e-05,3.821250000000001e-06,0.0,9.906250000000002e-06,3.308500000000001e-05,0.6689449425000001,0.12502758500000002,5.860000000000001e-06
2026-02-11,-0.0007436425000001671,9.548000000005546e-05,3.71425e-05,1.145749999994449e-05,4.7260000000000005e-05,2.700000000000001e-07,4.302499999999784e-06,0.00014304749999999997,0.00012147749999999997,3.146500000000001e-05,2.911500000000002e-05,0.00010390499999997229,3.0825000000000006e-06,3.184999999999999e-05,6.2100000000000015e-06,0.0,1.3332500000000007e-05,1.73175e-05,0.7499963150000002,0.2500415000000001,9.112500000000005e-06
2026-02-12,-6.666666666691385e-05,5.570000000074017e-06,2.800000000000001e-06,9.199999999259854e-07,5.050000000000004e-06,3.600000000000001e-07,1.7333333333304427e-07,7.249999999999999e-06,1.257333333333333e-05,6.420000000000001e-06,4.300000000000001e-07,1.3949999999962997e-05,2.0666666666666672e-07,3.0299999999999646e-06,4.833333333333335e-07,0.0,2.0466666666666673e-06,8.133333333333337e-07,0.6666685100000003,0.33333569333333346,3.8666666666666446e-07
2026-02-13,-6.666666666691385e-05,5.570000000074017e-06,2.800000000000001e-06,9.199999999259854e-07,5.050000000000004e-06,3.600000000000001e-07,1.7333333333304427e-07,7.249999999999999e-06,1.257333333333333e-05,6.420000000000001e-06,4.300000000000001e-07,1.3949999999962997e-05,2.0666666666666672e-07,3.0299999999999646e-06,4.833333333333335e-07,0.0,2.0466666666666673e-06,8.133333333333337e-07,0.6666685100000003,0.33333569333333346,3.8666666666666446e-07
2026-02-14,-6.666666666691385e-05,5.570000000074017e-06,2.800000000000001e-06,9.199999999259854e-07,5.050000000000004e-06,3.600000000000001e-07,1.7333333333304427e-07,7.249999999999999e-06,1.257333333333333e-05,6.420000000000001e-06,4.300000000000001e-07,1.3949999999962997e-05,2.0666666666666672e-07,3.0299999999999646e-06,4.833333333333335e-07,0.0,2.0466666666666673e-06,8.133333333333337e-07,0.6666685100000003,0.33333569333333346,3.8666666666666446e-07
2026-02-15,-6.666666666691385e-05,5.570000000074017e-06,2.800000000000001e-06,9.199999999259854e-07,5.050000000000004e-06,3.600000000000001e-07,1.7333333333304427e-07,7.249999999999999e-06,1.257333333333333e-05,6.420000000000001e-06,4.300000000000001e-07,1.3949999999962997e-05,2.0666666666666672e-07,3.0299999999999646e-06,4.833333333333335e-07,0.0,2.0466666666666673e-06,8.133333333333337e-07,0.6666685100000003,0.33333569333333346,3.8666666666666446e-07
2026-02-16,-6.666666666691385e-05,5.570000000074017e-06,2.800000000000001e-06,9.199999999259854e-07,5.050000000000004e-06,3.600000000000001e-07,1.7333333333304427e-07,7.249999999999999e-06,1.257333333333333e-05,6.420000000000001e-06,4.300000000000001e-07,1.3949999999962997e-05,2.0666666666666672e-07,3.0299999999999646e-06,4.833333333333335e-07,0.0,2.0466666666666673e-06,8.133333333333337e-07,0.6666685100000003,0.33333569333333346,3.8666666666666446e-07
2026-02-17,-6.666666666691385e-05,5.570000000074017e-06,2.800000000000001e-06,9.199999999259854e-07,5.050000000000004e-06,3.600000000000001e-07,1.7333333333304427e-07,7.249999999999999e-06,1.257333333333333e-05,6.420000000000001e-06,4.300000000000001e-07,1.3949999999962997e-05,2.0666666666666672e-07,3.0299999999999646e-06,4.833333333333335e-07,0.0,2.0466666666666673e-06,8.133333333333337e-07,0.6666685100000003,0.33333569333333346,3.8666666666666446e-07
2026-02-18,-6.666666666691385e-05,5.570000000074017e-06,2.800000000000001e-06,9.199999999259854e-07,5.050000000000004e-06,3.600000000000001e-07,1.7333333333304427e-07,7.249999999999999e-06,1.257333333333333e-05,6.420000000000001e-06,4.300000000000001e-07,1.3949999999962997e-05,2.0666666666666672e-07,3.0299999999999646e-06,4.833333333333335e-07,0.0,2.0466666666666673e-06,8.133333333333337e-07,0.6666685100000003,0.33333569333333346,3.8666666666666446e-07
2026-02-19,-6.666666666691385e-05,5.570000000074017e-06,2.800000000000001e-06,9.199999999259854e-07,5.050000000000004e-06,3.600000000000001e-07,1.7333333333304427e-07,7.249999999999999e-06,1.257333333333333e-05,6.420000000000001e-06,4.300000000000001e-07,1.3949999999962997e-05,2.0666666666666672e-07,3.0299999999999646e-06,4.833333333333335e-07,0.0,2.0466666666666673e-06,8.133333333333337e-07,0.6666685100000003,0.33333569333333346,3.8666666666666446e-07
2026-02-20,-6.666666666691385e-05,5.570000000074017e-06,2.800000000000001e-06,9.199999999259854e-07,5.050000000000004e-06,3.600000000000001e-07,1.7333333333304427e-07,7.249999999999999e-06,1.257333333333333e-05,6.420000000000001e-06,4.300000000000001e-07,1.3949999999962997e-05,2.0666666666666672e-07,3.0299999999999646e-06,4.833333333333335e-07,0.0,2.0466666666666673e-06,8.133333333333337e-07,0.6666685100000003,0.33333569333333346,3.8666666666666446e-07
2026-02-21,-6.666666666691385e-05,5.570000000074017e-06,2.800000000000001e-06,9.199999999259854e-07,5.050000000000004e-06,3.600000000000001e-07,1.7333333333304427e-07,7.249999999999999e-06,1.257333333333333e-05,6.420000000000001e-06,4.300000000000001e-07,1.3949999999962997e-05,2.0666666666666672e-07,3.0299999999999646e-06,4.833333333333335e-07,0.0,2.0466666666666673e-06,8.133333333333337e-07,0.6666685100000003,0.33333569333333346,3.8666666666666446e-07
2026-02-22,-6.666666666691385e-05,5.570000000074017e-06,2.800000000000001e-06,9.199999999259854e-07,5.050000000000004e-06,3.600000000000001e-07,1.7333333333304427e-07,7.249999999999999e-06,1.257333333333333e-05,6.420000000000001e-06,4.300000000000001e-07,1.3949999999962997e-05,2.0666666666666672e-07,3.0299999999999646e-06,4.833333333333335e-07,0.0,2.0466666666666673e-06,8.133333333333337e-07,0.6666685100000003,0.33333569333333346,3.8666666666666446e-07
2026-02-23,-6.666666666691385e-05,5.570000000074017e-06,2.800000000000001e-06,9.199999999259854e-07,5.050000000000004e-06,3.600000000000001e-07,1.7333333333304427e-07,7.249999999999999e-06,1.257333333333333e-05,6.420000000000001e-06,4.300000000000001e-07,1.3949999999962997e-05,2.0666666666666672e-07,3.0299999999999646e-06,4.833333333333335e-07,0.0,2.0466666666666673e-06,8.133333333333337e-07,0.6666685100000003,0.33333569333333346,3.8666666666666446e-07
2026-02-24,-6.666666666691385e-05,5.570000000074017e-06,2.800000000000001e-06,9.199999999259854e-07,5.050000000000004e-06,3.600000000000001e-07,1.7333333333304427e-07,7.249999999999999e-06,1.257333333333333e-05,6.420000000000001e-06,4.300000000000001e-07,1.3949999999962997e-05,2.0666666666666672e-07,3.0299999999999646e-06,4.833333333333335e-07,0.0,2.0466666666666673e-06,8.133333333333337e-07,0.6666685100000003,0.33333569333333346,3.8666666666666446e-07
2026-02-25,-0.00034875166666682814,4.784666666670367e-05,1.4208333333333333e-05,4.02166666662966e-06,0.00012300333333333335,1.8000000000000002e-07,6.764999999999857e-06,8.026166666666664e-05,6.490999999999999e-05,1.814333333333334e-05,3.5883333333333343e-06,0.08246820166666663,2.2900000000000005e-06,8.863499999999997e-05,6.011666666666667e-06,0.0,7.97666666666667e-06,1.2266666666666666e-05,0.47597620000000007,0.16668604833333336,0.27473819333333344
2026-02-26,-0.00035450285714293695,5.441000000003171e-05,1.473142857142857e-05,3.934285714253993e-06,0.00010986285714285715,2.0285714285714285e-07,2.9805714285714164e-05,7.485999999999996e-05,6.075999999999998e-05,2.3097142857142863e-05,4.821428571428572e-06,0.07069578142857139,2.1428571428571427e-06,7.741285714285711e-05,5.555714285714285e-06,0.0,7.457142857142857e-06,1.1518571428571428e-05,0.4080041028571429,0.14287630428571427,0.3782977414285715
2026-02-27,-0.00035450285714293695,5.441000000003171e-05,1.473142857142857e-05,3.934285714253993e-06,0.00010986285714285715,2.0285714285714285e-07,2.9805714285714164e-05,7.485999999999996e-05,6.075999999999998e-05,2.3097142857142863e-05,4.821428571428572e-06,0.07069578142857139,2.1428571428571427e-06,7.741285714285711e-05,5.555714285714285e-06,0.0,7.457142857142857e-06,1.1518571428571428e-05,0.4080041028571429,0.14287630428571427,0.3782977414285715
2026-02-28,-0.00035450285714293695,5.441000000003171e-05,1.473142857142857e-05,3.934285714253993e-06,0.00010986285714285715,2.0285714285714285e-07,2.9805714285714164e-05,7.485999999999996e-05,6.075999999999998e-05,2.3097142857142863e-05,4.821428571428572e-06,0.07069578142857139,2.1428571428571427e-06,7.741285714285711e-05,5.555714285714285e-06,0.0,7.457142857142857e-06,1.1518571428571428e-05,0.4080041028571429,0.14287630428571427,0.3782977414285715
2026-03-01,-0.00035450285714293695,5.441000000003171e-05,1.473142857142857e-05,3.934285714253993e-06,0.00010986285714285715,2.0285714285714285e-07,2.9805714285714164e-05,7.485999999999996e-05,6.075999999999998e-05,2.3097142857142863e-05,4.821428571428572e-06,0.07069578142857139,2.1428571428571427e-06,7.741285714285711e-05,5.555714285714285e-06,0.0,7.457142857142857e-06,1.1518571428571428e-05,0.4080041028571429,0.14287630428571427,0.3782977414285715
2026-03-02,-0.00035450285714293695,5.441000000003171e-05,1.473142857142857e-05,3.934285714253993e-06,0.00010986285714285715,2.0285714285714285e-07,2.9805714285714164e-05,7.485999999999996e-05,6.075999999999998e-05,2.3097142857142863e-05,4.821428571428572e-06,0.07069578142857139,2.1428571428571427e-06,7.741285714285711e-05,5.555714285714285e-06,0.0,7.457142857142857e-06,1.1518571428571428e-05,0.4080041028571429,0.14287630428571427,0.3782977414285715
2026-03-03,-0.00035450285714293695,5.441000000003171e-05,1.473142857142857e-05,3.934285714253993e-06,0.00010986285714285715,2.0285714285714285e-07,2.9805714285714164e-05,7.485999999999996e-05,6.075999999999998e-05,2.3097142857142863e-05,4.821428571428572e-06,0.07069578142857139,2.1428571428571427e-06,7.741285714285711e-05,5.555714285714285e-06,0.0,7.457142857142857e-06,1.1518571428571428e-05,0.4080041028571429,0.14287630428571427,0.3782977414285715
2026-03-04,-0.0004621220000000108,7.293400000004439e-05,1.9039999999999997e-05,5.029999999955591e-06,0.000151094,6.8e-08,4.162399999999983e-05,0.00010155799999999997,7.825599999999999e-05,2.8878000000000004e-05,6.492e-06,0.09896731199999993,2.9180000000000003e-06,0.00010663199999999995,7.615999999999999e-06,0.0,9.308000000000001e-06,1.5841999999999995e-05,0.17120502999999998,2.589799999999999e-05,0.7296165920000001
2026-03-05,-0.00046814666666672704,6.590333333337033e-05,1.9708333333333336e-05,5.054999999962993e-06,0.00013322000000000003,5.666666666666667e-08,4.057166666666653e-05,9.407333333333331e-05,8.178166666666668e-05,2.8691666666666672e-05,5.481666666666667e-06,0.08248404999999995,2.8316666666666674e-06,9.428833333333331e-05,7.085000000000001e-06,0.0,8.606666666666668e-06,1.5783333333333332e-05,0.14267654833333335,2.5576666666666662e-05,0.7746788333333334
2026-03-06,-0.00046814666666672704,6.590333333337033e-05,1.9708333333333336e-05,5.054999999962993e-06,0.00013322000000000003,5.666666666666667e-08,4.057166666666653e-05,9.407333333333331e-05,8.178166666666668e-05,2.8691666666666672e-05,5.481666666666667e-06,0.08248404999999995,2.8316666666666674e-06,9.428833333333331e-05,7.085000000000001e-06,0.0,8.606666666666668e-06,1.5783333333333332e-05,0.14267654833333335,2.5576666666666662e-05,0.7746788333333334
2026-03-07,-0.00046814666666672704,6.590333333337033e-05,1.9708333333333336e-05,5.054999999962993e-06,0.00013322000000000003,5.666666666666667e-08,4.057166666666653e-05,9.407333333333331e-05,8.178166666666668e-05,2.8691666666666672e-05,5.481666666666667e-06,0.08248404999999995,2.8316666666666674e-06,9.428833333333331e-05,7.085000000000001e-06,0.0,8.606666666666668e-06,1.5783333333333332e-05,0.14267654833333335,2.5576666666666662e-05,0.7746788333333334
2026-03-08,-0.00046814666666672704,6.590333333337033e-05,1.9708333333333336e-05,5.054999999962993e-06,0.00013322000000000003,5.666666666666667e-08,4.057166666666653e-05,9.407333333333331e-05,8.178166666666668e-05,2.8691666666666672e-05,5.481666666666667e-06,0.08248404999999995,2.8316666666666674e-06,9.428833333333331e-05,7.085000000000001e-06,0.0,8.606666666666668e-06,1.5783333333333332e-05,0.14267654833333335,2.5576666666666662e-05,0.7746788333333334
2026-03-09,-0.00046814666666672704,6.590333333337033e-05,1.9708333333333336e-05,5.054999999962993e-06,0.00013322000000000003,5.666666666666667e-08,4.057166666666653e-05,9.407333333333331e-05,8.178166666666668e-05,2.8691666666666672e-05,5.481666666666667e-06,0.08248404999999995,2.8316666666666674e-06,9.428833333333331e-05,7.085000000000001e-06,0.0,8.606666666666668e-06,1.5783333333333332e-05,0.14267654833333335,2.5576666666666662e-05,0.7746788333333334
2026-03-10,-0.00046814666666672704,6.590333333337033e-05,1.9708333333333336e-05,5.054999999962993e-06,0.00013322000000000003,5.666666666666667e-08,4.057166666666653e-05,9.407333333333331e-05,8.178166666666668e-05,2.8691666666666672e-05,5.481666666666667e-06,0.08248404999999995,2.8316666666666674e-06,9.428833333333331e-05,7.085000000000001e-06,0.0,8.606666666666668e-06,1.5783333333333332e-05,0.14267654833333335,2.5576666666666662e-05,0.7746788333333334
2026-03-11,-0.0003329410000000292,0.00017135600000002218,1.4931e-05,4.294999999977795e-06,0.00010984999999999999,6.4e-08,2.4598999999999915e-05,6.650199999999998e-05,5.944299999999999e-05,2.1285e-05,4.194e-06,0.04991521899999997,2.3940000000000003e-06,6.072699999999998e-05,5.281e-06,0.0,0.07691452600000001,1.1038999999999997e-05,0.18561167699999997,2.0155999999999995e-05,0.687315403
2026-03-12,-0.0003329410000000292,0.00017135600000002218,1.4931e-05,4.294999999977795e-06,0.00010984999999999999,6.4e-08,2.4598999999999915e-05,6.650199999999998e-05,5.944299999999999e-05,2.1285e-05,4.194e-06,0.04991521899999997,2.3940000000000003e-06,6.072699999999998e-05,5.281e-06,0.0,0.07691452600000001,1.1038999999999997e-05,0.18561167699999997,2.0155999999999995e-05,0.687315403
2026-03-13,-0.0003329410000000292,0.00017135600000002218,1.4931e-05,4.294999999977795e-06,0.00010984999999999999,6.4e-08,2.4598999999999915e-05,6.650199999999998e-05,5.944299999999999e-05,2.1285e-05,4.194e-06,0.04991521899999997,2.3940000000000003e-06,6.072699999999998e-05,5.281e-06,0.0,0.07691452600000001,1.1038999999999997e-05,0.18561167699999997,2.0155999999999995e-05,0.687315403
2026-03-14,-0.0003329410000000292,0.00017135600000002218,1.4931e-05,4.294999999977795e-06,0.00010984999999999999,6.4e-08,2.4598999999999915e-05,6.650199999999998e-05,5.944299999999999e-05,2.1285e-05,4.194e-06,0.04991521899999997,2.3940000000000003e-06,6.072699999999998e-05,5.281e-06,0.0,0.07691452600000001,1.1038999999999997e-05,0.18561167699999997,2.0155999999999995e-05,0.687315403
2026-03-15,-0.0003329410000000292,0.00017135600000002218,1.4931e-05,4.294999999977795e-06,0.00010984999999999999,6.4e-08,2.4598999999999915e-05,6.650199999999998e-05,5.944299999999999e-05,2.1285e-05,4.194e-06,0.04991521899999997,2.3940000000000003e-06,6.072699999999998e-05,5.281e-06,0.0,0.07691452600000001,1.1038999999999997e-05,0.18561167699999997,2.0155999999999995e-05,0.687315403
2026-03-16,-0.0003329410000000292,0.00017135600000002218,1.4931e-05,4.294999999977795e-06,0.00010984999999999999,6.4e-08,2.4598999999999915e-05,6.650199999999998e-05,5.944299999999999e-05,2.1285e-05,4.194e-06,0.04991521899999997,2.3940000000000003e-06,6.072699999999998e-05,5.281e-06,0.0,0.07691452600000001,1.1038999999999997e-05,0.18561167699999997,2.0155999999999995e-05,0.687315403
2026-03-17,-0.0003329410000000292,0.00017135600000002218,1.4931e-05,4.294999999977795e-06,0.00010984999999999999,6.4e-08,2.4598999999999915e-05,6.650199999999998e-05,5.944299999999999e-05,2.1285e-05,4.194e-06,0.04991521899999997,2.3940000000000003e-06,6.072699999999998e-05,5.281e-06,0.0,0.07691452600000001,1.1038999999999997e-05,0.18561167699999997,2.0155999999999995e-05,0.687315403
2026-03-18,-0.0003329410000000292,0.00017135600000002218,1.4931e-05,4.294999999977795e-06,0.00010984999999999999,6.4e-08,2.4598999999999915e-05,6.650199999999998e-05,5.944299999999999e-05,2.1285e-05,4.194e-06,0.04991521899999997,2.3940000000000003e-06,6.072699999999998e-05,5.281e-06,0.0,0.07691452600000001,1.1038999999999997e-05,0.18561167699999997,2.0155999999999995e-05,0.687315403
2026-03-19,-0.0003329410000000292,0.00017135600000002218,1.4931e-05,4.294999999977795e-06,0.00010984999999999999,6.4e-08,2.4598999999999915e-05,6.650199999999998e-05,5.944299999999999e-05,2.1285e-05,4.194e-06,0.04991521899999997,2.3940000000000003e-06,6.072699999999998e-05,5.281e-06,0.0,0.07691452600000001,1.1038999999999997e-05,0.18561167699999997,2.0155999999999995e-05,0.687315403
2026-03-20,-0.00045905909090914604,0.00017557000000002017,2.2829090909090905e-05,5.779999999979814e-06,0.00010874272727272727,1.8e-07,2.2603636363636286e-05,8.690999999999999e-05,8.514818181818179e-05,2.470181818181818e-05,3.880909090909091e-06,0.045404134545454514,3.662727272727273e-06,6.365090909090907e-05,5.448181818181818e-06,0.0,0.06992567545454548,1.560727272727273e-05,0.25964372909090905,2.646999999999999e-05,0.6248343345454546
2026-03-21,-0.00045905909090914604,0.00017557000000002017,2.2829090909090905e-05,5.779999999979814e-06,0.00010874272727272727,1.8e-07,2.2603636363636286e-05,8.690999999999999e-05,8.514818181818179e-05,2.470181818181818e-05,3.880909090909091e-06,0.045404134545454514,3.662727272727273e-06,6.365090909090907e-05,5.448181818181818e-06,0.0,0.06992567545454548,1.560727272727273e-05,0.25964372909090905,2.646999999999999e-05,0.6248343345454546
2026-03-22,-0.00045905909090914604,0.00017557000000002017,2.2829090909090905e-05,5.779999999979814e-06,0.00010874272727272727,1.8e-07,2.2603636363636286e-05,8.690999999999999e-05,8.514818181818179e-05,2.470181818181818e-05,3.880909090909091e-06,0.045404134545454514,3.662727272727273e-06,6.365090909090907e-05,5.448181818181818e-06,0.0,0.06992567545454548,1.560727272727273e-05,0.25964372909090905,2.646999999999999e-05,0.6248343345454546
2026-03-23,-0.00045905909090914604,0.00017557000000002017,2.2829090909090905e-05,5.779999999979814e-06,0.00010874272727272727,1.8e-07,2.2603636363636286e-05,8.690999999999999e-05,8.514818181818179e-05,2.470181818181818e-05,3.880909090909091e-06,0.045404134545454514,3.662727272727273e-06,6.365090909090907e-05,5.448181818181818e-06,0.0,0.06992567545454548,1.560727272727273e-05,0.25964372909090905,2.646999999999999e-05,0.6248343345454546
2026-03-24,-0.00045905909090914604,0.00017557000000002017,2.2829090909090905e-05,5.779999999979814e-06,0.00010874272727272727,1.8e-07,2.2603636363636286e-05,8.690999999999999e-05,8.514818181818179e-05,2.470181818181818e-05,3.880909090909091e-06,0.045404134545454514,3.662727272727273e-06,6.365090909090907e-05,5.448181818181818e-06,0.0,0.06992567545454548,1.560727272727273e-05,0.25964372909090905,2.646999999999999e-05,0.6248343345454546
2026-03-25,-0.00039464250000004756,0.00020761250000002774,2.1783749999999996e-05,5.276249999972245e-06,5.916249999999998e-05,2.475e-07,2.607124999999989e-05,6.202375000000001e-05,7.311124999999998e-05,2.2764999999999996e-05,2.80625e-06,0.000584764999999986,3.3962500000000003e-06,2.217999999999998e-05,3.16375e-06,0.0,0.09614258875000002,1.2565000000000003e-05,0.25002866874999996,2.2744999999999997e-05,0.65309371
2026-03-26,-0.0003467450000000858,0.00019588875000002776,1.9690000000000003e-05,4.881249999972245e-06,5.5314999999999995e-05,2.0500000000000005e-07,5.064999999999892e-06,5.685250000000002e-05,6.866125e-05,1.6162499999999996e-05,1.27875e-06,0.0005771862499999862,3.2387500000000005e-06,2.0919999999999983e-05,2.811250000000001e-06,0.0,0.09614215625000004,1.1686250000000005e-05,0.25000734625,2.059125e-05,0.6531368087500001
2026-03-27,-0.0003467450000000858,0.00019588875000002776,1.9690000000000003e-05,4.881249999972245e-06,5.5314999999999995e-05,2.0500000000000005e-07,5.064999999999892e-06,5.685250000000002e-05,6.866125e-05,1.6162499999999996e-05,1.27875e-06,0.0005771862499999862,3.2387500000000005e-06,2.0919999999999983e-05,2.811250000000001e-06,0.0,0.09614215625000004,1.1686250000000005e-05,0.25000734625,2.059125e-05,0.6531368087500001
2026-03-28,-0.0003467450000000858,0.00019588875000002776,1.9690000000000003e-05,4.881249999972245e-06,5.5314999999999995e-05,2.0500000000000005e-07,5.064999999999892e-06,5.685250000000002e-05,6.866125e-05,1.6162499999999996e-05,1.27875e-06,0.0005771862499999862,3.2387500000000005e-06,2.0919999999999983e-05,2.811250000000001e-06,0.0,0.09614215625000004,1.1686250000000005e-05,0.25000734625,2.059125e-05,0.6531368087500001
2026-03-29,-0.0003467450000000858,0.00019588875000002776,1.9690000000000003e-05,4.881249999972245e-06,5.5314999999999995e-05,2.0500000000000005e-07,5.064999999999892e-06,5.685250000000002e-05,6.866125e-05,1.6162499999999996e-05,1.27875e-06,0.0005771862499999862,3.2387500000000005e-06,2.0919999999999983e-05,2.811250000000001e-06,0.0,0.09614215625000004,1.1686250000000005e-05,0.25000734625,2.059125e-05,0.6531368087500001
2026-03-30,-0.0003467450000000858,0.00019588875000002776,1.9690000000000003e-05,4.881249999972245e-06,5.5314999999999995e-05,2.0500000000000005e-07,5.064999999999892e-06,5.685250000000002e-05,6.866125e-05,1.6162499999999996e-05,1.27875e-06,0.0005771862499999862,3.2387500000000005e-06,2.0919999999999983e-05,2.811250000000001e-06,0.0,0.09614215625000004,1.1686250000000005e-05,0.25000734625,2.059125e-05,0.6531368087500001
2026-03-31,-0.0003467450000000858,0.00019588875000002776,1.9690000000000003e-05,4.881249999972245e-06,5.5314999999999995e-05,2.0500000000000005e-07,5.064999999999892e-06,5.685250000000002e-05,6.866125e-05,1.6162499999999996e-05,1.27875e-06,0.0005771862499999862,3.2387500000000005e-06,2.0919999999999983e-05,2.811250000000001e-06,0.0,0.09614215625000004,1.1686250000000005e-05,0.25000734625,2.059125e-05,0.6531368087500001
2026-04-01,-0.0003444687500000742,0.00019585500000002772,1.9829999999999998e-05,4.8649999999722444e-06,5.5149999999999985e-05,2.0500000000000002e-07,5.064999999999891e-06,5.6430000000000014e-05,6.856249999999998e-05,1.6029999999999997e-05,1.2787499999999998e-06,0.0005763924999999861,3.24625e-06,2.093999999999998e-05,2.7312500000000003e-06,0.0,0.09614209625000002,1.1558750000000003e-05,0.37500707874999994,2.0336249999999994e-05,0.5281368175000001
2026-04-02,-0.0003224971428571838,0.00021944142857146032,1.9370000000000003e-05,4.819999999968281e-06,5.6764285714285714e-05,2.3428571428571438e-07,7.442857142855906e-07,5.639857142857146e-05,6.415571428571427e-05,1.4354285714285715e-05,1.4000000000000004e-06,0.0006490571428571271,3.3671428571428583e-06,1.927857142857141e-05,2.488571428571429e-06,0.0,0.10987595285714291,1.0997142857142863e-05,0.42857464142857143,1.9817142857142853e-05,0.4607292142857144
2026-04-03,-0.0003224971428571838,0.00021944142857146032,1.9370000000000003e-05,4.819999999968281e-06,5.6764285714285714e-05,2.3428571428571438e-07,7.442857142855906e-07,5.639857142857146e-05,6.415571428571427e-05,1.4354285714285715e-05,1.4000000000000004e-06,0.0006490571428571271,3.3671428571428583e-06,1.927857142857141e-05,2.488571428571429e-06,0.0,0.10987595285714291,1.0997142857142863e-05,0.42857464142857143,1.9817142857142853e-05,0.46072921428571434
2026-04-04,-0.0003224971428571838,0.00021944142857146032,1.9370000000000003e-05,4.819999999968281e-06,5.6764285714285714e-05,2.3428571428571438e-07,7.442857142855906e-07,5.639857142857146e-05,6.415571428571427e-05,1.4354285714285715e-05,1.4000000000000004e-06,0.0006490571428571271,3.3671428571428583e-06,1.927857142857141e-05,2.488571428571429e-06,0.0,0.10987595285714291,1.0997142857142863e-05,0.42857464142857143,1.9817142857142853e-05,0.46072921428571434
2026-04-05,-0.0003224971428571838,0.00021944142857146032,1.9370000000000003e-05,4.819999999968281e-06,5.6764285714285714e-05,2.3428571428571438e-07,7.442857142855906e-07,5.639857142857146e-05,6.415571428571427e-05,1.4354285714285715e-05,1.4000000000000004e-06,0.0006490571428571271,3.3671428571428583e-06,1.927857142857141e-05,2.488571428571429e-06,0.0,0.10987595285714291,1.0997142857142863e-05,0.42857464142857143,1.9817142857142853e-05,0.46072921428571434
2026-04-06,-0.0003224971428571838,0.00021944142857146032,1.9370000000000003e-05,4.819999999968281e-06,5.6764285714285714e-05,2.3428571428571438e-07,7.442857142855906e-07,5.639857142857146e-05,6.415571428571427e-05,1.4354285714285715e-05,1.4000000000000004e-06,0.0006490571428571271,3.3671428571428583e-06,1.927857142857141e-05,2.488571428571429e-06,0.0,0.10987595285714291,1.0997142857142863e-05,0.42857464142857143,1.9817142857142853e-05,0.46072921428571434
2026-04-07,-0.0003224971428571838,0.00021944142857146032,1.9370000000000003e-05,4.819999999968281e-06,5.6764285714285714e-05,2.3428571428571438e-07,7.442857142855906e-07,5.639857142857146e-05,6.415571428571427e-05,1.4354285714285715e-05,1.4000000000000004e-06,0.0006490571428571271,3.3671428571428583e-06,1.927857142857141e-05,2.488571428571429e-06,0.0,0.10987595285714291,1.0997142857142863e-05,0.42857464142857143,1.9817142857142853e-05,0.46072921428571434
2026-04-08,-0.0004346475000001408,5.4487500000055535e-05,2.6132500000000008e-05,5.27999999994449e-06,2.4542499999999998e-05,3.3500000000000013e-07,6.624999999997834e-07,7.376250000000005e-05,8.633749999999999e-05,1.50875e-05,2.4000000000000014e-07,7.387749999997233e-05,4.155000000000002e-06,2.3352499999999963e-05,1.780000000000001e-06,0.0,9.512500000000003e-06,1.5322500000000015e-05,0.7499912575000002,2.2655e-05,0.2500058675
2026-04-09,-0.00043464750000014077,5.4487500000055535e-05,2.6132500000000008e-05,5.27999999994449e-06,2.4542499999999998e-05,3.3500000000000013e-07,6.624999999997834e-07,7.376250000000005e-05,8.633749999999999e-05,1.50875e-05,2.4000000000000014e-07,7.387749999997233e-05,4.155000000000002e-06,2.3352499999999963e-05,1.780000000000001e-06,0.0,9.512500000000003e-06,1.5322500000000015e-05,0.7499912575000002,2.2655e-05,0.2500058675
2026-04-10,-0.00043464750000014077,5.4487500000055535e-05,2.6132500000000008e-05,5.27999999994449e-06,2.4542499999999998e-05,3.3500000000000013e-07,6.624999999997834e-07,7.376250000000005e-05,8.633749999999999e-05,1.50875e-05,2.4000000000000014e-07,7.387749999997233e-05,4.155000000000002e-06,2.3352499999999963e-05,1.780000000000001e-06,0.0,9.512500000000003e-06,1.5322500000000015e-05,0.7499912575000002,2.2655e-05,0.2500058675
2026-04-11,-0.00043464750000014077,5.4487500000055535e-05,2.6132500000000008e-05,5.27999999994449e-06,2.4542499999999998e-05,3.3500000000000013e-07,6.624999999997834e-07,7.376250000000005e-05,8.633749999999999e-05,1.50875e-05,2.4000000000000014e-07,7.387749999997233e-05,4.155000000000002e-06,2.3352499999999963e-05,1.780000000000001e-06,0.0,9.512500000000003e-06,1.5322500000000015e-05,0.7499912575000002,2.2655e-05,0.2500058675
2026-04-12,-0.00043464750000014077,5.4487500000055535e-05,2.6132500000000008e-05,5.27999999994449e-06,2.4542499999999998e-05,3.3500000000000013e-07,6.624999999997834e-07,7.376250000000005e-05,8.633749999999999e-05,1.50875e-05,2.4000000000000014e-07,7.387749999997233e-05,4.155000000000002e-06,2.3352499999999963e-05,1.780000000000001e-06,0.0,9.512500000000003e-06,1.5322500000000015e-05,0.7499912575000002,2.2655e-05,0.2500058675
2026-04-13,-0.00043464750000014077,5.4487500000055535e-05,2.6132500000000008e-05,5.27999999994449e-06,2.4542499999999998e-05,3.3500000000000013e-07,6.624999999997834e-07,7.376250000000005e-05,8.633749999999999e-05,1.50875e-05,2.4000000000000014e-07,7.387749999997233e-05,4.155000000000002e-06,2.3352499999999963e-05,1.780000000000001e-06,0.0,9.512500000000003e-06,1.5322500000000015e-05,0.7499912575000002,2.2655e-05,0.2500058675
2026-04-14,-0.00043464750000014077,5.4487500000055535e-05,2.6132500000000008e-05,5.27999999994449e-06,2.4542499999999998e-05,3.3500000000000013e-07,6.624999999997834e-07,7.376250000000005e-05,8.633749999999999e-05,1.50875e-05,2.4000000000000014e-07,7.387749999997233e-05,4.155000000000002e-06,2.3352499999999963e-05,1.780000000000001e-06,0.0,9.512500000000003e-06,1.5322500000000015e-05,0.7499912575000002,2.2655e-05,0.2500058675
2026-04-15,-0.00043464750000014077,5.4487500000055535e-05,2.6132500000000008e-05,5.27999999994449e-06,2.4542499999999998e-05,3.3500000000000013e-07,6.624999999997834e-07,7.376250000000005e-05,8.633749999999999e-05,1.50875e-05,2.4000000000000014e-07,7.387749999997233e-05,4.155000000000002e-06,2.3352499999999963e-05,1.780000000000001e-06,0.0,9.512500000000003e-06,1.5322500000000015e-05,0.7499912575000002,2.2655e-05,0.2500058675
2026-04-16,-0.00043464750000014077,5.4487500000055535e-05,2.6132500000000008e-05,5.27999999994449e-06,2.4542499999999998e-05,3.3500000000000013e-07,6.624999999997834e-07,7.376250000000005e-05,8.633749999999999e-05,1.50875e-05,2.4000000000000014e-07,7.387749999997233e-05,4.155000000000002e-06,2.3352499999999963e-05,1.780000000000001e-06,0.0,9.512500000000003e-06,1.5322500000000015e-05,0.7499912575000002,2.2655e-05,0.2500058675
2026-04-17,-1.1580000000086832e-05,2.775000000555112e-07,1.0775e-06,3.649999999444889e-07,4.400000000000001e-07,0.0,1.6749999999978317e-07,2.5525e-06,1.7750000000000004e-06,4.925000000000002e-07,5.250000000000001e-08,1.5974999999722442e-06,1.6750000000000086e-07,4.449999999999729e-07,1.0250000000000001e-07,0.0,2.2000000000000004e-07,1.0750000000000002e-07,0.5000011550000002,6.400000000000001e-07,0.49999994499999995
2026-04-18,-1.1580000000086832e-05,2.775000000555112e-07,1.0775e-06,3.649999999444889e-07,4.400000000000001e-07,0.0,1.6749999999978317e-07,2.5525e-06,1.7750000000000004e-06,4.925000000000002e-07,5.250000000000001e-08,1.5974999999722442e-06,1.6750000000000086e-07,4.449999999999729e-07,1.0250000000000001e-07,0.0,2.2000000000000004e-07,1.0750000000000002e-07,0.5000011550000002,6.400000000000001e-07,0.49999994499999995
2026-04-19,-1.1580000000086832e-05,2.775000000555112e-07,1.0775e-06,3.649999999444889e-07,4.400000000000001e-07,0.0,1.6749999999978317e-07,2.5525e-06,1.7750000000000004e-06,4.925000000000002e-07,5.250000000000001e-08,1.5974999999722442e-06,1.6750000000000086e-07,4.449999999999729e-07,1.0250000000000001e-07,0.0,2.2000000000000004e-07,1.0750000000000002e-07,0.5000011550000002,6.400000000000001e-07,0.49999994499999995
2026-04-20,-1.1580000000086832e-05,2.775000000555112e-07,1.0775e-06,3.649999999444889e-07,4.400000000000001e-07,0.0,1.6749999999978317e-07,2.5525e-06,1.7750000000000004e-06,4.925000000000002e-07,5.250000000000001e-08,1.5974999999722442e-06,1.6750000000000086e-07,4.449999999999729e-07,1.0250000000000001e-07,0.0,2.2000000000000004e-07,1.0750000000000002e-07,0.5000011550000002,6.400000000000001e-07,0.49999994499999995
2026-04-21,-1.1580000000086832e-05,2.775000000555112e-07,1.0775e-06,3.649999999444889e-07,4.400000000000001e-07,0.0,1.6749999999978317e-07,2.5525e-06,1.7750000000000004e-06,4.925000000000002e-07,5.250000000000001e-08,1.5974999999722442e-06,1.6750000000000086e-07,4.449999999999729e-07,1.0250000000000001e-07,0.0,2.2000000000000004e-07,1.0750000000000002e-07,0.5000011550000002,6.400000000000001e-07,0.49999994499999995
2026-04-22,-9.618000000052182e-06,2.220000000444089e-07,9.22e-07,2.919999999555911e-07,3.5200000000000003e-07,0.0,1.3399999999982653e-07,2.132e-06,1.4200000000000002e-06,3.9400000000000006e-07,4.2e-08,1.3519999999777952e-06,1.3400000000000067e-07,3.559999999999783e-07,8.199999999999999e-08,0.0,2.34e-07,8.6e-08,0.40000099800000005,5.12e-07,0.599999954
2026-04-23,-1.056500000009119e-05,2.775000000555112e-07,8.725000000000002e-07,3.024999999444889e-07,3.800000000000001e-07,0.0,1.6749999999978317e-07,2.3950000000000004e-06,1.7100000000000006e-06,4.925000000000002e-07,5.2500000000000014e-08,1.5324999999722444e-06,1.6750000000000086e-07,4.44999999999973e-07,1.0250000000000002e-07,0.0,7.250000000000001e-08,1.0750000000000003e-07,0.5000010125000002,4.875000000000001e-07,0.49999998749999996
2026-04-24,-1.056500000009119e-05,2.775000000555112e-07,8.725000000000002e-07,3.024999999444889e-07,3.800000000000001e-07,0.0,1.6749999999978317e-07,2.3950000000000004e-06,1.7100000000000006e-06,4.925000000000002e-07,5.2500000000000014e-08,1.5324999999722444e-06,1.6750000000000086e-07,4.44999999999973e-07,1.0250000000000002e-07,0.0,7.250000000000001e-08,1.0750000000000003e-07,0.5000010125000002,4.875000000000001e-07,0.49999998749999996
2026-04-25,-1.056500000009119e-05,2.775000000555112e-07,8.725000000000002e-07,3.024999999444889e-07,3.800000000000001e-07,0.0,1.6749999999978317e-07,2.3950000000000004e-06,1.7100000000000006e-06,4.925000000000002e-07,5.2500000000000014e-08,1.5324999999722444e-06,1.6750000000000086e-07,4.44999999999973e-07,1.0250000000000002e-07,0.0,7.250000000000001e-08,1.0750000000000003e-07,0.5000010125000002,4.875000000000001e-07,0.49999998749999996
2026-04-26,-1.056500000009119e-05,2.775000000555112e-07,8.725000000000002e-07,3.024999999444889e-07,3.800000000000001e-07,0.0,1.6749999999978317e-07,2.3950000000000004e-06,1.7100000000000006e-06,4.925000000000002e-07,5.2500000000000014e-08,1.5324999999722444e-06,1.6750000000000086e-07,4.44999999999973e-07,1.0250000000000002e-07,0.0,7.250000000000001e-08,1.0750000000000003e-07,0.5000010125000002,4.875000000000001e-07,0.49999998749999996
2026-04-27,-1.056500000009119e-05,2.775000000555112e-07,8.725000000000002e-07,3.024999999444889e-07,3.800000000000001e-07,0.0,1.6749999999978317e-07,2.3950000000000004e-06,1.7100000000000006e-06,4.925000000000002e-07,5.2500000000000014e-08,1.5324999999722444e-06,1.6750000000000086e-07,4.44999999999973e-07,1.0250000000000002e-07,0.0,7.250000000000001e-08,1.0750000000000003e-07,0.5000010125000002,4.875000000000001e-07,0.49999998749999996
2026-04-28,-1.056500000009119e-05,2.775000000555112e-07,8.725000000000002e-07,3.024999999444889e-07,3.800000000000001e-07,0.0,1.6749999999978317e-07,2.3950000000000004e-06,1.7100000000000006e-06,4.925000000000002e-07,5.2500000000000014e-08,1.5324999999722444e-06,1.6750000000000086e-07,4.44999999999973e-07,1.0250000000000002e-07,0.0,7.250000000000001e-08,1.0750000000000003e-07,0.5000010125000002,4.875000000000001e-07,0.49999998749999996
2026-04-29,-1.0460000000073361e-05,2.9000000007401493e-07,6.300000000000002e-07,3.2333333325931855e-07,4.200000000000002e-07,0.0,2.2333333333304424e-07,2.48e-06,1.3166666666666673e-06,3.5333333333333343e-07,7.000000000000002e-08,1.5133333332963259e-06,1.333333333333345e-07,4.199999999999639e-07,1.366666666666667e-07,0.0,9.666666666666669e-08,1.4333333333333337e-07,0.3333347433333335,5.166666666666668e-07,0.66666665
2026-04-30,-1.0460000000073361e-05,2.9000000007401493e-07,6.300000000000002e-07,3.2333333325931855e-07,4.200000000000002e-07,0.0,2.2333333333304424e-07,2.48e-06,1.3166666666666673e-06,3.5333333333333343e-07,7.000000000000002e-08,1.5133333332963259e-06,1.333333333333345e-07,4.199999999999639e-07,1.366666666666667e-07,0.0,9.666666666666669e-08,1.4333333333333337e-07,0.33333474333333346,5.166666666666668e-07,0.66666665
2026-05-01,-1.0460000000073361e-05,2.9000000007401493e-07,6.300000000000002e-07,3.2333333325931855e-07,4.200000000000002e-07,0.0,2.2333333333304424e-07,2.48e-06,1.3166666666666673e-06,3.5333333333333343e-07,7.000000000000002e-08,1.5133333332963259e-06,1.333333333333345e-07,4.199999999999639e-07,1.366666666666667e-07,0.0,9.666666666666669e-08,1.4333333333333337e-07,0.33333474333333346,5.166666666666668e-07,0.66666665
2026-05-02,-1.0460000000073361e-05,2.9000000007401493e-07,6.300000000000002e-07,3.2333333325931855e-07,4.200000000000002e-07,0.0,2.2333333333304424e-07,2.48e-06,1.3166666666666673e-06,3.5333333333333343e-07,7.000000000000002e-08,1.5133333332963259e-06,1.333333333333345e-07,4.199999999999639e-07,1.366666666666667e-07,0.0,9.666666666666669e-08,1.4333333333333337e-07,0.33333474333333346,5.166666666666668e-07,0.66666665
2026-05-03,-1.0460000000073361e-05,2.9000000007401493e-07,6.300000000000002e-07,3.2333333325931855e-07,4.200000000000002e-07,0.0,2.2333333333304424e-07,2.48e-06,1.3166666666666673e-06,3.5333333333333343e-07,7.000000000000002e-08,1.5133333332963259e-06,1.333333333333345e-07,4.199999999999639e-07,1.366666666666667e-07,0.0,9.666666666666669e-08,1.4333333333333337e-07,0.33333474333333346,5.166666666666668e-07,0.66666665
2026-05-04,-1.0460000000073361e-05,2.9000000007401493e-07,6.300000000000002e-07,3.2333333325931855e-07,4.200000000000002e-07,0.0,2.2333333333304424e-07,2.48e-06,1.3166666666666673e-06,3.5333333333333343e-07,7.000000000000002e-08,1.5133333332963259e-06,1.333333333333345e-07,4.199999999999639e-07,1.366666666666667e-07,0.0,9.666666666666669e-08,1.4333333333333337e-07,0.33333474333333346,5.166666666666668e-07,0.66666665
2026-05-05,-1.0460000000073361e-05,2.9000000007401493e-07,6.300000000000002e-07,3.2333333325931855e-07,4.200000000000002e-07,0.0,2.2333333333304424e-07,2.48e-06,1.3166666666666673e-06,3.5333333333333343e-07,7.000000000000002e-08,1.5133333332963259e-06,1.333333333333345e-07,4.199999999999639e-07,1.366666666666667e-07,0.0,9.666666666666669e-08,1.4333333333333337e-07,0.33333474333333346,5.166666666666668e-07,0.66666665
2026-05-06,-1.487000000000662e-05,4.3500000011102237e-07,9.450000000000003e-07,4.849999998889778e-07,6.300000000000002e-07,0.0,3.3499999999956634e-07,3.2999999999999997e-06,1.9750000000000006e-06,2.4500000000000004e-07,0.0,2.2699999999444887e-06,2.0000000000000174e-07,6.299999999999458e-07,2.0500000000000005e-07,0.0,1.4500000000000001e-07,2.1500000000000006e-07,2.1050000001110225e-06,7.750000000000002e-07,0.9999999749999999
2026-05-07,-1.487000000000662e-05,4.3500000011102237e-07,9.450000000000003e-07,4.849999998889778e-07,6.300000000000002e-07,0.0,3.3499999999956634e-07,3.2999999999999997e-06,1.9750000000000006e-06,2.4500000000000004e-07,0.0,2.2699999999444887e-06,2.0000000000000174e-07,6.299999999999458e-07,2.0500000000000005e-07,0.0,1.4500000000000001e-07,2.1500000000000006e-07,2.1050000001110225e-06,7.750000000000002e-07,0.9999999749999999
2026-05-08,-1.487000000000662e-05,4.3500000011102237e-07,9.450000000000003e-07,4.849999998889778e-07,6.300000000000002e-07,0.0,3.3499999999956634e-07,3.2999999999999997e-06,1.9750000000000006e-06,2.4500000000000004e-07,0.0,2.2699999999444887e-06,2.0000000000000174e-07,6.299999999999458e-07,2.0500000000000005e-07,0.0,1.4500000000000001e-07,2.1500000000000006e-07,2.1050000001110225e-06,7.750000000000002e-07,0.9999999749999999
2026-05-09,-1.487000000000662e-05,4.3500000011102237e-07,9.450000000000003e-07,4.849999998889778e-07,6.300000000000002e-07,0.0,3.3499999999956634e-07,3.2999999999999997e-06,1.9750000000000006e-06,2.4500000000000004e-07,0.0,2.2699999999444887e-06,2.0000000000000174e-07,6.299999999999458e-07,2.0500000000000005e-07,0.0,1.4500000000000001e-07,2.1500000000000006e-07,2.1050000001110225e-06,7.750000000000002e-07,0.9999999749999999
2026-05-10,-1.487000000000662e-05,4.3500000011102237e-07,9.450000000000003e-07,4.849999998889778e-07,6.300000000000002e-07,0.0,3.3499999999956634e-07,3.2999999999999997e-06,1.9750000000000006e-06,2.4500000000000004e-07,0.0,2.2699999999444887e-06,2.0000000000000174e-07,6.299999999999458e-07,2.0500000000000005e-07,0.0,1.4500000000000001e-07,2.1500000000000006e-07,2.1050000001110225e-06,7.750000000000002e-07,0.9999999749999999
2026-05-11,-1.487000000000662e-05,4.3500000011102237e-07,9.450000000000003e-07,4.849999998889778e-07,6.300000000000002e-07,0.0,3.3499999999956634e-07,3.2999999999999997e-06,1.9750000000000006e-06,2.4500000000000004e-07,0.0,2.2699999999444887e-06,2.0000000000000174e-07,6.299999999999458e-07,2.0500000000000005e-07,0.0,1.4500000000000001e-07,2.1500000000000006e-07,2.1050000001110225e-06,7.750000000000002e-07,0.9999999749999999
2026-05-12,-1.487000000000662e-05,4.3500000011102237e-07,9.450000000000003e-07,4.849999998889778e-07,6.300000000000002e-07,0.0,3.3499999999956634e-07,3.2999999999999997e-06,1.9750000000000006e-06,2.4500000000000004e-07,0.0,2.2699999999444887e-06,2.0000000000000174e-07,6.299999999999458e-07,2.0500000000000005e-07,0.0,1.4500000000000001e-07,2.1500000000000006e-07,2.1050000001110225e-06,7.750000000000002e-07,0.9999999749999999
2026-05-13,-7.306999999999985e-05,1.1850000000074015e-05,3.7700000000000016e-06,4.599999999259852e-07,4.996666666666667e-06,0.0,5.333333333330443e-07,9.510000000000002e-06,1.0713333333333333e-05,2.6833333333333328e-06,1.3333333333333334e-07,1.277666666662965e-05,1.6033333333333346e-06,2.8366666666666305e-06,1.8733333333333332e-05,0.0,1.2400000000000002e-06,3.800000000000002e-06,0.0003306266666667407,3.5600000000000015e-06,0.9996532433333333
2026-05-14,-9.661500000006257e-05,1.1055000000055511e-05,4.985000000000002e-06,8.64999999944489e-07,6.440000000000003e-06,2.2250000000000004e-07,4.524999999997832e-07,1.2105000000000004e-05,1.79775e-05,3.8525e-06,6.400000000000002e-07,1.544999999997224e-05,1.582500000000001e-06,4.2924999999999746e-06,1.4355e-05,0.0,1.7375000000000003e-06,4.3025000000000024e-06,0.00025153000000005554,4.552500000000002e-06,0.9997402175000001
2026-05-15,-0.00011949666666671696,1.4450000000074018e-05,6.11666666666667e-06,8.299999999259853e-07,8.166666666666671e-06,2.9666666666666676e-07,3.7999999999971096e-07,1.4090000000000004e-05,2.265333333333333e-05,4.973333333333334e-06,8.533333333333338e-07,1.920999999996299e-05,1.976666666666668e-06,5.303333333333299e-06,1.9003333333333335e-05,0.0,2.3166666666666672e-06,5.593333333333337e-06,0.0003340933333334074,5.553333333333336e-06,0.9996536366666667
2026-05-16,-0.00011949666666671696,1.4450000000074018e-05,6.11666666666667e-06,8.299999999259853e-07,8.166666666666671e-06,2.9666666666666676e-07,3.7999999999971096e-07,1.4090000000000004e-05,2.265333333333333e-05,4.973333333333334e-06,8.533333333333338e-07,1.920999999996299e-05,1.976666666666668e-06,5.303333333333299e-06,1.9003333333333335e-05,0.0,2.3166666666666672e-06,5.593333333333337e-06,0.0003340933333334074,5.553333333333336e-06,0.9996536366666667
2026-05-17,-0.00011949666666671696,1.4450000000074018e-05,6.11666666666667e-06,8.299999999259853e-07,8.166666666666671e-06,2.9666666666666676e-07,3.7999999999971096e-07,1.4090000000000004e-05,2.265333333333333e-05,4.973333333333334e-06,8.533333333333338e-07,1.920999999996299e-05,1.976666666666668e-06,5.303333333333299e-06,1.9003333333333335e-05,0.0,2.3166666666666672e-06,5.593333333333337e-06,0.0003340933333334074,5.553333333333336e-06,0.9996536366666667
2026-05-18,-0.00011949666666671696,1.4450000000074018e-05,6.11666666666667e-06,8.299999999259853e-07,8.166666666666671e-06,2.9666666666666676e-07,3.7999999999971096e-07,1.4090000000000004e-05,2.265333333333333e-05,4.973333333333334e-06,8.533333333333338e-07,1.920999999996299e-05,1.976666666666668e-06,5.303333333333299e-06,1.9003333333333335e-05,0.0,2.3166666666666672e-06,5.593333333333337e-06,0.0003340933333334074,5.553333333333336e-06,0.9996536366666667
2026-05-19,-0.00011949666666671696,1.4450000000074018e-05,6.11666666666667e-06,8.299999999259853e-07,8.166666666666671e-06,2.9666666666666676e-07,3.7999999999971096e-07,1.4090000000000004e-05,2.265333333333333e-05,4.973333333333334e-06,8.533333333333338e-07,1.920999999996299e-05,1.976666666666668e-06,5.303333333333299e-06,1.9003333333333335e-05,0.0,2.3166666666666672e-06,5.593333333333337e-06,0.0003340933333334074,5.553333333333336e-06,0.9996536366666667
2026-05-20,-0.0004029033333334188,0.00010322333333340731,1.3283333333333334e-05,9.599999999259851e-07,2.3370000000000005e-05,8.866666666666666e-07,2.073333333333044e-06,5.419666666666667e-05,0.00014351,1.622333333333334e-05,8.533333333333335e-07,0.07457117666666664,2.080666666666667e-05,1.541999999999996e-05,2.1439999999999998e-05,0.0,8.146666666666666e-06,1.351666666666667e-05,0.00035771000000007396,2.0690000000000007e-05,0.9250154166666666
2026-05-21,-0.0004029033333334188,0.00010322333333340731,1.3283333333333334e-05,9.599999999259851e-07,2.3370000000000005e-05,8.866666666666666e-07,2.073333333333044e-06,5.419666666666667e-05,0.00014350999999999999,1.622333333333334e-05,8.533333333333335e-07,0.07457117666666664,2.080666666666667e-05,1.541999999999996e-05,2.1439999999999998e-05,0.0,8.146666666666666e-06,1.351666666666667e-05,0.00035771000000007396,2.069000000000001e-05,0.9250154166666666
2026-05-22,-0.0004029033333334188,0.00010322333333340731,1.3283333333333334e-05,9.599999999259851e-07,2.3370000000000005e-05,8.866666666666666e-07,2.073333333333044e-06,5.419666666666667e-05,0.00014350999999999999,1.622333333333334e-05,8.533333333333335e-07,0.07457117666666664,2.080666666666667e-05,1.541999999999996e-05,2.1439999999999998e-05,0.0,8.146666666666666e-06,1.351666666666667e-05,0.00035771000000007396,2.069000000000001e-05,0.9250154166666666
2026-05-23,-0.0004029033333334188,0.00010322333333340731,1.3283333333333334e-05,9.599999999259851e-07,2.3370000000000005e-05,8.866666666666666e-07,2.073333333333044e-06,5.419666666666667e-05,0.00014350999999999999,1.622333333333334e-05,8.533333333333335e-07,0.07457117666666664,2.080666666666667e-05,1.541999999999996e-05,2.1439999999999998e-05,0.0,8.146666666666666e-06,1.351666666666667e-05,0.00035771000000007396,2.069000000000001e-05,0.9250154166666666
2026-05-24,-0.0004029033333334188,0.00010322333333340731,1.3283333333333334e-05,9.599999999259851e-07,2.3370000000000005e-05,8.866666666666666e-07,2.073333333333044e-06,5.419666666666667e-05,0.00014350999999999999,1.622333333333334e-05,8.533333333333335e-07,0.07457117666666664,2.080666666666667e-05,1.541999999999996e-05,2.1439999999999998e-05,0.0,8.146666666666666e-06,1.351666666666667e-05,0.00035771000000007396,2.069000000000001e-05,0.9250154166666666
2026-05-25,-0.0004029033333334188,0.00010322333333340731,1.3283333333333334e-05,9.599999999259851e-07,2.3370000000000005e-05,8.866666666666666e-07,2.073333333333044e-06,5.419666666666667e-05,0.00014350999999999999,1.622333333333334e-05,8.533333333333335e-07,0.07457117666666664,2.080666666666667e-05,1.541999999999996e-05,2.1439999999999998e-05,0.0,8.146666666666666e-06,1.351666666666667e-05,0.00035771000000007396,2.069000000000001e-05,0.9250154166666666
2026-05-26,-0.00034972000000005874,8.396000000005549e-05,1.382e-05,1.3274999999444888e-06,2.0875000000000006e-05,6.65e-07,1.882499999999783e-06,4.653e-05,0.00011312249999999999,1.5985000000000007e-05,9.400000000000001e-07,0.05593363749999998,1.6565e-05,1.4024999999999972e-05,1.6717499999999997e-05,0.0,6.934999999999999e-06,1.1217500000000002e-05,0.0002720025000000555,1.8020000000000007e-05,0.9437614925
2026-05-27,-0.00035674400000000785,8.218000000004437e-05,1.457e-05,2.335999999955591e-06,2.0866000000000007e-05,5.319999999999999e-07,1.8259999999998263e-06,4.7794e-05,0.000101388,1.622200000000001e-05,1.23e-06,0.04475831999999998,1.506e-05,1.2169999999999978e-05,1.3849999999999998e-05,0.0,6.8e-06,1.0586000000000002e-05,0.0002226140000000444,1.9046000000000004e-05,0.9550093539999999
2026-05-28,-0.00035674400000000785,8.218000000004437e-05,1.457e-05,2.335999999955591e-06,2.0866000000000007e-05,5.319999999999999e-07,1.8259999999998263e-06,4.7794e-05,0.000101388,1.622200000000001e-05,1.23e-06,0.04475831999999998,1.506e-05,1.2169999999999978e-05,1.3849999999999998e-05,0.0,6.8e-06,1.0586000000000002e-05,0.0002226140000000444,1.9046000000000004e-05,0.9550093539999999
2026-05-29,-0.00035674400000000785,8.218000000004437e-05,1.457e-05,2.335999999955591e-06,2.0866000000000007e-05,5.319999999999999e-07,1.8259999999998263e-06,4.7794e-05,0.000101388,1.622200000000001e-05,1.23e-06,0.04475831999999998,1.506e-05,1.2169999999999978e-05,1.3849999999999998e-05,0.0,6.8e-06,1.0586000000000002e-05,0.0002226140000000444,1.9046000000000004e-05,0.9550093539999999
2026-05-30,-0.00035674400000000785,8.218000000004437e-05,1.457e-05,2.335999999955591e-06,2.0866000000000007e-05,5.319999999999999e-07,1.8259999999998263e-06,4.7794e-05,0.000101388,1.622200000000001e-05,1.23e-06,0.04475831999999998,1.506e-05,1.2169999999999978e-05,1.3849999999999998e-05,0.0,6.8e-06,1.0586000000000002e-05,0.0002226140000000444,1.9046000000000004e-05,0.9550093539999999
2026-05-31,-0.00035674400000000785,8.218000000004437e-05,1.457e-05,2.335999999955591e-06,2.0866000000000007e-05,5.319999999999999e-07,1.8259999999998263e-06,4.7794e-05,0.000101388,1.622200000000001e-05,1.23e-06,0.04475831999999998,1.506e-05,1.2169999999999978e-05,1.3849999999999998e-05,0.0,6.8e-06,1.0586000000000002e-05,0.0002226140000000444,1.9046000000000004e-05,0.9550093539999999
2026-06-01,-0.00035674400000000785,8.218000000004437e-05,1.457e-05,2.335999999955591e-06,2.0866000000000007e-05,5.319999999999999e-07,1.8259999999998263e-06,4.7794e-05,0.000101388,1.622200000000001e-05,1.23e-06,0.04475831999999998,1.506e-05,1.2169999999999978e-05,1.3849999999999998e-05,0.0,6.8e-06,1.0586000000000002e-05,0.0002226140000000444,1.9046000000000004e-05,0.9550093539999999
2026-06-02,-0.00035674400000000785,8.218000000004437e-05,1.457e-05,2.335999999955591e-06,2.0866000000000007e-05,5.319999999999999e-07,1.8259999999998263e-06,4.7794e-05,0.000101388,1.622200000000001e-05,1.23e-06,0.04475831999999998,1.506e-05,1.2169999999999978e-05,1.3849999999999998e-05,0.0,6.8e-06,1.0586000000000002e-05,0.0002226140000000444,1.9046000000000004e-05,0.9550093539999999
2026-06-03,-0.00035674400000000785,8.218000000004437e-05,1.457e-05,2.335999999955591e-06,2.0866000000000007e-05,5.319999999999999e-07,1.8259999999998263e-06,4.7794e-05,0.000101388,1.622200000000001e-05,1.23e-06,0.04475831999999998,1.506e-05,1.2169999999999978e-05,1.3849999999999998e-05,0.0,6.8e-06,1.0586000000000002e-05,0.0002226140000000444,1.9046000000000004e-05,0.9550093539999999
2026-06-04,-0.00035674400000000785,8.218000000004437e-05,1.457e-05,2.335999999955591e-06,2.0866000000000007e-05,5.319999999999999e-07,1.8259999999998263e-06,4.7794e-05,0.000101388,1.622200000000001e-05,1.23e-06,0.04475831999999998,1.506e-05,1.2169999999999978e-05,1.3849999999999998e-05,0.0,6.8e-06,1.0586000000000002e-05,0.0002226140000000444,1.9046000000000004e-05,0.9550093539999999
2026-06-05,-0.00035674400000000785,8.218000000004437e-05,1.457e-05,2.335999999955591e-06,2.0866000000000007e-05,5.319999999999999e-07,1.8259999999998263e-06,4.7794e-05,0.000101388,1.622200000000001e-05,1.23e-06,0.04475831999999998,1.506e-05,1.2169999999999978e-05,1.3849999999999998e-05,0.0,6.8e-06,1.0586000000000002e-05,0.0002226140000000444,1.9046000000000004e-05,0.9550093539999999
2026-06-06,-0.00035674400000000785,8.218000000004437e-05,1.457e-05,2.335999999955591e-06,2.0866000000000007e-05,5.319999999999999e-07,1.8259999999998263e-06,4.7794e-05,0.000101388,1.622200000000001e-05,1.23e-06,0.04475831999999998,1.506e-05,1.2169999999999978e-05,1.3849999999999998e-05,0.0,6.8e-06,1.0586000000000002e-05,0.0002226140000000444,1.9046000000000004e-05,0.9550093539999999
2026-06-07,-0.00035674400000000785,8.218000000004437e-05,1.457e-05,2.335999999955591e-06,2.0866000000000007e-05,5.319999999999999e-07,1.8259999999998263e-06,4.7794e-05,0.000101388,1.622200000000001e-05,1.23e-06,0.04475831999999998,1.506e-05,1.2169999999999978e-05,1.3849999999999998e-05,0.0,6.8e-06,1.0586000000000002e-05,0.0002226140000000444,1.9046000000000004e-05,0.9550093539999999
2026-06-08,-0.00035674400000000785,8.218000000004437e-05,1.457e-05,2.335999999955591e-06,2.0866000000000007e-05,5.319999999999999e-07,1.8259999999998263e-06,4.7794e-05,0.000101388,1.622200000000001e-05,1.23e-06,0.04475831999999998,1.506e-05,1.2169999999999978e-05,1.3849999999999998e-05,0.0,6.8e-06,1.0586000000000002e-05,0.0002226140000000444,1.9046000000000004e-05,0.9550093539999999
2026-06-09,-0.00035674400000000785,8.218000000004437e-05,1.457e-05,2.335999999955591e-06,2.0866000000000007e-05,5.319999999999999e-07,1.8259999999998263e-06,4.7794e-05,0.000101388,1.622200000000001e-05,1.23e-06,0.04475831999999998,1.506e-05,1.2169999999999978e-05,1.3849999999999998e-05,0.0,6.8e-06,1.0586000000000002e-05,0.0002226140000000444,1.9046000000000004e-05,0.9550093539999999
2026-06-10,-0.0003985625000000132,9.405500000005549e-05,1.58575e-05,2.817499999944489e-06,2.265000000000001e-05,6.65e-07,2.049999999999783e-06,5.426e-05,0.00011968749999999999,1.8387500000000006e-05,1.4375000000000002e-06,0.05593945249999998,1.77225e-05,1.3399999999999973e-05,3.365e-06,0.0,7.6425e-06,1.0490000000000001e-05,3.1350000000055494e-05,2.1525000000000008e-05,0.9440217475
2026-06-11,-0.0004756666666666008,0.00012251666666674067,1.8266666666666666e-05,3.0633333332593188e-06,2.6610000000000018e-05,5.900000000000001e-07,2.6633333333330445e-06,6.571666666666667e-05,0.00014632666666666668,2.206333333333335e-05,1.196666666666667e-06,0.07457811333333332,2.3123333333333336e-05,1.4979999999999967e-05,4.080000000000001e-06,0.0,9.113333333333333e-06,1.2050000000000003e-05,3.705333333340733e-05,2.6190000000000012e-05,0.92536195
2026-06-12,-0.0004756666666666008,0.00012251666666674067,1.8266666666666666e-05,3.0633333332593188e-06,2.6610000000000018e-05,5.900000000000001e-07,2.6633333333330445e-06,6.571666666666667e-05,0.00014632666666666668,2.206333333333335e-05,1.196666666666667e-06,0.07457811333333332,2.3123333333333336e-05,1.4979999999999967e-05,4.080000000000001e-06,0.0,9.113333333333333e-06,1.2050000000000003e-05,3.705333333340733e-05,2.6190000000000012e-05,0.92536195
2026-06-13,-0.0004756666666666008,0.00012251666666674067,1.8266666666666666e-05,3.0633333332593188e-06,2.6610000000000018e-05,5.900000000000001e-07,2.6633333333330445e-06,6.571666666666667e-05,0.00014632666666666668,2.206333333333335e-05,1.196666666666667e-06,0.07457811333333332,2.3123333333333336e-05,1.4979999999999967e-05,4.080000000000001e-06,0.0,9.113333333333333e-06,1.2050000000000003e-05,3.705333333340733e-05,2.6190000000000012e-05,0.92536195
2026-06-14,-0.0004756666666666008,0.00012251666666674067,1.8266666666666666e-05,3.0633333332593188e-06,2.6610000000000018e-05,5.900000000000001e-07,2.6633333333330445e-06,6.571666666666667e-05,0.00014632666666666668,2.206333333333335e-05,1.196666666666667e-06,0.07457811333333332,2.3123333333333336e-05,1.4979999999999967e-05,4.080000000000001e-06,0.0,9.113333333333333e-06,1.2050000000000003e-05,3.705333333340733e-05,2.6190000000000012e-05,0.92536195
2026-06-15,-0.0004756666666666008,0.00012251666666674067,1.8266666666666666e-05,3.0633333332593188e-06,2.6610000000000018e-05,5.900000000000001e-07,2.6633333333330445e-06,6.571666666666667e-05,0.00014632666666666668,2.206333333333335e-05,1.196666666666667e-06,0.07457811333333332,2.3123333333333336e-05,1.4979999999999967e-05,4.080000000000001e-06,0.0,9.113333333333333e-06,1.2050000000000003e-05,3.705333333340733e-05,2.6190000000000012e-05,0.92536195
2026-06-16,-0.0004756666666666008,0.00012251666666674067,1.8266666666666666e-05,3.0633333332593188e-06,2.6610000000000018e-05,5.900000000000001e-07,2.6633333333330445e-06,6.571666666666667e-05,0.00014632666666666668,2.206333333333335e-05,1.196666666666667e-06,0.07457811333333332,2.3123333333333336e-05,1.4979999999999967e-05,4.080000000000001e-06,0.0,9.113333333333333e-06,1.2050000000000003e-05,3.705333333340733e-05,2.6190000000000012e-05,0.92536195
2026-06-17,-0.0002875049999998916,5.061500000011102e-05,1.65e-05,4.399999999888979e-06,1.711000000000001e-05,0.0,1.4549999999995664e-06,3.8190000000000005e-05,3.820499999999997e-05,1.622000000000001e-05,1.7950000000000002e-06,3.903499999994449e-05,6.4400000000000036e-06,7.294999999999949e-06,2.4650000000000005e-06,0.0,4.780000000000001e-06,6.190000000000002e-06,1.9970000000111026e-05,1.6580000000000007e-05,1.00000026
2026-06-18,-0.0002875049999998916,5.061500000011102e-05,1.65e-05,4.399999999888979e-06,1.711000000000001e-05,0.0,1.4549999999995664e-06,3.8190000000000005e-05,3.820499999999997e-05,1.622000000000001e-05,1.7950000000000002e-06,3.903499999994449e-05,6.4400000000000036e-06,7.294999999999949e-06,2.4650000000000005e-06,0.0,4.780000000000001e-06,6.190000000000002e-06,1.9970000000111026e-05,1.6580000000000007e-05,1.00000026
2026-06-19,-0.0002875049999998916,5.061500000011102e-05,1.65e-05,4.399999999888979e-06,1.711000000000001e-05,0.0,1.4549999999995664e-06,3.8190000000000005e-05,3.820499999999997e-05,1.622000000000001e-05,1.7950000000000002e-06,3.903499999994449e-05,6.4400000000000036e-06,7.294999999999949e-06,2.4650000000000005e-06,0.0,4.780000000000001e-06,6.190000000000002e-06,1.9970000000111026e-05,1.6580000000000007e-05,1.00000026
2026-06-20,-0.0002875049999998916,5.061500000011102e-05,1.65e-05,4.399999999888979e-06,1.711000000000001e-05,0.0,1.4549999999995664e-06,3.8190000000000005e-05,3.820499999999997e-05,1.622000000000001e-05,1.7950000000000002e-06,3.903499999994449e-05,6.4400000000000036e-06,7.294999999999949e-06,2.4650000000000005e-06,0.0,4.780000000000001e-06,6.190000000000002e-06,1.9970000000111026e-05,1.6580000000000007e-05,1.00000026
2026-06-21,-0.0002875049999998916,5.061500000011102e-05,1.65e-05,4.399999999888979e-06,1.711000000000001e-05,0.0,1.4549999999995664e-06,3.8190000000000005e-05,3.820499999999997e-05,1.622000000000001e-05,1.7950000000000002e-06,3.903499999994449e-05,6.4400000000000036e-06,7.294999999999949e-06,2.4650000000000005e-06,0.0,4.780000000000001e-06,6.190000000000002e-06,1.9970000000111026e-05,1.6580000000000007e-05,1.00000026
2026-06-22,-0.0002875049999998916,5.061500000011102e-05,1.65e-05,4.399999999888979e-06,1.711000000000001e-05,0.0,1.4549999999995664e-06,3.8190000000000005e-05,3.820499999999997e-05,1.622000000000001e-05,1.7950000000000002e-06,3.903499999994449e-05,6.4400000000000036e-06,7.294999999999949e-06,2.4650000000000005e-06,0.0,4.780000000000001e-06,6.190000000000002e-06,1.9970000000111026e-05,1.6580000000000007e-05,1.00000026
2026-06-23,-0.0003848399999998046,7.506000000022203e-05,1.757e-05,6.369999999777956e-06,2.0830000000000012e-05,0.0,1.5999999999991328e-06,5.285000000000001e-05,5.444999999999995e-05,1.7170000000000017e-05,2.3900000000000004e-06,5.7049999999888975e-05,9.040000000000007e-06,4.749999999999893e-06,2.380000000000001e-06,0.0,6.26e-06,8.060000000000004e-06,2.5060000000222045e-05,2.315000000000001e-05,1.0000007999999998
2026-06-24,,,,,,,,,,,,,,,,,,,,,
2026-06-25,,,,,,,,,,,,,,,,,,,,,
2026-06-26,,,,,,,,,,,,,,,,,,,,,
2026-06-27,,,,,,,,,,,,,,,,,,,,,
2026-06-28,,,,,,,,,,,,,,,,,,,,,
2026-06-29,,,,,,,,,,,,,,,,,,,,,
2026-06-30,,,,,,,,,,,,,,,,,,,,,
2026-07-01,,,,,,,,,,,,,,,,,,,,,
2026-07-02,,,,,,,,,,,,,,,,,,,,,
2026-07-03,,,,,,,,,,,,,,,,,,,,,
2026-07-04,,,,,,,,,,,,,,,,,,,,,
2026-07-05,,,,,,,,,,,,,,,,,,,,,
2026-07-06,,,,,,,,,,,,,,,,,,,,,
2026-07-07,,,,,,,,,,,,,,,,,,,,,
2026-07-08,,,,,,,,,,,,,,,,,,,,,
2026-07-09,,,,,,,,,,,,,,,,,,,,,
2026-07-10,,,,,,,,,,,,,,,,,,,,,
2026-07-11,,,,,,,,,,,,,,,,,,,,,
2026-07-12,,,,,,,,,,,,,,,,,,,,,
2026-07-13,,,,,,,,,,,,,,,,,,,,,
2026-07-14,-7.309999999911381e-06,3.7000000022204445e-07,2.9999999999999983e-07,0.0,0.0,0.0,0.0,7.873999999999995e-05,2.4999999999994567e-07,1.920000000000006e-06,0.0,5.999999998889774e-07,0.0,0.0,0.0,0.0,6.941999999999997e-05,0.0,0.9998551799999997,5.300000000000066e-07,0.0
2026-07-15,-7.309999999911381e-06,3.7000000022204445e-07,2.9999999999999983e-07,0.0,0.0,0.0,0.0,7.873999999999995e-05,2.4999999999994567e-07,1.920000000000006e-06,0.0,5.999999998889774e-07,0.0,0.0,0.0,0.0,6.941999999999997e-05,0.0,0.9998551799999997,5.300000000000066e-07,0.0
2026-07-16,-0.0001804449999999086,0.16389491500000017,5.550000000000004e-06,1.379999999888978e-06,1.1045000000000005e-05,0.0,1.2849999999995667e-06,5.465500000000002e-05,3.719499999999998e-05,6.095000000000007e-06,0.0,0.27999901,1.6000000000000344e-07,0.0003614600000000001,1.3000000000000003e-06,0.0,4.060500000000001e-05,0.0,0.5557521400000003,1.187000000000001e-05,1.779999999777956e-06
2026-07-17,-0.0001804449999999086,0.16389491500000017,5.550000000000004e-06,1.379999999888978e-06,1.1045000000000005e-05,0.0,1.2849999999995667e-06,5.465500000000002e-05,3.719499999999998e-05,6.095000000000007e-06,0.0,0.27999901,1.6000000000000344e-07,0.0003614600000000001,1.3000000000000003e-06,0.0,4.060500000000001e-05,0.0,0.5557521400000003,1.187000000000001e-05,1.779999999777956e-06
2026-07-18,-0.0001804449999999086,0.16389491500000017,5.550000000000004e-06,1.379999999888978e-06,1.1045000000000005e-05,0.0,1.2849999999995667e-06,5.465500000000002e-05,3.719499999999998e-05,6.095000000000007e-06,0.0,0.27999901,1.6000000000000344e-07,0.0003614600000000001,1.3000000000000003e-06,0.0,4.060500000000001e-05,0.0,0.5557521400000003,1.187000000000001e-05,1.779999999777956e-06
2026-07-19,-0.0001804449999999086,0.16389491500000017,5.550000000000004e-06,1.379999999888978e-06,1.1045000000000005e-05,0.0,1.2849999999995667e-06,5.465500000000002e-05,3.719499999999998e-05,6.095000000000007e-06,0.0,0.27999901,1.6000000000000344e-07,0.0003614600000000001,1.3000000000000003e-06,0.0,4.060500000000001e-05,0.0,0.5557521400000003,1.187000000000001e-05,1.779999999777956e-06
2026-07-20,-0.0001804449999999086,0.16389491500000017,5.550000000000004e-06,1.379999999888978e-06,1.1045000000000005e-05,0.0,1.2849999999995667e-06,5.465500000000002e-05,3.719499999999998e-05,6.095000000000007e-06,0.0,0.27999901,1.6000000000000344e-07,0.0003614600000000001,1.3000000000000003e-06,0.0,4.060500000000001e-05,0.0,0.5557521400000003,1.187000000000001e-05,1.779999999777956e-06
2026-07-21,-0.0001804449999999086,0.16389491500000017,5.550000000000004e-06,1.379999999888978e-06,1.1045000000000005e-05,0.0,1.2849999999995667e-06,5.465500000000002e-05,3.719499999999998e-05,6.095000000000007e-06,0.0,0.27999901,1.6000000000000344e-07,0.0003614600000000001,1.3000000000000003e-06,0.0,4.060500000000001e-05,0.0,0.5557521400000003,1.187000000000001e-05,1.779999999777956e-06
2026-07-22,-0.0001804449999999086,0.16389491500000017,5.550000000000004e-06,1.379999999888978e-06,1.1045000000000005e-05,0.0,1.2849999999995667e-06,5.465500000000002e-05,3.719499999999998e-05,6.095000000000007e-06,0.0,0.27999901,1.6000000000000344e-07,0.0003614600000000001,1.3000000000000003e-06,0.0,4.060500000000001e-05,0.0,0.5557521400000003,1.187000000000001e-05,1.779999999777956e-06
2026-07-23,-0.0001804449999999086,0.16389491500000017,5.550000000000004e-06,1.379999999888978e-06,1.1045000000000005e-05,0.0,1.2849999999995667e-06,5.465500000000002e-05,3.719499999999998e-05,6.095000000000007e-06,0.0,0.27999901,1.6000000000000344e-07,0.0003614600000000001,1.3000000000000003e-06,0.0,4.060500000000001e-05,0.0,0.5557521400000003,1.187000000000001e-05,1.779999999777956e-06
2026-07-24,-0.0001804449999999086,0.16389491500000017,5.550000000000004e-06,1.379999999888978e-06,1.1045000000000005e-05,0.0,1.2849999999995667e-06,5.465500000000002e-05,3.719499999999998e-05,6.095000000000007e-06,0.0,0.27999901,1.6000000000000344e-07,0.0003614600000000001,1.3000000000000003e-06,0.0,4.060500000000001e-05,0.0,0.5557521400000003,1.187000000000001e-05,1.779999999777956e-06
2026-07-25,-0.0001804449999999086,0.16389491500000017,5.550000000000004e-06,1.379999999888978e-06,1.1045000000000005e-05,0.0,1.2849999999995667e-06,5.465500000000002e-05,3.719499999999998e-05,6.095000000000007e-06,0.0,0.27999901,1.6000000000000344e-07,0.0003614600000000001,1.3000000000000003e-06,0.0,4.060500000000001e-05,0.0,0.5557521400000003,1.187000000000001e-05,1.779999999777956e-06
2026-07-26,-0.0001804449999999086,0.16389491500000017,5.550000000000004e-06,1.379999999888978e-06,1.1045000000000005e-05,0.0,1.2849999999995667e-06,5.465500000000002e-05,3.719499999999998e-05,6.095000000000007e-06,0.0,0.27999901,1.6000000000000344e-07,0.0003614600000000001,1.3000000000000003e-06,0.0,4.060500000000001e-05,0.0,0.5557521400000003,1.187000000000001e-05,1.779999999777956e-06
2026-07-27,-0.0001804449999999086,0.16389491500000017,5.550000000000004e-06,1.379999999888978e-06,1.1045000000000005e-05,0.0,1.2849999999995667e-06,5.465500000000002e-05,3.719499999999998e-05,6.095000000000007e-06,0.0,0.27999901,1.6000000000000344e-07,0.0003614600000000001,1.3000000000000003e-06,0.0,4.060500000000001e-05,0.0,0.5557521400000003,1.187000000000001e-05,1.779999999777956e-06
2026-07-28,-0.0001804449999999086,0.16389491500000017,5.550000000000004e-06,1.379999999888978e-06,1.1045000000000005e-05,0.0,1.2849999999995667e-06,5.465500000000002e-05,3.719499999999998e-05,6.095000000000007e-06,0.0,0.27999901,1.6000000000000344e-07,0.0003614600000000001,1.3000000000000003e-06,0.0,4.060500000000001e-05,0.0,0.5557521400000003,1.187000000000001e-05,1.779999999777956e-06
2026-07-29,-0.0001804449999999086,0.16389491500000017,5.550000000000004e-06,1.379999999888978e-06,1.1045000000000005e-05,0.0,1.2849999999995667e-06,5.465500000000002e-05,3.719499999999998e-05,6.095000000000007e-06,0.0,0.27999901,1.6000000000000344e-07,0.0003614600000000001,1.3000000000000003e-06,0.0,4.060500000000001e-05,0.0,0.5557521400000003,1.187000000000001e-05,1.779999999777956e-06
